ISO-10303-21;
HEADER;
FILE_DESCRIPTION (( 'STEP AP203' ),
    '1' );
FILE_NAME ('A1861_F.step',
    '2022-06-13T02:39:17',
    ( '' ),
    ( '' ),
    'SwSTEP 2.0',
    'SolidWorks 2020',
    '' );
FILE_SCHEMA (( 'CONFIG_CONTROL_DESIGN' ));
ENDSEC;

DATA;
#1 = DIRECTION ( 'NONE',  ( 0.000000000000000000, 0.000000000000000000, -1.000000000000000000 ) ) ;
#2 = CARTESIAN_POINT ( 'NONE',  ( 13.07735026918962795, 114.0000000000000000, -79.00000000000001421 ) ) ;
#3 = ORIENTED_EDGE ( 'NONE', *, *, #9847, .T. ) ;
#4 = DIRECTION ( 'NONE',  ( 0.000000000000000000, -1.000000000000000000, 0.000000000000000000 ) ) ;
#5 = ORIENTED_EDGE ( 'NONE', *, *, #11410, .T. ) ;
#6 = ORIENTED_EDGE ( 'NONE', *, *, #1157, .F. ) ;
#7 = CIRCLE ( 'NONE', #10070, 4.599999999999996092 ) ;
#8 = CARTESIAN_POINT ( 'NONE',  ( 27.03999999999999559, 154.8599999999999852, -69.99999999999998579 ) ) ;
#9 = ADVANCED_FACE ( 'NONE', ( #6717 ), #11826, .T. ) ;
#10 = CARTESIAN_POINT ( 'NONE',  ( 42.42640687119283882, -42.42640687119285303, 11.59999999999999254 ) ) ;
#11 = CARTESIAN_POINT ( 'NONE',  ( 45.50000000000012079, -45.49999999999998579, -48.80000000000003979 ) ) ;
#12 = CARTESIAN_POINT ( 'NONE',  ( -35.75089393306184604, 29.33956106112633222, 10.00000000000000000 ) ) ;
#13 = VECTOR ( 'NONE', #1171, 1000.000000000000000 ) ;
#14 = CARTESIAN_POINT ( 'NONE',  ( 19.90000000000000213, 114.0000000000000000, -65.50000000000000000 ) ) ;
#15 = EDGE_LOOP ( 'NONE', ( #8656, #11511 ) ) ;
#16 = CARTESIAN_POINT ( 'NONE',  ( 45.00000000000001421, -22.14000000000008583, 19.60000000000000497 ) ) ;
#17 = DIRECTION ( 'NONE',  ( -0.000000000000000000, -0.000000000000000000, -1.000000000000000000 ) ) ;
#18 = EDGE_LOOP ( 'NONE', ( #4048, #12747, #1387, #8388 ) ) ;
#19 = CYLINDRICAL_SURFACE ( 'NONE', #9249, 4.250000000000003553 ) ;
#20 = EDGE_LOOP ( 'NONE', ( #11713, #2199 ) ) ;
#21 = VERTEX_POINT ( 'NONE', #913 ) ;
#22 = EDGE_CURVE ( 'NONE', #6758, #5695, #2159, .T. ) ;
#23 = AXIS2_PLACEMENT_3D ( 'NONE', #1110, #9254, #10040 ) ;
#24 = CARTESIAN_POINT ( 'NONE',  ( -45.50000000000013500, -12.97039864322715452, 60.79326481154392781 ) ) ;
#25 = CARTESIAN_POINT ( 'NONE',  ( 0.000000000000000000, 114.0000000000000000, -16.50000000000000355 ) ) ;
#26 = EDGE_LOOP ( 'NONE', ( #689, #12057, #10456, #10917 ) ) ;
#27 = DIRECTION ( 'NONE',  ( 0.000000000000000000, 0.000000000000000000, -1.000000000000000000 ) ) ;
#28 = DIRECTION ( 'NONE',  ( -0.000000000000000000, -0.000000000000000000, 1.000000000000000000 ) ) ;
#29 = AXIS2_PLACEMENT_3D ( 'NONE', #7636, #9398, #400 ) ;
#30 = CIRCLE ( 'NONE', #7392, 7.499999999999985789 ) ;
#31 = ORIENTED_EDGE ( 'NONE', *, *, #10555, .T. ) ;
#32 = PLANE ( 'NONE',  #7917 ) ;
#33 = LINE ( 'NONE', #9110, #1929 ) ;
#34 = DIRECTION ( 'NONE',  ( -0.000000000000000000, -0.000000000000000000, 1.000000000000000000 ) ) ;
#35 = DIRECTION ( 'NONE',  ( 0.000000000000000000, 1.000000000000000000, 0.000000000000000000 ) ) ;
#36 = CARTESIAN_POINT ( 'NONE',  ( 0.000000000000000000, 114.0000000000000000, -0.4999999999999987232 ) ) ;
#37 = EDGE_CURVE ( 'NONE', #7768, #9528, #3681, .T. ) ;
#38 = ADVANCED_FACE ( 'NONE', ( #1906 ), #1718, .F. ) ;
#39 = CIRCLE ( 'NONE', #4027, 33.46499999999999631 ) ;
#40 = VECTOR ( 'NONE', #7375, 1000.000000000000000 ) ;
#41 = FACE_BOUND ( 'NONE', #10409, .T. ) ;
#42 = DIRECTION ( 'NONE',  ( 0.000000000000000000, 0.000000000000000000, -1.000000000000000000 ) ) ;
#43 = DIRECTION ( 'NONE',  ( -0.000000000000000000, -0.000000000000000000, 1.000000000000000000 ) ) ;
#44 = EDGE_LOOP ( 'NONE', ( #10556, #3028 ) ) ;
#45 = CYLINDRICAL_SURFACE ( 'NONE', #8046, 6.499999999999999112 ) ;
#46 = DIRECTION ( 'NONE',  ( 1.000000000000000000, 0.000000000000000000, 0.000000000000000000 ) ) ;
#47 = FACE_OUTER_BOUND ( 'NONE', #4965, .T. ) ;
#48 = AXIS2_PLACEMENT_3D ( 'NONE', #9707, #8924, #7017 ) ;
#49 = FACE_OUTER_BOUND ( 'NONE', #11547, .T. ) ;
#50 = DIRECTION ( 'NONE',  ( 0.000000000000000000, 1.000000000000000000, 0.000000000000000000 ) ) ;
#51 = ORIENTED_EDGE ( 'NONE', *, *, #6406, .T. ) ;
#52 = CARTESIAN_POINT ( 'NONE',  ( 0.000000000000000000, 114.0000000000000000, -69.99999999999998579 ) ) ;
#53 = EDGE_CURVE ( 'NONE', #3249, #124, #5735, .T. ) ;
#54 = CIRCLE ( 'NONE', #8464, 13.09999999999999964 ) ;
#55 = DIRECTION ( 'NONE',  ( 1.000000000000000000, 1.334402673828310381E-16, 0.000000000000000000 ) ) ;
#56 = VECTOR ( 'NONE', #12912, 1000.000000000000000 ) ;
#57 = CARTESIAN_POINT ( 'NONE',  ( 0.000000000000000000, 114.0000000000000000, -50.50000000000000000 ) ) ;
#58 = VERTEX_POINT ( 'NONE', #9848 ) ;
#59 = DIRECTION ( 'NONE',  ( 1.000000000000000000, 0.000000000000000000, 0.000000000000000000 ) ) ;
#60 = EDGE_CURVE ( 'NONE', #5295, #82, #4259, .T. ) ;
#61 = CARTESIAN_POINT ( 'NONE',  ( 33.46499999999999631, 114.0000000000000000, -14.50000000000000355 ) ) ;
#62 = EDGE_CURVE ( 'NONE', #11018, #6374, #5853, .T. ) ;
#63 = CONICAL_SURFACE ( 'NONE', #5328, 3.399999999999993250, 1.029744258676652757 ) ;
#64 = VERTEX_POINT ( 'NONE', #7758 ) ;
#65 = DIRECTION ( 'NONE',  ( -0.000000000000000000, -0.000000000000000000, 1.000000000000000000 ) ) ;
#66 = VECTOR ( 'NONE', #10435, 1000.000000000000000 ) ;
#67 = VERTEX_POINT ( 'NONE', #8735 ) ;
#68 = ORIENTED_EDGE ( 'NONE', *, *, #10080, .F. ) ;
#69 = AXIS2_PLACEMENT_3D ( 'NONE', #287, #6016, #4088 ) ;
#70 = DIRECTION ( 'NONE',  ( 0.000000000000000000, 0.000000000000000000, -1.000000000000000000 ) ) ;
#71 = CARTESIAN_POINT ( 'NONE',  ( 0.000000000000000000, 114.0000000000000000, -50.50000000000000000 ) ) ;
#72 = CYLINDRICAL_SURFACE ( 'NONE', #4342, 5.000000000000000888 ) ;
#73 = EDGE_CURVE ( 'NONE', #4643, #6443, #2365, .T. ) ;
#74 = CARTESIAN_POINT ( 'NONE',  ( -57.49999999999987210, 3.095943702778745088, 71.65295927675779808 ) ) ;
#75 = DIRECTION ( 'NONE',  ( 0.1358808089250767570, 0.9907251918498221066, 0.000000000000000000 ) ) ;
#76 = EDGE_CURVE ( 'NONE', #10944, #9074, #9083, .T. ) ;
#77 = ORIENTED_EDGE ( 'NONE', *, *, #10170, .F. ) ;
#78 = CARTESIAN_POINT ( 'NONE',  ( 35.92640687119283882, -42.42640687119285303, 11.59999999999999254 ) ) ;
#79 = DIRECTION ( 'NONE',  ( -0.1358808089250893303, 0.9907251918498203302, 0.000000000000000000 ) ) ;
#80 = VERTEX_POINT ( 'NONE', #7883 ) ;
#81 = DIRECTION ( 'NONE',  ( 0.000000000000000000, 0.000000000000000000, 1.000000000000000000 ) ) ;
#82 = VERTEX_POINT ( 'NONE', #785 ) ;
#83 = VERTEX_POINT ( 'NONE', #8804 ) ;
#84 = UNCERTAINTY_MEASURE_WITH_UNIT (LENGTH_MEASURE( 1.000000000000000082E-05 ), #11944, 'distance_accuracy_value', 'NONE');
#85 = EDGE_CURVE ( 'NONE', #5405, #1647, #9710, .T. ) ;
#86 = CARTESIAN_POINT ( 'NONE',  ( 22.39999999999999858, 114.0000000000000000, -50.32679491924312032 ) ) ;
#87 = VECTOR ( 'NONE', #10448, 1000.000000000000000 ) ;
#88 = CARTESIAN_POINT ( 'NONE',  ( -4.000000000000000888, 125.8427192823270104, -78.00000000000000000 ) ) ;
#89 = EDGE_LOOP ( 'NONE', ( #9041, #5223, #12472, #11236, #3823, #6020 ) ) ;
#90 = ORIENTED_EDGE ( 'NONE', *, *, #10260, .F. ) ;
#91 = EDGE_CURVE ( 'NONE', #8189, #9421, #12941, .T. ) ;
#92 = DIRECTION ( 'NONE',  ( 0.000000000000000000, 0.000000000000000000, 1.000000000000000000 ) ) ;
#93 = DIRECTION ( 'NONE',  ( -0.000000000000000000, -0.000000000000000000, 1.000000000000000000 ) ) ;
#94 = DIRECTION ( 'NONE',  ( 1.000000000000000000, 0.000000000000000000, 0.000000000000000000 ) ) ;
#95 = ADVANCED_FACE ( 'NONE', ( #3797, #7823 ), #5670, .T. ) ;
#96 = ORIENTED_EDGE ( 'NONE', *, *, #2988, .T. ) ;
#97 = ORIENTED_EDGE ( 'NONE', *, *, #6197, .F. ) ;
#98 = DIRECTION ( 'NONE',  ( 0.000000000000000000, -1.000000000000000000, 0.000000000000000000 ) ) ;
#99 = DIRECTION ( 'NONE',  ( 0.000000000000000000, 0.000000000000000000, -1.000000000000000000 ) ) ;
#100 = CARTESIAN_POINT ( 'NONE',  ( 28.43660512956202169, 156.0000000000000000, 11.49999999999999645 ) ) ;
#101 = DIRECTION ( 'NONE',  ( 0.000000000000000000, 0.000000000000000000, -1.000000000000000000 ) ) ;
#102 = EDGE_LOOP ( 'NONE', ( #11172, #12098, #3752, #708 ) ) ;
#103 = CARTESIAN_POINT ( 'NONE',  ( -59.00000000000000711, 11.91169948393971900, 53.42266149669486452 ) ) ;
#104 = FACE_OUTER_BOUND ( 'NONE', #9951, .T. ) ;
#105 = CARTESIAN_POINT ( 'NONE',  ( 0.000000000000000000, 114.0000000000000000, 0.5000000000000004441 ) ) ;
#106 = DIRECTION ( 'NONE',  ( -8.912340794009285204E-16, 1.000000000000000000, 0.000000000000000000 ) ) ;
#107 = DIRECTION ( 'NONE',  ( 0.000000000000000000, -1.000000000000000000, 0.000000000000000000 ) ) ;
#108 = FACE_OUTER_BOUND ( 'NONE', #3920, .T. ) ;
#109 = DIRECTION ( 'NONE',  ( 1.000000000000000000, 0.000000000000000000, 0.000000000000000000 ) ) ;
#110 = CARTESIAN_POINT ( 'NONE',  ( 51.99999999999995026, 61.99999999999999289, 11.50000000000001066 ) ) ;
#111 = DIRECTION ( 'NONE',  ( 1.273191542001326810E-16, 1.000000000000000000, -0.000000000000000000 ) ) ;
#112 = FACE_BOUND ( 'NONE', #10353, .T. ) ;
#113 = EDGE_CURVE ( 'NONE', #8474, #3185, #1116, .T. ) ;
#114 = EDGE_CURVE ( 'NONE', #6932, #2327, #4886, .T. ) ;
#115 = CIRCLE ( 'NONE', #8126, 6.800000000000000711 ) ;
#116 = CARTESIAN_POINT ( 'NONE',  ( 0.000000000000000000, 114.0000000000000000, -8.500000000000003553 ) ) ;
#117 = DIRECTION ( 'NONE',  ( -0.000000000000000000, -0.000000000000000000, -1.000000000000000000 ) ) ;
#118 = ORIENTED_EDGE ( 'NONE', *, *, #1593, .T. ) ;
#119 = ORIENTED_EDGE ( 'NONE', *, *, #5620, .F. ) ;
#120 = DIRECTION ( 'NONE',  ( 0.000000000000000000, 0.000000000000000000, -1.000000000000000000 ) ) ;
#121 = DIRECTION ( 'NONE',  ( 0.000000000000000000, 1.000000000000000000, 0.000000000000000000 ) ) ;
#122 = ADVANCED_FACE ( 'NONE', ( #11231 ), #5942, .T. ) ;
#123 = EDGE_CURVE ( 'NONE', #491, #3975, #9256, .T. ) ;
#124 = VERTEX_POINT ( 'NONE', #12023 ) ;
#125 = AXIS2_PLACEMENT_3D ( 'NONE', #12785, #7792, #4815 ) ;
#126 = CARTESIAN_POINT ( 'NONE',  ( 4.000000000000000888, 126.2483178343364898, 10.16645222167148610 ) ) ;
#127 = ORIENTED_EDGE ( 'NONE', *, *, #472, .T. ) ;
#128 = EDGE_LOOP ( 'NONE', ( #12446, #8179, #2960, #6430 ) ) ;
#129 = AXIS2_PLACEMENT_3D ( 'NONE', #7446, #9536, #539 ) ;
#130 = CARTESIAN_POINT ( 'NONE',  ( 0.000000000000000000, 114.0000000000000000, -21.09556051177057867 ) ) ;
#131 = PRODUCT_DEFINITION ( 'UNKNOWN', '', #7774, #7727 ) ;
#132 = CARTESIAN_POINT ( 'NONE',  ( 22.14000000000007162, 45.00000000000001421, 53.29999999999998295 ) ) ;
#133 = ADVANCED_FACE ( 'NONE', ( #7094, #11097 ), #4257, .T. ) ;
#134 = CARTESIAN_POINT ( 'NONE',  ( 33.46499999999999631, 114.0000000000000000, -12.23237503977025575 ) ) ;
#135 = AXIS2_PLACEMENT_3D ( 'NONE', #1675, #10925, #7841 ) ;
#136 = AXIS2_PLACEMENT_3D ( 'NONE', #2894, #5938, #614 ) ;
#137 = CARTESIAN_POINT ( 'NONE',  ( 0.000000000000000000, 114.0000000000000000, -0.4999999999999900080 ) ) ;
#138 = CYLINDRICAL_SURFACE ( 'NONE', #2292, 6.800000000000000711 ) ;
#139 = VERTEX_POINT ( 'NONE', #7029 ) ;
#140 = PLANE ( 'NONE',  #6910 ) ;
#141 = CARTESIAN_POINT ( 'NONE',  ( -45.50000000000008527, 12.27851844886862231, 63.27892172405633175 ) ) ;
#142 = ORIENTED_EDGE ( 'NONE', *, *, #11735, .T. ) ;
#143 = FACE_OUTER_BOUND ( 'NONE', #10634, .T. ) ;
#144 = CIRCLE ( 'NONE', #4128, 1.249999999999997558 ) ;
#145 = AXIS2_PLACEMENT_3D ( 'NONE', #3699, #7720, #11463 ) ;
#146 = CIRCLE ( 'NONE', #1211, 12.69999999999999929 ) ;
#147 = EDGE_CURVE ( 'NONE', #8389, #4039, #4043, .T. ) ;
#148 = DIRECTION ( 'NONE',  ( 0.000000000000000000, -1.000000000000000000, 0.000000000000000000 ) ) ;
#149 = EDGE_CURVE ( 'NONE', #11750, #3075, #1954, .T. ) ;
#150 = ORIENTED_EDGE ( 'NONE', *, *, #6787, .T. ) ;
#151 = LINE ( 'NONE', #1150, #12309 ) ;
#152 = ORIENTED_EDGE ( 'NONE', *, *, #880, .F. ) ;
#153 = VERTEX_POINT ( 'NONE', #5255 ) ;
#154 = DIRECTION ( 'NONE',  ( 0.000000000000000000, 0.000000000000000000, 1.000000000000000000 ) ) ;
#155 = CIRCLE ( 'NONE', #1640, 12.50000000000000000 ) ;
#156 = CARTESIAN_POINT ( 'NONE',  ( -45.50000000000007816, 44.99999999999998579, 0.000000000000000000 ) ) ;
#157 = EDGE_CURVE ( 'NONE', #2671, #2297, #54, .T. ) ;
#158 = ORIENTED_EDGE ( 'NONE', *, *, #7886, .F. ) ;
#159 = CARTESIAN_POINT ( 'NONE',  ( -45.00000000000000711, 45.00000000000000000, 73.39999999999997726 ) ) ;
#160 = VERTEX_POINT ( 'NONE', #3014 ) ;
#161 = VERTEX_POINT ( 'NONE', #5054 ) ;
#162 = CARTESIAN_POINT ( 'NONE',  ( 0.000000000000000000, 114.0000000000000000, 14.20569654897112244 ) ) ;
#163 = ORIENTED_EDGE ( 'NONE', *, *, #4817, .F. ) ;
#164 = DIRECTION ( 'NONE',  ( 0.000000000000000000, 0.000000000000000000, -1.000000000000000000 ) ) ;
#165 = DIRECTION ( 'NONE',  ( 0.000000000000000000, 0.000000000000000000, -1.000000000000000000 ) ) ;
#166 = VERTEX_POINT ( 'NONE', #2032 ) ;
#167 = CARTESIAN_POINT ( 'NONE',  ( -51.49999999999988631, 12.75761020543050073, 63.43552400136159974 ) ) ;
#168 = ADVANCED_FACE ( 'NONE', ( #2155 ), #12276, .T. ) ;
#169 = DIRECTION ( 'NONE',  ( 0.000000000000000000, 0.000000000000000000, -1.000000000000000000 ) ) ;
#170 = EDGE_CURVE ( 'NONE', #1701, #8945, #11187, .T. ) ;
#171 = CIRCLE ( 'NONE', #2060, 6.499999999999999112 ) ;
#172 = TOROIDAL_SURFACE ( 'NONE', #802, 36.50000000000000711, 0.9999999999999887867 ) ;
#173 = DIRECTION ( 'NONE',  ( -0.000000000000000000, -0.000000000000000000, 1.000000000000000000 ) ) ;
#174 = LINE ( 'NONE', #9374, #3640 ) ;
#175 = ORIENTED_EDGE ( 'NONE', *, *, #2369, .F. ) ;
#176 = DIRECTION ( 'NONE',  ( -1.000000000000000000, 6.672013369141565463E-17, 0.000000000000000000 ) ) ;
#177 = DIRECTION ( 'NONE',  ( 1.541976423090494894E-16, 0.000000000000000000, -1.000000000000000000 ) ) ;
#178 = DIRECTION ( 'NONE',  ( -0.000000000000000000, -0.000000000000000000, 1.000000000000000000 ) ) ;
#179 = ORIENTED_EDGE ( 'NONE', *, *, #8502, .F. ) ;
#180 = DIRECTION ( 'NONE',  ( 0.1358808089250893303, -0.9907251918498203302, 0.000000000000000000 ) ) ;
#181 = ORIENTED_EDGE ( 'NONE', *, *, #2458, .F. ) ;
#182 = CIRCLE ( 'NONE', #6065, 34.50000000000000000 ) ;
#183 = CIRCLE ( 'NONE', #5230, 9.500000000000001776 ) ;
#184 = CARTESIAN_POINT ( 'NONE',  ( -45.50000000000007816, 44.99999999999998579, -1.000000000000000000 ) ) ;
#185 = VECTOR ( 'NONE', #9088, 1000.000000000000000 ) ;
#186 = EDGE_CURVE ( 'NONE', #3663, #11866, #6106, .T. ) ;
#187 = CARTESIAN_POINT ( 'NONE',  ( -35.92640687119284593, 42.42640687119283172, 19.59999999999999076 ) ) ;
#188 = CARTESIAN_POINT ( 'NONE',  ( 28.43660512957058017, 161.0000000000013642, 6.499999999999996447 ) ) ;
#189 = ORIENTED_EDGE ( 'NONE', *, *, #8429, .F. ) ;
#190 = ORIENTED_EDGE ( 'NONE', *, *, #584, .T. ) ;
#191 = CIRCLE ( 'NONE', #7552, 4.250000000000003553 ) ;
#192 = CARTESIAN_POINT ( 'NONE',  ( -43.43176079638895715, 71.61880906670245395, 6.499999999999996447 ) ) ;
#193 = CARTESIAN_POINT ( 'NONE',  ( 0.000000000000000000, 114.0000000000000000, -49.50000000000000000 ) ) ;
#194 = ORIENTED_EDGE ( 'NONE', *, *, #8599, .T. ) ;
#195 = DIRECTION ( 'NONE',  ( -0.8571673007021114454, 0.000000000000000000, -0.5150380749100555988 ) ) ;
#196 = VERTEX_POINT ( 'NONE', #1113 ) ;
#197 = ORIENTED_EDGE ( 'NONE', *, *, #8493, .F. ) ;
#198 = DIRECTION ( 'NONE',  ( -0.000000000000000000, -0.000000000000000000, 1.000000000000000000 ) ) ;
#199 = DIRECTION ( 'NONE',  ( 0.000000000000000000, -1.000000000000000000, 0.000000000000000000 ) ) ;
#200 = VECTOR ( 'NONE', #12888, 1000.000000000000000 ) ;
#201 = VECTOR ( 'NONE', #12138, 1000.000000000000000 ) ;
#202 = AXIS2_PLACEMENT_3D ( 'NONE', #5868, #9861, #8025 ) ;
#203 = DIRECTION ( 'NONE',  ( 0.000000000000000000, 1.000000000000000000, 0.000000000000000000 ) ) ;
#204 = EDGE_CURVE ( 'NONE', #858, #6317, #11827, .T. ) ;
#205 = CARTESIAN_POINT ( 'NONE',  ( 28.87693130457876478, 39.12398950069061243, 10.00000000000000000 ) ) ;
#206 = DIRECTION ( 'NONE',  ( -1.000000000000000000, 0.000000000000000000, 0.000000000000000000 ) ) ;
#207 = DIRECTION ( 'NONE',  ( 0.000000000000000000, 0.000000000000000000, -1.000000000000000000 ) ) ;
#208 = VERTEX_POINT ( 'NONE', #9122 ) ;
#209 = DIRECTION ( 'NONE',  ( 1.000000000000000000, 0.000000000000000000, -0.000000000000000000 ) ) ;
#210 = CARTESIAN_POINT ( 'NONE',  ( -45.50000000000005684, 3.071098767656429196, 71.55450692620712516 ) ) ;
#211 = EDGE_CURVE ( 'NONE', #2327, #9621, #977, .T. ) ;
#212 = VERTEX_POINT ( 'NONE', #3996 ) ;
#213 = LINE ( 'NONE', #5215, #2876 ) ;
#214 = ORIENTED_EDGE ( 'NONE', *, *, #12983, .F. ) ;
#215 = CIRCLE ( 'NONE', #3627, 7.499999999999985789 ) ;
#216 = FACE_BOUND ( 'NONE', #6132, .T. ) ;
#217 = EDGE_LOOP ( 'NONE', ( #1923, #12988, #5507, #10059 ) ) ;
#218 = FACE_OUTER_BOUND ( 'NONE', #89, .T. ) ;
#219 = AXIS2_PLACEMENT_3D ( 'NONE', #12341, #6304, #4059 ) ;
#220 = AXIS2_PLACEMENT_3D ( 'NONE', #8765, #7594, #11853 ) ;
#221 = VERTEX_POINT ( 'NONE', #12147 ) ;
#222 = CARTESIAN_POINT ( 'NONE',  ( -51.49999999999998579, -11.44173849835792822, 50.60797718660820976 ) ) ;
#223 = PLANE ( 'NONE',  #5863 ) ;
#225 = ORIENTED_EDGE ( 'NONE', *, *, #7376, .F. ) ;
#224 = EDGE_CURVE ( 'NONE', #8003, #5021, #3144, .T. ) ;
#226 = ORIENTED_EDGE ( 'NONE', *, *, #2444, .F. ) ;
#227 = PLANE ( 'NONE',  #6857 ) ;
#228 = EDGE_CURVE ( 'NONE', #1057, #3307, #5549, .T. ) ;
#229 = EDGE_CURVE ( 'NONE', #10075, #12063, #8203, .T. ) ;
#230 = ORIENTED_EDGE ( 'NONE', *, *, #4483, .T. ) ;
#231 = ORIENTED_EDGE ( 'NONE', *, *, #91, .T. ) ;
#232 = DIRECTION ( 'NONE',  ( -0.000000000000000000, -0.000000000000000000, 1.000000000000000000 ) ) ;
#233 = AXIS2_PLACEMENT_3D ( 'NONE', #4315, #7221, #3207 ) ;
#234 = EDGE_LOOP ( 'NONE', ( #7210, #3665 ) ) ;
#235 = LINE ( 'NONE', #7341, #11382 ) ;
#236 = DIRECTION ( 'NONE',  ( -1.000000000000000000, 0.000000000000000000, 0.000000000000000000 ) ) ;
#237 = VERTEX_POINT ( 'NONE', #5388 ) ;
#238 = DIRECTION ( 'NONE',  ( 0.000000000000000000, 0.000000000000000000, -1.000000000000000000 ) ) ;
#239 = DIRECTION ( 'NONE',  ( -1.000000000000000000, 0.000000000000000000, 0.000000000000000000 ) ) ;
#240 = ORIENTED_EDGE ( 'NONE', *, *, #1390, .T. ) ;
#241 = AXIS2_PLACEMENT_3D ( 'NONE', #6114, #10116, #9189 ) ;
#242 = CARTESIAN_POINT ( 'NONE',  ( -28.87693130457883939, 39.12398950069048453, 19.59999999999999076 ) ) ;
#243 = DIRECTION ( 'NONE',  ( 0.000000000000000000, 0.000000000000000000, -1.000000000000000000 ) ) ;
#244 = DIRECTION ( 'NONE',  ( -0.000000000000000000, -0.000000000000000000, 1.000000000000000000 ) ) ;
#245 = ORIENTED_EDGE ( 'NONE', *, *, #6656, .T. ) ;
#246 = FACE_OUTER_BOUND ( 'NONE', #4329, .T. ) ;
#247 = EDGE_CURVE ( 'NONE', #11431, #1885, #4517, .T. ) ;
#248 = CARTESIAN_POINT ( 'NONE',  ( 45.50000000000004974, 44.99999999999998579, 0.000000000000000000 ) ) ;
#249 = PLANE ( 'NONE',  #219 ) ;
#250 = EDGE_CURVE ( 'NONE', #5662, #294, #2479, .T. ) ;
#251 = DIRECTION ( 'NONE',  ( -1.000000000000000000, 0.000000000000000000, 0.000000000000000000 ) ) ;
#252 = VECTOR ( 'NONE', #2139, 1000.000000000000000 ) ;
#253 = VECTOR ( 'NONE', #5793, 1000.000000000000000 ) ;
#254 = EDGE_LOOP ( 'NONE', ( #9647, #8340, #3387, #8817 ) ) ;
#255 = PLANE ( 'NONE',  #6580 ) ;
#256 = ORIENTED_EDGE ( 'NONE', *, *, #4477, .F. ) ;
#257 = FACE_BOUND ( 'NONE', #6499, .T. ) ;
#258 = CARTESIAN_POINT ( 'NONE',  ( 28.28999999999999915, 73.14000000000001478, 6.499999999999996447 ) ) ;
#259 = EDGE_LOOP ( 'NONE', ( #7475, #8299, #12262, #10068 ) ) ;
#260 = ORIENTED_EDGE ( 'NONE', *, *, #10983, .F. ) ;
#261 = CIRCLE ( 'NONE', #1939, 12.69999999999999929 ) ;
#262 = FACE_BOUND ( 'NONE', #8980, .T. ) ;
#263 = DIRECTION ( 'NONE',  ( -4.383625018638762535E-16, 1.000000000000000000, 0.000000000000000000 ) ) ;
#264 = EDGE_CURVE ( 'NONE', #3527, #952, #8408, .T. ) ;
#265 = ORIENTED_EDGE ( 'NONE', *, *, #8216, .F. ) ;
#266 = DIRECTION ( 'NONE',  ( -0.000000000000000000, -0.000000000000000000, -1.000000000000000000 ) ) ;
#267 = EDGE_LOOP ( 'NONE', ( #818, #1078, #1347, #10471, #12214, #1209, #12417, #5363 ) ) ;
#268 = ORIENTED_EDGE ( 'NONE', *, *, #8615, .F. ) ;
#269 = VECTOR ( 'NONE', #11957, 1000.000000000000000 ) ;
#270 = CARTESIAN_POINT ( 'NONE',  ( 39.12398950069061243, -28.87693130457877189, 112.0000000000000000 ) ) ;
#271 = CARTESIAN_POINT ( 'NONE',  ( -42.42640687119281040, -42.42640687119281040, 0.000000000000000000 ) ) ;
#272 = AXIS2_PLACEMENT_3D ( 'NONE', #3785, #12996, #8786 ) ;
#273 = DIRECTION ( 'NONE',  ( -0.000000000000000000, -1.000000000000000000, -0.000000000000000000 ) ) ;
#274 = DIRECTION ( 'NONE',  ( -0.000000000000000000, -0.000000000000000000, 1.000000000000000000 ) ) ;
#275 = CYLINDRICAL_SURFACE ( 'NONE', #1467, 26.75000000000000000 ) ;
#276 = DIRECTION ( 'NONE',  ( -0.5000000000000078826, 0.000000000000000000, -0.8660254037844340447 ) ) ;
#277 = CIRCLE ( 'NONE', #1128, 13.09999999999999964 ) ;
#278 = AXIS2_PLACEMENT_3D ( 'NONE', #693, #881, #4691 ) ;
#279 = ORIENTED_EDGE ( 'NONE', *, *, #5048, .T. ) ;
#280 = FACE_OUTER_BOUND ( 'NONE', #8747, .T. ) ;
#281 = CARTESIAN_POINT ( 'NONE',  ( -51.50000000000009237, -12.75761020543049362, 63.43552400136142921 ) ) ;
#282 = ADVANCED_FACE ( 'NONE', ( #7486 ), #9514, .T. ) ;
#283 = VERTEX_POINT ( 'NONE', #7356 ) ;
#284 = CARTESIAN_POINT ( 'NONE',  ( -51.50000000000000711, -6.301806461634192225, 39.29999999999998295 ) ) ;
#285 = ORIENTED_EDGE ( 'NONE', *, *, #717, .F. ) ;
#286 = AXIS2_PLACEMENT_3D ( 'NONE', #3601, #8660, #7743 ) ;
#287 = CARTESIAN_POINT ( 'NONE',  ( -42.42640687119307330, 71.57359312880737434, -72.00000000000001421 ) ) ;
#288 = AXIS2_PLACEMENT_3D ( 'NONE', #9649, #2810, #11821 ) ;
#289 = CARTESIAN_POINT ( 'NONE',  ( 37.49999999999999289, 114.0000000000000000, -64.50000000000000000 ) ) ;
#290 = AXIS2_PLACEMENT_3D ( 'NONE', #9117, #4111, #8128 ) ;
#291 = EDGE_LOOP ( 'NONE', ( #3523, #1985, #1236, #7579 ) ) ;
#292 = CARTESIAN_POINT ( 'NONE',  ( 27.03999999999999559, 154.8599999999999852, -61.49999999999999289 ) ) ;
#293 = CARTESIAN_POINT ( 'NONE',  ( 0.000000000000000000, 114.0000000000000000, -49.50000000000000711 ) ) ;
#294 = VERTEX_POINT ( 'NONE', #2349 ) ;
#295 = CARTESIAN_POINT ( 'NONE',  ( 42.42640687119285303, 42.42640687119286724, 10.00000000000000000 ) ) ;
#296 = EDGE_CURVE ( 'NONE', #221, #2633, #11198, .T. ) ;
#297 = ORIENTED_EDGE ( 'NONE', *, *, #7613, .T. ) ;
#298 = DIRECTION ( 'NONE',  ( 1.000000000000000000, 0.000000000000000000, 0.000000000000000000 ) ) ;
#299 = ORIENTED_EDGE ( 'NONE', *, *, #5086, .T. ) ;
#300 = LINE ( 'NONE', #364, #5926 ) ;
#301 = DIRECTION ( 'NONE',  ( 0.000000000000000000, 1.000000000000000000, 0.000000000000000000 ) ) ;
#302 = CARTESIAN_POINT ( 'NONE',  ( -51.50000000000000711, 12.37139580705811603, 53.22051328909001455 ) ) ;
#303 = CARTESIAN_POINT ( 'NONE',  ( 21.00000000000000355, 114.0000000000000000, 8.500000000000010658 ) ) ;
#304 = EDGE_CURVE ( 'NONE', #5016, #6019, #7635, .T. ) ;
#305 = ADVANCED_FACE ( 'NONE', ( #11495 ), #4677, .F. ) ;
#306 = ORIENTED_EDGE ( 'NONE', *, *, #793, .T. ) ;
#307 = DIRECTION ( 'NONE',  ( -0.000000000000000000, -0.000000000000000000, 1.000000000000000000 ) ) ;
#308 = DIRECTION ( 'NONE',  ( -0.000000000000000000, -0.000000000000000000, 1.000000000000000000 ) ) ;
#309 = CARTESIAN_POINT ( 'NONE',  ( -52.00000000000005684, 159.4999999999999716, -313.5367466867102166 ) ) ;
#310 = DIRECTION ( 'NONE',  ( 0.000000000000000000, 0.000000000000000000, 1.000000000000000000 ) ) ;
#311 = ADVANCED_FACE ( 'NONE', ( #8338 ), #12411, .F. ) ;
#312 = DIRECTION ( 'NONE',  ( 1.000000000000000000, 0.000000000000000000, 0.000000000000000000 ) ) ;
#313 = LINE ( 'NONE', #8134, #10927 ) ;
#314 = DIRECTION ( 'NONE',  ( 1.000000000000000000, 0.000000000000000000, 0.000000000000000000 ) ) ;
#315 = ORIENTED_EDGE ( 'NONE', *, *, #3552, .T. ) ;
#316 = DIRECTION ( 'NONE',  ( 0.000000000000000000, 0.000000000000000000, -1.000000000000000000 ) ) ;
#317 = EDGE_CURVE ( 'NONE', #6693, #3663, #4454, .T. ) ;
#318 = VERTEX_POINT ( 'NONE', #7550 ) ;
#319 = EDGE_CURVE ( 'NONE', #2316, #4848, #8892, .T. ) ;
#320 = PLANE ( 'NONE',  #12548 ) ;
#321 = DIRECTION ( 'NONE',  ( 0.000000000000000000, -0.000000000000000000, 1.000000000000000000 ) ) ;
#322 = VERTEX_POINT ( 'NONE', #10379 ) ;
#323 = DIRECTION ( 'NONE',  ( 1.000000000000000000, 0.000000000000000000, 0.000000000000000000 ) ) ;
#324 = AXIS2_PLACEMENT_3D ( 'NONE', #12632, #3629, #3366 ) ;
#325 = DIRECTION ( 'NONE',  ( -0.000000000000000000, -0.000000000000000000, -1.000000000000000000 ) ) ;
#326 = ORIENTED_EDGE ( 'NONE', *, *, #9255, .T. ) ;
#327 = DIRECTION ( 'NONE',  ( 0.000000000000000000, 0.000000000000000000, 1.000000000000000000 ) ) ;
#328 = ORIENTED_EDGE ( 'NONE', *, *, #4871, .T. ) ;
#329 = ORIENTED_EDGE ( 'NONE', *, *, #2340, .F. ) ;
#330 = PLANE ( 'NONE',  #3593 ) ;
#331 = CARTESIAN_POINT ( 'NONE',  ( -20.00000000000000000, 114.0000000000000000, -74.50000000000000000 ) ) ;
#332 = TOROIDAL_SURFACE ( 'NONE', #2637, 30.77624999999999744, 4.499999999999997335 ) ;
#333 = CARTESIAN_POINT ( 'NONE',  ( 42.42640687119276777, -42.42640687119292409, -1.102182119232617788E-16 ) ) ;
#334 = EDGE_CURVE ( 'NONE', #4711, #3944, #1383, .T. ) ;
#335 = CARTESIAN_POINT ( 'NONE',  ( 0.000000000000000000, 114.0000000000000000, -57.50000000000000000 ) ) ;
#336 = CARTESIAN_POINT ( 'NONE',  ( -44.99999999999998579, -22.14000000000005386, 112.0000000000000000 ) ) ;
#337 = AXIS2_PLACEMENT_3D ( 'NONE', #12976, #6018, #883 ) ;
#338 = LINE ( 'NONE', #2986, #7271 ) ;
#339 = CARTESIAN_POINT ( 'NONE',  ( 38.20000000000000995, -22.13999999999998636, 112.0000000000000000 ) ) ;
#340 = VERTEX_POINT ( 'NONE', #6436 ) ;
#341 = DIRECTION ( 'NONE',  ( 1.000000000000000000, 0.000000000000000000, 0.000000000000000000 ) ) ;
#342 = CARTESIAN_POINT ( 'NONE',  ( -39.12398950069049874, -28.87693130457884649, 19.59999999999999076 ) ) ;
#343 = ORIENTED_EDGE ( 'NONE', *, *, #427, .T. ) ;
#344 = DIRECTION ( 'NONE',  ( 0.000000000000000000, 0.000000000000000000, -1.000000000000000000 ) ) ;
#345 = ORIENTED_EDGE ( 'NONE', *, *, #11924, .T. ) ;
#346 = VECTOR ( 'NONE', #2770, 1000.000000000000000 ) ;
#347 = AXIS2_PLACEMENT_3D ( 'NONE', #482, #8503, #10610 ) ;
#348 = DIRECTION ( 'NONE',  ( -0.7071067811865463515, 8.659560562354918067E-17, 0.7071067811865487940 ) ) ;
#349 = EDGE_CURVE ( 'NONE', #10392, #1413, #703, .T. ) ;
#350 = CARTESIAN_POINT ( 'NONE',  ( -26.75000000000000000, 114.0000000000000000, -21.09556051177057867 ) ) ;
#351 = ORIENTED_EDGE ( 'NONE', *, *, #2202, .T. ) ;
#352 = DIRECTION ( 'NONE',  ( 1.000000000000000000, 0.000000000000000000, 0.000000000000000000 ) ) ;
#353 = LINE ( 'NONE', #5429, #6494 ) ;
#354 = VECTOR ( 'NONE', #5139, 1000.000000000000000 ) ;
#355 = ORIENTED_EDGE ( 'NONE', *, *, #6406, .F. ) ;
#356 = DIRECTION ( 'NONE',  ( 0.000000000000000000, 0.000000000000000000, 1.000000000000000000 ) ) ;
#357 = AXIS2_PLACEMENT_3D ( 'NONE', #5754, #3820, #8032 ) ;
#358 = TOROIDAL_SURFACE ( 'NONE', #10653, 30.77624999999999744, 4.599999999999995204 ) ;
#359 = ORIENTED_EDGE ( 'NONE', *, *, #2807, .T. ) ;
#360 = ORIENTED_EDGE ( 'NONE', *, *, #7089, .F. ) ;
#361 = FACE_OUTER_BOUND ( 'NONE', #2796, .T. ) ;
#362 = VERTEX_POINT ( 'NONE', #4386 ) ;
#363 = AXIS2_PLACEMENT_3D ( 'NONE', #12068, #2135, #7200 ) ;
#364 = CARTESIAN_POINT ( 'NONE',  ( -26.75000000000000355, 114.0000000000000000, -44.90443948822942843 ) ) ;
#365 = CARTESIAN_POINT ( 'NONE',  ( 0.000000000000000000, 114.0000000000000000, -57.50000000000000000 ) ) ;
#366 = CARTESIAN_POINT ( 'NONE',  ( -12.50000000000000000, 114.0000000000000000, 14.20569654897112244 ) ) ;
#367 = AXIS2_PLACEMENT_3D ( 'NONE', #10909, #5923, #9915 ) ;
#368 = DIRECTION ( 'NONE',  ( 0.000000000000000000, 0.000000000000000000, -1.000000000000000000 ) ) ;
#369 = EDGE_CURVE ( 'NONE', #9190, #12389, #4271, .T. ) ;
#370 = EDGE_LOOP ( 'NONE', ( #12977, #3631, #1920, #12395 ) ) ;
#371 = DIRECTION ( 'NONE',  ( -1.273191542001326810E-16, -1.000000000000000000, 0.000000000000000000 ) ) ;
#372 = DIRECTION ( 'NONE',  ( 0.000000000000000000, 0.000000000000000000, -1.000000000000000000 ) ) ;
#373 = ORIENTED_EDGE ( 'NONE', *, *, #10716, .T. ) ;
#374 = DIRECTION ( 'NONE',  ( -0.000000000000000000, -0.000000000000000000, 1.000000000000000000 ) ) ;
#375 = CARTESIAN_POINT ( 'NONE',  ( 52.00000000000002132, 52.00000000000002842, 0.000000000000000000 ) ) ;
#376 = DIRECTION ( 'NONE',  ( 0.000000000000000000, 0.000000000000000000, -1.000000000000000000 ) ) ;
#377 = DIRECTION ( 'NONE',  ( 0.000000000000000000, 0.000000000000000000, 1.000000000000000000 ) ) ;
#378 = ADVANCED_FACE ( 'NONE', ( #10511 ), #63, .F. ) ;
#379 = ADVANCED_FACE ( 'NONE', ( #6569 ), #6160, .T. ) ;
#380 = VERTEX_POINT ( 'NONE', #12607 ) ;
#381 = CARTESIAN_POINT ( 'NONE',  ( 0.000000000000000000, 114.0000000000000000, -65.50000000000000000 ) ) ;
#382 = CARTESIAN_POINT ( 'NONE',  ( -57.49999999999997868, 0.000000000000000000, 46.70192378864662430 ) ) ;
#383 = EDGE_LOOP ( 'NONE', ( #6122, #4151, #4469, #780 ) ) ;
#384 = ADVANCED_FACE ( 'NONE', ( #10303 ), #1315, .T. ) ;
#385 = CIRCLE ( 'NONE', #5217, 47.00000000000000000 ) ;
#386 = EDGE_CURVE ( 'NONE', #80, #7281, #12866, .T. ) ;
#387 = CYLINDRICAL_SURFACE ( 'NONE', #9592, 6.499999999999999112 ) ;
#388 = DIRECTION ( 'NONE',  ( 0.000000000000000000, 0.000000000000000000, 1.000000000000000000 ) ) ;
#389 = ORIENTED_EDGE ( 'NONE', *, *, #9569, .T. ) ;
#390 = CARTESIAN_POINT ( 'NONE',  ( 0.000000000000000000, 114.0000000000000000, -44.90443948822942843 ) ) ;
#391 = CARTESIAN_POINT ( 'NONE',  ( 0.000000000000000000, 114.0000000000000000, -49.50000000000000000 ) ) ;
#392 = ORIENTED_EDGE ( 'NONE', *, *, #6337, .F. ) ;
#393 = AXIS2_PLACEMENT_3D ( 'NONE', #11568, #4590, #4400 ) ;
#394 = CARTESIAN_POINT ( 'NONE',  ( 35.75089393306190999, 29.33956106112634643, 112.0000000000000000 ) ) ;
#395 = AXIS2_PLACEMENT_3D ( 'NONE', #4495, #8699, #12578 ) ;
#396 = VECTOR ( 'NONE', #6303, 1000.000000000000000 ) ;
#397 = EDGE_CURVE ( 'NONE', #1567, #11004, #3664, .T. ) ;
#398 = ORIENTED_EDGE ( 'NONE', *, *, #11395, .T. ) ;
#399 = ORIENTED_EDGE ( 'NONE', *, *, #4265, .F. ) ;
#400 = DIRECTION ( 'NONE',  ( -1.273191542001326810E-16, -1.000000000000000000, 0.000000000000000000 ) ) ;
#401 = DIRECTION ( 'NONE',  ( -0.000000000000000000, 0.000000000000000000, -1.000000000000000000 ) ) ;
#402 = CARTESIAN_POINT ( 'NONE',  ( 20.47452235828316347, 156.3059562496838453, -72.00000000000001421 ) ) ;
#403 = DIRECTION ( 'NONE',  ( 0.000000000000000000, 0.000000000000000000, -1.000000000000000000 ) ) ;
#404 = AXIS2_PLACEMENT_3D ( 'NONE', #6225, #10038, #10237 ) ;
#405 = DIRECTION ( 'NONE',  ( 1.000000000000000000, 0.000000000000000000, 0.000000000000000000 ) ) ;
#406 = DIRECTION ( 'NONE',  ( 1.000000000000000000, 0.000000000000000000, 0.000000000000000000 ) ) ;
#407 = CARTESIAN_POINT ( 'NONE',  ( 33.43424615471844419, 156.1535714285714107, 6.499999999999996447 ) ) ;
#408 = ORIENTED_EDGE ( 'NONE', *, *, #8872, .F. ) ;
#409 = DIRECTION ( 'NONE',  ( 0.000000000000000000, 1.000000000000000000, 2.668805347656626678E-16 ) ) ;
#410 = CARTESIAN_POINT ( 'NONE',  ( -51.50000000000002842, 11.83595217003047750, 65.35802719681973372 ) ) ;
#411 = ADVANCED_FACE ( 'NONE', ( #9705 ), #12735, .F. ) ;
#412 = VERTEX_POINT ( 'NONE', #4764 ) ;
#413 = AXIS2_PLACEMENT_3D ( 'NONE', #11970, #4931, #6791 ) ;
#414 = ORIENTED_EDGE ( 'NONE', *, *, #12751, .T. ) ;
#415 = ADVANCED_FACE ( 'NONE', ( #1825 ), #5963, .T. ) ;
#416 = CARTESIAN_POINT ( 'NONE',  ( -19.90000000000000213, 114.0000000000000000, -66.32679491924312742 ) ) ;
#417 = CARTESIAN_POINT ( 'NONE',  ( -51.50000000000001421, -13.14532928934594835, 55.54749221803535875 ) ) ;
#418 = SHAPE_DEFINITION_REPRESENTATION ( #2834, #10549 ) ;
#419 = CARTESIAN_POINT ( 'NONE',  ( 22.50000000000000000, 114.0000000000000000, -50.50000000000000000 ) ) ;
#420 = CIRCLE ( 'NONE', #2096, 6.800000000000000711 ) ;
#421 = VECTOR ( 'NONE', #9809, 1000.000000000000000 ) ;
#422 = DIRECTION ( 'NONE',  ( 1.000000000000000000, 0.000000000000000000, 0.000000000000000000 ) ) ;
#423 = EDGE_CURVE ( 'NONE', #5499, #11745, #6999, .T. ) ;
#424 = EDGE_CURVE ( 'NONE', #3151, #21, #4903, .T. ) ;
#425 = VERTEX_POINT ( 'NONE', #7616 ) ;
#426 = CARTESIAN_POINT ( 'NONE',  ( 20.00000000000000000, 114.0000000000000000, -77.99999999999998579 ) ) ;
#427 = EDGE_CURVE ( 'NONE', #1492, #9134, #9096, .T. ) ;
#428 = ORIENTED_EDGE ( 'NONE', *, *, #8108, .F. ) ;
#429 = CARTESIAN_POINT ( 'NONE',  ( 22.14000000000005031, -38.19999999999998863, 112.0000000000000000 ) ) ;
#430 = EDGE_LOOP ( 'NONE', ( #5069, #10232, #1747, #8239 ) ) ;
#431 = CARTESIAN_POINT ( 'NONE',  ( -33.46499999999999631, 114.0000000000000000, -21.09556051177057867 ) ) ;
#432 = CYLINDRICAL_SURFACE ( 'NONE', #1719, 21.00000000000000355 ) ;
#433 = AXIS2_PLACEMENT_3D ( 'NONE', #11195, #8166, #10074 ) ;
#434 = CARTESIAN_POINT ( 'NONE',  ( -58.99999999999996447, -11.01017621455064521, 50.88369923439357478 ) ) ;
#435 = CYLINDRICAL_SURFACE ( 'NONE', #2433, 6.800000000000000711 ) ;
#436 = ORIENTED_EDGE ( 'NONE', *, *, #1841, .F. ) ;
#437 = ORIENTED_EDGE ( 'NONE', *, *, #11749, .F. ) ;
#438 = CIRCLE ( 'NONE', #851, 1.249999999999997558 ) ;
#439 = CYLINDRICAL_SURFACE ( 'NONE', #10999, 7.499999999999985789 ) ;
#440 = CARTESIAN_POINT ( 'NONE',  ( 48.92640687119283882, -42.42640687119285303, 11.59999999999999254 ) ) ;
#441 = CONICAL_SURFACE ( 'NONE', #12191, 3.399999999999993250, 1.029744258676652757 ) ;
#442 = VERTEX_POINT ( 'NONE', #12800 ) ;
#443 = CARTESIAN_POINT ( 'NONE',  ( -52.00000000000005684, 165.9999999999999716, -313.5367466867102166 ) ) ;
#444 = DIRECTION ( 'NONE',  ( -0.000000000000000000, -0.000000000000000000, -1.000000000000000000 ) ) ;
#445 = CARTESIAN_POINT ( 'NONE',  ( 28.87693130457883584, -39.12398950069050585, 53.29999999999999005 ) ) ;
#446 = FACE_OUTER_BOUND ( 'NONE', #6871, .T. ) ;
#447 = EDGE_LOOP ( 'NONE', ( #7235, #2363, #8574, #6224 ) ) ;
#448 = CARTESIAN_POINT ( 'NONE',  ( 0.000000000000000000, 114.0000000000000000, -57.50000000000000000 ) ) ;
#449 = EDGE_CURVE ( 'NONE', #3774, #11159, #7681, .T. ) ;
#450 = ORIENTED_EDGE ( 'NONE', *, *, #6538, .F. ) ;
#451 = CARTESIAN_POINT ( 'NONE',  ( 0.000000000000000000, 114.0000000000000000, -0.5000000000000038858 ) ) ;
#452 = ORIENTED_EDGE ( 'NONE', *, *, #12929, .T. ) ;
#453 = VECTOR ( 'NONE', #12817, 1000.000000000000000 ) ;
#454 = CARTESIAN_POINT ( 'NONE',  ( 0.000000000000000000, 114.0000000000000000, -44.90443948822942843 ) ) ;
#455 = VERTEX_POINT ( 'NONE', #2800 ) ;
#456 = VERTEX_POINT ( 'NONE', #6824 ) ;
#457 = PLANE ( 'NONE',  #506 ) ;
#458 = CARTESIAN_POINT ( 'NONE',  ( 0.000000000000000000, 0.000000000000000000, -20.00000000000000000 ) ) ;
#459 = CIRCLE ( 'NONE', #10118, 29.00000000000001066 ) ;
#461 = ORIENTED_EDGE ( 'NONE', *, *, #11941, .T. ) ;
#460 = CIRCLE ( 'NONE', #5292, 13.07735026918962618 ) ;
#462 = DIRECTION ( 'NONE',  ( 0.000000000000000000, 1.000000000000000000, 0.000000000000000000 ) ) ;
#463 = EDGE_CURVE ( 'NONE', #7816, #6318, #10701, .T. ) ;
#464 = ORIENTED_EDGE ( 'NONE', *, *, #9175, .T. ) ;
#465 = EDGE_LOOP ( 'NONE', ( #6264, #6520, #9794, #8061 ) ) ;
#466 = CARTESIAN_POINT ( 'NONE',  ( 45.00000000000000000, -45.00000000000000000, 112.0000000000000000 ) ) ;
#467 = LINE ( 'NONE', #532, #1734 ) ;
#468 = DIRECTION ( 'NONE',  ( -0.000000000000000000, -0.000000000000000000, 1.000000000000000000 ) ) ;
#469 = CARTESIAN_POINT ( 'NONE',  ( -32.17016143302159037, 77.03947087265486005, 62.93607486307095655 ) ) ;
#470 = AXIS2_PLACEMENT_3D ( 'NONE', #8, #8752, #11842 ) ;
#471 = CIRCLE ( 'NONE', #10552, 13.09999999999999964 ) ;
#472 = EDGE_CURVE ( 'NONE', #1563, #10075, #4705, .T. ) ;
#473 = EDGE_CURVE ( 'NONE', #4581, #12070, #11421, .T. ) ;
#474 = CARTESIAN_POINT ( 'NONE',  ( -52.00000000000007105, 68.50000000000835598, -67.00000000000000000 ) ) ;
#475 = FACE_OUTER_BOUND ( 'NONE', #3953, .T. ) ;
#476 = DIRECTION ( 'NONE',  ( 0.000000000000000000, 1.000000000000000000, 0.000000000000000000 ) ) ;
#477 = ORIENTED_EDGE ( 'NONE', *, *, #6756, .T. ) ;
#478 = FACE_OUTER_BOUND ( 'NONE', #2778, .T. ) ;
#479 = DIRECTION ( 'NONE',  ( 0.000000000000000000, 0.000000000000000000, -1.000000000000000000 ) ) ;
#480 = ORIENTED_EDGE ( 'NONE', *, *, #8277, .F. ) ;
#481 = VECTOR ( 'NONE', #9386, 1000.000000000000000 ) ;
#482 = CARTESIAN_POINT ( 'NONE',  ( -36.77000000000001023, 36.76999999999996049, 53.29999999999997584 ) ) ;
#483 = EDGE_CURVE ( 'NONE', #5803, #9478, #896, .T. ) ;
#484 = AXIS2_PLACEMENT_3D ( 'NONE', #8676, #6048, #1246 ) ;
#485 = DIRECTION ( 'NONE',  ( 1.000000000000000000, 0.000000000000000000, 0.000000000000000000 ) ) ;
#486 = EDGE_CURVE ( 'NONE', #9716, #7768, #9524, .T. ) ;
#487 = APPROVAL_ROLE ( '' ) ;
#488 = CARTESIAN_POINT ( 'NONE',  ( -23.50000000000000355, 114.0000000000000000, -65.50000000000000000 ) ) ;
#489 = VECTOR ( 'NONE', #7535, 1000.000000000000000 ) ;
#490 = DIRECTION ( 'NONE',  ( -1.000000000000000000, 0.000000000000000000, 0.000000000000000000 ) ) ;
#491 = VERTEX_POINT ( 'NONE', #9826 ) ;
#492 = DIRECTION ( 'NONE',  ( -1.000000000000000000, 0.000000000000000000, 0.000000000000000000 ) ) ;
#493 = ORIENTED_EDGE ( 'NONE', *, *, #2732, .F. ) ;
#494 = CYLINDRICAL_SURFACE ( 'NONE', #8618, 2.000000000000001776 ) ;
#495 = ORIENTED_EDGE ( 'NONE', *, *, #12388, .T. ) ;
#496 = VECTOR ( 'NONE', #180, 1000.000000000000000 ) ;
#497 = VERTEX_POINT ( 'NONE', #831 ) ;
#498 = DIRECTION ( 'NONE',  ( -1.000000000000000000, 0.000000000000000000, 0.000000000000000000 ) ) ;
#499 = LINE ( 'NONE', #4371, #2759 ) ;
#500 = CARTESIAN_POINT ( 'NONE',  ( -51.50000000000004974, -12.75761020543044566, 63.43552400136141500 ) ) ;
#501 = DIRECTION ( 'NONE',  ( 0.000000000000000000, -1.000000000000000000, 0.000000000000000000 ) ) ;
#502 = ORIENTED_EDGE ( 'NONE', *, *, #11971, .F. ) ;
#503 = EDGE_CURVE ( 'NONE', #5662, #3542, #4831, .T. ) ;
#504 = ORIENTED_EDGE ( 'NONE', *, *, #12062, .F. ) ;
#505 = CIRCLE ( 'NONE', #4906, 13.09999999999999964 ) ;
#506 = AXIS2_PLACEMENT_3D ( 'NONE', #7627, #11633, #3349 ) ;
#507 = FACE_OUTER_BOUND ( 'NONE', #2276, .T. ) ;
#508 = DIRECTION ( 'NONE',  ( 0.1358808089250767570, 0.9907251918498221066, 0.000000000000000000 ) ) ;
#509 = ORIENTED_EDGE ( 'NONE', *, *, #12705, .F. ) ;
#510 = LINE ( 'NONE', #1503, #2160 ) ;
#511 = LINE ( 'NONE', #575, #12999 ) ;
#512 = CARTESIAN_POINT ( 'NONE',  ( -45.00000000000000711, 45.00000000000000000, 112.0000000000000000 ) ) ;
#513 = CARTESIAN_POINT ( 'NONE',  ( 45.00000000000001421, -22.14000000000008583, 112.0000000000000000 ) ) ;
#514 = EDGE_LOOP ( 'NONE', ( #5472, #8256, #326, #10159 ) ) ;
#515 = CARTESIAN_POINT ( 'NONE',  ( -42.42640687119306619, 42.42640687119262566, -18.00000000000000355 ) ) ;
#516 = ORIENTED_EDGE ( 'NONE', *, *, #4091, .F. ) ;
#517 = DIRECTION ( 'NONE',  ( 1.000000000000000000, 0.000000000000000000, 0.000000000000000000 ) ) ;
#518 = ORIENTED_EDGE ( 'NONE', *, *, #5492, .F. ) ;
#519 = AXIS2_PLACEMENT_3D ( 'NONE', #2949, #10180, #12030 ) ;
#520 = CARTESIAN_POINT ( 'NONE',  ( 35.75089393306183894, -29.33956106112634998, 112.0000000000000000 ) ) ;
#521 = EDGE_LOOP ( 'NONE', ( #634, #4349 ) ) ;
#522 = ORIENTED_EDGE ( 'NONE', *, *, #4563, .F. ) ;
#523 = DIRECTION ( 'NONE',  ( -0.000000000000000000, -0.000000000000000000, 1.000000000000000000 ) ) ;
#524 = CARTESIAN_POINT ( 'NONE',  ( 0.000000000000000000, 114.0000000000000000, 14.20569654897112244 ) ) ;
#525 = ORIENTED_EDGE ( 'NONE', *, *, #2946, .F. ) ;
#526 = CARTESIAN_POINT ( 'NONE',  ( 0.000000000000000000, 114.0000000000000000, 14.20569654897112244 ) ) ;
#527 = AXIS2_PLACEMENT_3D ( 'NONE', #8065, #6161, #106 ) ;
#528 = ADVANCED_FACE ( 'NONE', ( #1889 ), #5908, .T. ) ;
#529 = ORIENTED_EDGE ( 'NONE', *, *, #5939, .F. ) ;
#530 = ADVANCED_FACE ( 'NONE', ( #1638 ), #5653, .F. ) ;
#531 = FACE_OUTER_BOUND ( 'NONE', #11128, .T. ) ;
#532 = CARTESIAN_POINT ( 'NONE',  ( -45.50000000000009237, -52.00000000000000000, -313.5367466867102166 ) ) ;
#533 = DIRECTION ( 'NONE',  ( 0.000000000000000000, 0.000000000000000000, 1.000000000000000000 ) ) ;
#534 = CARTESIAN_POINT ( 'NONE',  ( 12.50000000000000000, 114.0000000000000000, 9.499999999999994671 ) ) ;
#535 = EDGE_CURVE ( 'NONE', #12382, #3564, #10996, .T. ) ;
#536 = EDGE_CURVE ( 'NONE', #5329, #12483, #1352, .T. ) ;
#537 = ADVANCED_FACE ( 'NONE', ( #12072 ), #6153, .T. ) ;
#538 = CARTESIAN_POINT ( 'NONE',  ( -4.000000000000000888, 114.0000000000000000, -3.150000000000003908 ) ) ;
#539 = DIRECTION ( 'NONE',  ( 0.000000000000000000, 1.000000000000000000, 0.000000000000000000 ) ) ;
#540 = DIRECTION ( 'NONE',  ( -1.000000000000000000, 0.000000000000000000, 0.000000000000000000 ) ) ;
#541 = EDGE_LOOP ( 'NONE', ( #2522, #12129, #1774, #7559 ) ) ;
#542 = FACE_OUTER_BOUND ( 'NONE', #1241, .T. ) ;
#543 = CARTESIAN_POINT ( 'NONE',  ( 3.999999999999999112, 129.8000000000000114, 10.49999999999999467 ) ) ;
#544 = ORIENTED_EDGE ( 'NONE', *, *, #11868, .T. ) ;
#545 = EDGE_CURVE ( 'NONE', #12471, #2079, #505, .T. ) ;
#546 = EDGE_CURVE ( 'NONE', #3374, #5067, #3854, .T. ) ;
#547 = FACE_OUTER_BOUND ( 'NONE', #5450, .T. ) ;
#548 = DIRECTION ( 'NONE',  ( -0.000000000000000000, -0.000000000000000000, 1.000000000000000000 ) ) ;
#549 = PERSON_AND_ORGANIZATION_ROLE ( 'classification_officer' ) ;
#550 = DIRECTION ( 'NONE',  ( -0.000000000000000000, -0.000000000000000000, 1.000000000000000000 ) ) ;
#551 = LINE ( 'NONE', #7520, #3969 ) ;
#552 = ORIENTED_EDGE ( 'NONE', *, *, #6806, .F. ) ;
#553 = LINE ( 'NONE', #2775, #10437 ) ;
#554 = ORIENTED_EDGE ( 'NONE', *, *, #10542, .F. ) ;
#555 = DIRECTION ( 'NONE',  ( 0.000000000000000000, -1.000000000000000000, 0.000000000000000000 ) ) ;
#556 = VERTEX_POINT ( 'NONE', #3060 ) ;
#557 = EDGE_CURVE ( 'NONE', #7866, #11407, #11207, .T. ) ;
#558 = VECTOR ( 'NONE', #10861, 1000.000000000000000 ) ;
#559 = CIRCLE ( 'NONE', #7901, 12.50000000000000000 ) ;
#560 = EDGE_CURVE ( 'NONE', #11584, #12344, #964, .T. ) ;
#561 = ORIENTED_EDGE ( 'NONE', *, *, #91, .F. ) ;
#562 = DIRECTION ( 'NONE',  ( 0.000000000000000000, 0.000000000000000000, 1.000000000000000000 ) ) ;
#563 = DIRECTION ( 'NONE',  ( 1.000000000000000000, 0.000000000000000000, 0.000000000000000000 ) ) ;
#564 = AXIS2_PLACEMENT_3D ( 'NONE', #2453, #1364, #1225 ) ;
#565 = DIRECTION ( 'NONE',  ( 0.000000000000000000, 0.000000000000000000, -1.000000000000000000 ) ) ;
#566 = VERTEX_POINT ( 'NONE', #10092 ) ;
#567 = ORIENTED_EDGE ( 'NONE', *, *, #8103, .F. ) ;
#568 = VECTOR ( 'NONE', #6986, 1000.000000000000000 ) ;
#569 = CIRCLE ( 'NONE', #7913, 13.09999999999999964 ) ;
#570 = VECTOR ( 'NONE', #1735, 1000.000000000000114 ) ;
#571 = LINE ( 'NONE', #1815, #4276 ) ;
#572 = DIRECTION ( 'NONE',  ( 0.000000000000000000, 0.000000000000000000, -1.000000000000000000 ) ) ;
#573 = ORIENTED_EDGE ( 'NONE', *, *, #1843, .T. ) ;
#574 = CARTESIAN_POINT ( 'NONE',  ( -34.50000000000000000, 114.0000000000000000, -44.90443948822942843 ) ) ;
#575 = CARTESIAN_POINT ( 'NONE',  ( -52.00000000000008527, -52.00000000000000000, -48.80000000000001137 ) ) ;
#576 = CARTESIAN_POINT ( 'NONE',  ( -48.50000000000000000, -6.150903230817095668, 39.54999999999998295 ) ) ;
#577 = LINE ( 'NONE', #513, #5281 ) ;
#578 = EDGE_CURVE ( 'NONE', #5715, #7848, #5104, .T. ) ;
#579 = ORIENTED_EDGE ( 'NONE', *, *, #6963, .T. ) ;
#580 = DIRECTION ( 'NONE',  ( 1.000000000000000000, 0.000000000000000000, 0.000000000000000000 ) ) ;
#581 = ORIENTED_EDGE ( 'NONE', *, *, #12584, .T. ) ;
#582 = CIRCLE ( 'NONE', #6682, 6.499999999999999112 ) ;
#583 = LINE ( 'NONE', #10445, #12867 ) ;
#584 = EDGE_CURVE ( 'NONE', #2618, #3023, #12639, .T. ) ;
#585 = ORIENTED_EDGE ( 'NONE', *, *, #10064, .F. ) ;
#586 = CARTESIAN_POINT ( 'NONE',  ( -23.08553905074119328, 70.88031635661118912, -72.00000000000001421 ) ) ;
#587 = DIRECTION ( 'NONE',  ( 0.000000000000000000, 1.000000000000000000, 0.000000000000000000 ) ) ;
#588 = ORIENTED_EDGE ( 'NONE', *, *, #5707, .T. ) ;
#589 = AXIS2_PLACEMENT_3D ( 'NONE', #6031, #11148, #165 ) ;
#590 = DIRECTION ( 'NONE',  ( 0.000000000000000000, 0.000000000000000000, -1.000000000000000000 ) ) ;
#591 = FACE_OUTER_BOUND ( 'NONE', #7126, .T. ) ;
#592 = ADVANCED_FACE ( 'NONE', ( #1027 ), #5087, .T. ) ;
#593 = ORIENTED_EDGE ( 'NONE', *, *, #3319, .T. ) ;
#594 = DIRECTION ( 'NONE',  ( -0.000000000000000000, -0.000000000000000000, 1.000000000000000000 ) ) ;
#595 = EDGE_CURVE ( 'NONE', #6058, #11407, #4173, .T. ) ;
#596 = VERTEX_POINT ( 'NONE', #5039 ) ;
#597 = CYLINDRICAL_SURFACE ( 'NONE', #3167, 13.09999999999999964 ) ;
#598 = FACE_OUTER_BOUND ( 'NONE', #5693, .T. ) ;
#599 = DIRECTION ( 'NONE',  ( -0.000000000000000000, -0.000000000000000000, 1.000000000000000000 ) ) ;
#600 = FACE_OUTER_BOUND ( 'NONE', #4488, .T. ) ;
#601 = VECTOR ( 'NONE', #2811, 1000.000000000000000 ) ;
#602 = DIRECTION ( 'NONE',  ( 0.000000000000000000, 0.000000000000000000, 1.000000000000000000 ) ) ;
#603 = VECTOR ( 'NONE', #7220, 1000.000000000000000 ) ;
#604 = CARTESIAN_POINT ( 'NONE',  ( 22.13999999999997215, 38.20000000000000995, 73.39999999999999147 ) ) ;
#605 = VERTEX_POINT ( 'NONE', #9963 ) ;
#606 = ORIENTED_EDGE ( 'NONE', *, *, #9076, .F. ) ;
#607 = EDGE_LOOP ( 'NONE', ( #398, #7266 ) ) ;
#608 = DIRECTION ( 'NONE',  ( -0.000000000000000000, -0.000000000000000000, 1.000000000000000000 ) ) ;
#609 = DIRECTION ( 'NONE',  ( -0.000000000000000000, -0.000000000000000000, -1.000000000000000000 ) ) ;
#610 = ORIENTED_EDGE ( 'NONE', *, *, #7048, .F. ) ;
#611 = ADVANCED_FACE ( 'NONE', ( #9112 ), #9042, .F. ) ;
#612 = EDGE_CURVE ( 'NONE', #5903, #7560, #3127, .T. ) ;
#613 = TOROIDAL_SURFACE ( 'NONE', #820, 30.77624999999999744, 4.599999999999995204 ) ;
#614 = DIRECTION ( 'NONE',  ( -1.000000000000000000, 0.000000000000000000, 0.000000000000000000 ) ) ;
#615 = AXIS2_PLACEMENT_3D ( 'NONE', #2116, #4022, #4876 ) ;
#616 = CARTESIAN_POINT ( 'NONE',  ( -51.50000000000002842, -6.212211885552730628, 70.92824319768938324 ) ) ;
#617 = PERSON_AND_ORGANIZATION_ROLE ( 'creator' ) ;
#618 = CARTESIAN_POINT ( 'NONE',  ( 0.000000000000000000, 114.0000000000000000, -2.500000000000002220 ) ) ;
#619 = ADVANCED_FACE ( 'NONE', ( #7995 ), #1087, .F. ) ;
#620 = FACE_OUTER_BOUND ( 'NONE', #11585, .T. ) ;
#621 = EDGE_LOOP ( 'NONE', ( #2452, #724 ) ) ;
#622 = AXIS2_PLACEMENT_3D ( 'NONE', #9013, #7771, #4 ) ;
#623 = CARTESIAN_POINT ( 'NONE',  ( -39.12398950069060533, 28.87693130457876123, 19.59999999999999076 ) ) ;
#624 = AXIS2_PLACEMENT_3D ( 'NONE', #2435, #11583, #12697 ) ;
#625 = VERTEX_POINT ( 'NONE', #1230 ) ;
#626 = LINE ( 'NONE', #2715, #421 ) ;
#627 = ORIENTED_EDGE ( 'NONE', *, *, #12119, .F. ) ;
#629 = ORIENTED_EDGE ( 'NONE', *, *, #8456, .F. ) ;
#628 = EDGE_CURVE ( 'NONE', #2633, #3602, #5165, .T. ) ;
#630 = DIRECTION ( 'NONE',  ( 1.156482317317871478E-16, 0.000000000000000000, -1.000000000000000000 ) ) ;
#631 = CARTESIAN_POINT ( 'NONE',  ( -39.12398950069049874, -28.87693130457884649, 112.0000000000000000 ) ) ;
#632 = DIRECTION ( 'NONE',  ( 0.000000000000000000, 1.000000000000000000, 0.000000000000000000 ) ) ;
#633 = CIRCLE ( 'NONE', #1680, 47.00000000000000000 ) ;
#634 = ORIENTED_EDGE ( 'NONE', *, *, #899, .F. ) ;
#635 = ADVANCED_FACE ( 'NONE', ( #2018 ), #7932, .T. ) ;
#636 = FACE_OUTER_BOUND ( 'NONE', #1365, .T. ) ;
#637 = ADVANCED_FACE ( 'NONE', ( #1957 ), #10420, .F. ) ;
#638 = CARTESIAN_POINT ( 'NONE',  ( 32.17016143302159747, 150.9605291273451542, -70.00000000000000000 ) ) ;
#639 = EDGE_LOOP ( 'NONE', ( #8447, #3484, #5576, #12219, #7958, #11444, #2150, #11409 ) ) ;
#640 = VERTEX_POINT ( 'NONE', #3455 ) ;
#641 = DIRECTION ( 'NONE',  ( 0.000000000000000000, -0.000000000000000000, 1.000000000000000000 ) ) ;
#642 = DIRECTION ( 'NONE',  ( -1.000000000000000000, -0.000000000000000000, -1.541976423090495633E-16 ) ) ;
#643 = DIRECTION ( 'NONE',  ( 0.000000000000000000, 0.000000000000000000, -1.000000000000000000 ) ) ;
#644 = ORIENTED_EDGE ( 'NONE', *, *, #8039, .F. ) ;
#645 = DIRECTION ( 'NONE',  ( -1.000000000000000000, 0.000000000000000000, 0.000000000000000000 ) ) ;
#646 = ORIENTED_EDGE ( 'NONE', *, *, #8665, .F. ) ;
#647 = DIRECTION ( 'NONE',  ( 0.8571673007021114454, 0.000000000000000000, 0.5150380749100555988 ) ) ;
#648 = AXIS2_PLACEMENT_3D ( 'NONE', #4657, #6898, #8734 ) ;
#649 = CARTESIAN_POINT ( 'NONE',  ( -35.92640687119284593, -42.42640687119285303, 19.59999999999999076 ) ) ;
#650 = EDGE_CURVE ( 'NONE', #1826, #6217, #235, .T. ) ;
#651 = ORIENTED_EDGE ( 'NONE', *, *, #12217, .F. ) ;
#652 = EDGE_LOOP ( 'NONE', ( #1887, #9665, #11870, #10986 ) ) ;
#653 = DIRECTION ( 'NONE',  ( 0.000000000000000000, 0.000000000000000000, -1.000000000000000000 ) ) ;
#654 = EDGE_CURVE ( 'NONE', #64, #3944, #8226, .T. ) ;
#655 = DIRECTION ( 'NONE',  ( 1.000000000000000000, 0.000000000000000000, 0.000000000000000000 ) ) ;
#656 = EDGE_LOOP ( 'NONE', ( #7543, #8881 ) ) ;
#657 = DIRECTION ( 'NONE',  ( -0.000000000000000000, -0.000000000000000000, 1.000000000000000000 ) ) ;
#658 = DIRECTION ( 'NONE',  ( -0.000000000000000000, 0.000000000000000000, -1.000000000000000000 ) ) ;
#659 = EDGE_CURVE ( 'NONE', #11964, #2171, #9277, .T. ) ;
#660 = AXIS2_PLACEMENT_3D ( 'NONE', #6275, #8308, #6411 ) ;
#661 = DIRECTION ( 'NONE',  ( -0.000000000000000000, 0.000000000000000000, 1.000000000000000000 ) ) ;
#662 = DIRECTION ( 'NONE',  ( -0.000000000000000000, -0.000000000000000000, 1.000000000000000000 ) ) ;
#663 = FACE_OUTER_BOUND ( 'NONE', #5871, .T. ) ;
#664 = EDGE_CURVE ( 'NONE', #58, #11855, #4303, .T. ) ;
#665 = DIRECTION ( 'NONE',  ( -0.000000000000000000, -0.000000000000000000, 1.000000000000000000 ) ) ;
#666 = AXIS2_PLACEMENT_3D ( 'NONE', #1720, #5736, #2097 ) ;
#667 = VECTOR ( 'NONE', #11920, 1000.000000000000000 ) ;
#668 = DIRECTION ( 'NONE',  ( -0.9907251918498203302, -0.1358808089250893303, 0.000000000000000000 ) ) ;
#669 = DIRECTION ( 'NONE',  ( 0.000000000000000000, -1.000000000000000000, 0.000000000000000000 ) ) ;
#670 = ORIENTED_EDGE ( 'NONE', *, *, #157, .F. ) ;
#671 = VERTEX_POINT ( 'NONE', #6552 ) ;
#672 = VERTEX_POINT ( 'NONE', #11345 ) ;
#673 = FACE_OUTER_BOUND ( 'NONE', #11039, .T. ) ;
#674 = CARTESIAN_POINT ( 'NONE',  ( 28.28999999999999915, 73.14000000000001478, 6.499999999999996447 ) ) ;
#675 = ORIENTED_EDGE ( 'NONE', *, *, #6097, .F. ) ;
#676 = AXIS2_PLACEMENT_3D ( 'NONE', #12959, #4014, #8028 ) ;
#677 = AXIS2_PLACEMENT_3D ( 'NONE', #3623, #662, #11447 ) ;
#678 = AXIS2_PLACEMENT_3D ( 'NONE', #8595, #5583, #1445 ) ;
#679 = CARTESIAN_POINT ( 'NONE',  ( -27.03999999999999559, 73.14000000000000057, -61.49999999999999289 ) ) ;
#680 = DIRECTION ( 'NONE',  ( -1.000000000000000000, 0.000000000000000000, 0.000000000000000000 ) ) ;
#681 = MECHANICAL_CONTEXT ( 'NONE', #10838, 'mechanical' ) ;
#682 = CARTESIAN_POINT ( 'NONE',  ( 0.000000000000000000, 114.0000000000000000, -57.50000000000000000 ) ) ;
#683 = DIRECTION ( 'NONE',  ( 0.000000000000000000, 0.000000000000000000, -1.000000000000000000 ) ) ;
#684 = AXIS2_PLACEMENT_3D ( 'NONE', #8136, #10305, #11232 ) ;
#685 = ORIENTED_EDGE ( 'NONE', *, *, #2078, .F. ) ;
#686 = CARTESIAN_POINT ( 'NONE',  ( 38.20000000000000995, -22.13999999999998636, 112.0000000000000000 ) ) ;
#687 = VERTEX_POINT ( 'NONE', #9362 ) ;
#688 = FACE_OUTER_BOUND ( 'NONE', #12017, .T. ) ;
#689 = ORIENTED_EDGE ( 'NONE', *, *, #711, .T. ) ;
#690 = ORIENTED_EDGE ( 'NONE', *, *, #3035, .F. ) ;
#691 = CARTESIAN_POINT ( 'NONE',  ( -45.50000000000009237, -52.00000000000000000, 0.000000000000000000 ) ) ;
#692 = EDGE_CURVE ( 'NONE', #2417, #2868, #1521, .T. ) ;
#693 = CARTESIAN_POINT ( 'NONE',  ( 0.000000000000000000, 114.0000000000000000, -19.50000000000000355 ) ) ;
#694 = AXIS2_PLACEMENT_3D ( 'NONE', #9287, #6198, #12120 ) ;
#695 = CYLINDRICAL_SURFACE ( 'NONE', #761, 1.249999999999994227 ) ;
#696 = ORIENTED_EDGE ( 'NONE', *, *, #1024, .T. ) ;
#697 = ORIENTED_EDGE ( 'NONE', *, *, #1714, .F. ) ;
#698 = CARTESIAN_POINT ( 'NONE',  ( 21.00000000000000355, 114.0000000000000000, 29.09545482057523813 ) ) ;
#699 = ORIENTED_EDGE ( 'NONE', *, *, #7424, .T. ) ;
#700 = DIRECTION ( 'NONE',  ( 1.334402673828313339E-16, -1.000000000000000000, 0.000000000000000000 ) ) ;
#701 = EDGE_CURVE ( 'NONE', #1126, #10990, #9899, .T. ) ;
#702 = ORIENTED_EDGE ( 'NONE', *, *, #9046, .F. ) ;
#703 = CIRCLE ( 'NONE', #8044, 26.75000000000000355 ) ;
#704 = ORIENTED_EDGE ( 'NONE', *, *, #7378, .F. ) ;
#705 = DIRECTION ( 'NONE',  ( -0.000000000000000000, -0.000000000000000000, -1.000000000000000000 ) ) ;
#706 = FACE_OUTER_BOUND ( 'NONE', #1186, .T. ) ;
#707 = AXIS2_PLACEMENT_3D ( 'NONE', #9154, #9031, #1013 ) ;
#708 = ORIENTED_EDGE ( 'NONE', *, *, #8031, .T. ) ;
#709 = CARTESIAN_POINT ( 'NONE',  ( -35.75089393306190289, -29.33956106112634998, 19.59999999999999076 ) ) ;
#710 = ORIENTED_EDGE ( 'NONE', *, *, #7178, .F. ) ;
#711 = EDGE_CURVE ( 'NONE', #1419, #7930, #39, .T. ) ;
#712 = DIRECTION ( 'NONE',  ( 0.000000000000000000, 0.000000000000000000, -1.000000000000000000 ) ) ;
#713 = EDGE_CURVE ( 'NONE', #1243, #11819, #8318, .T. ) ;
#714 = AXIS2_PLACEMENT_3D ( 'NONE', #6884, #1704, #3784 ) ;
#715 = ORIENTED_EDGE ( 'NONE', *, *, #7601, .T. ) ;
#716 = CARTESIAN_POINT ( 'NONE',  ( -399996.4800881994888, 65.99999999986039256, 11.49999999999999645 ) ) ;
#717 = EDGE_CURVE ( 'NONE', #11351, #2632, #10328, .T. ) ;
#718 = AXIS2_PLACEMENT_3D ( 'NONE', #4911, #12932, #3262 ) ;
#719 = FACE_OUTER_BOUND ( 'NONE', #8535, .T. ) ;
#720 = ORIENTED_EDGE ( 'NONE', *, *, #12078, .T. ) ;
#721 = ORIENTED_EDGE ( 'NONE', *, *, #3552, .F. ) ;
#722 = DIRECTION ( 'NONE',  ( 0.000000000000000000, 1.000000000000000000, 0.000000000000000000 ) ) ;
#723 = DIRECTION ( 'NONE',  ( -0.000000000000000000, -0.000000000000000000, 1.000000000000000000 ) ) ;
#724 = ORIENTED_EDGE ( 'NONE', *, *, #2562, .F. ) ;
#725 = DIRECTION ( 'NONE',  ( -0.000000000000000000, -0.000000000000000000, 1.000000000000000000 ) ) ;
#726 = VERTEX_POINT ( 'NONE', #10560 ) ;
#727 = DIRECTION ( 'NONE',  ( 0.000000000000000000, -0.000000000000000000, -1.000000000000000000 ) ) ;
#728 = CARTESIAN_POINT ( 'NONE',  ( -39.12398950069062664, 28.87693130457875412, 112.0000000000000000 ) ) ;
#729 = FACE_OUTER_BOUND ( 'NONE', #3979, .T. ) ;
#730 = EDGE_CURVE ( 'NONE', #2316, #1413, #300, .T. ) ;
#731 = CARTESIAN_POINT ( 'NONE',  ( -38.20000000000000995, 22.13999999999996859, 112.0000000000000000 ) ) ;
#732 = FACE_OUTER_BOUND ( 'NONE', #12160, .T. ) ;
#733 = CARTESIAN_POINT ( 'NONE',  ( 30.77624999999999744, 114.0000000000000000, -57.50000000000000000 ) ) ;
#734 = CARTESIAN_POINT ( 'NONE',  ( 0.000000000000000000, 114.0000000000000000, -50.50000000000000000 ) ) ;
#735 = EDGE_LOOP ( 'NONE', ( #2738, #7318, #12732, #7620 ) ) ;
#736 = VERTEX_POINT ( 'NONE', #2264 ) ;
#737 = CARTESIAN_POINT ( 'NONE',  ( 0.000000000000000000, 114.0000000000000000, -79.00000000000001421 ) ) ;
#738 = ORIENTED_EDGE ( 'NONE', *, *, #3364, .F. ) ;
#739 = DIRECTION ( 'NONE',  ( 0.000000000000000000, 0.000000000000000000, 1.000000000000000000 ) ) ;
#740 = ADVANCED_FACE ( 'NONE', ( #3517, #1300 ), #9236, .F. ) ;
#741 = AXIS2_PLACEMENT_3D ( 'NONE', #7829, #4927, #8942 ) ;
#742 = FACE_BOUND ( 'NONE', #3827, .T. ) ;
#743 = EDGE_CURVE ( 'NONE', #8161, #4950, #12010, .T. ) ;
#744 = DIRECTION ( 'NONE',  ( -0.000000000000000000, -0.000000000000000000, 1.000000000000000000 ) ) ;
#745 = CARTESIAN_POINT ( 'NONE',  ( 0.000000000000000000, 114.0000000000000000, -88.16592697433104320 ) ) ;
#746 = CARTESIAN_POINT ( 'NONE',  ( 0.000000000000000000, 114.0000000000000000, 9.499999999999994671 ) ) ;
#747 = ORIENTED_EDGE ( 'NONE', *, *, #11590, .T. ) ;
#748 = DIRECTION ( 'NONE',  ( 1.000000000000000000, 0.000000000000000000, 0.000000000000000000 ) ) ;
#749 = ORIENTED_EDGE ( 'NONE', *, *, #9725, .T. ) ;
#750 = CARTESIAN_POINT ( 'NONE',  ( 5.755839955992559063E-15, -46.99999999999999289, -52.95891286372533813 ) ) ;
#751 = ORIENTED_EDGE ( 'NONE', *, *, #2688, .F. ) ;
#752 = ADVANCED_FACE ( 'NONE', ( #11415 ), #7533, .T. ) ;
#753 = DIRECTION ( 'NONE',  ( 0.000000000000000000, 0.000000000000000000, -1.000000000000000000 ) ) ;
#754 = AXIS2_PLACEMENT_3D ( 'NONE', #2081, #5170, #7209 ) ;
#755 = DIRECTION ( 'NONE',  ( -1.000000000000000000, 0.000000000000000000, 0.000000000000000000 ) ) ;
#756 = CARTESIAN_POINT ( 'NONE',  ( -42.42640687119284593, 42.42640687119283172, 9.999999999999992895 ) ) ;
#757 = ORIENTED_EDGE ( 'NONE', *, *, #319, .T. ) ;
#758 = DIRECTION ( 'NONE',  ( 0.000000000000000000, 1.000000000000000000, 0.000000000000000000 ) ) ;
#759 = DIRECTION ( 'NONE',  ( 0.000000000000000000, 0.000000000000000000, 1.000000000000000000 ) ) ;
#760 = VERTEX_POINT ( 'NONE', #8391 ) ;
#761 = AXIS2_PLACEMENT_3D ( 'NONE', #3652, #3521, #1625 ) ;
#762 = ORIENTED_EDGE ( 'NONE', *, *, #8089, .F. ) ;
#763 = CARTESIAN_POINT ( 'NONE',  ( -22.50000000000000000, 114.0000000000000000, -65.50000000000000000 ) ) ;
#764 = CARTESIAN_POINT ( 'NONE',  ( 4.000000000000000888, 126.2483176690734581, -78.66645194914646311 ) ) ;
#765 = ORIENTED_EDGE ( 'NONE', *, *, #8663, .T. ) ;
#766 = EDGE_LOOP ( 'NONE', ( #2799, #3945, #2891, #2042 ) ) ;
#767 = CARTESIAN_POINT ( 'NONE',  ( 39.12398950069049164, 28.87693130457883584, 112.0000000000000000 ) ) ;
#768 = CARTESIAN_POINT ( 'NONE',  ( -45.00000000000000711, 0.000000000000000000, 71.04999999999996874 ) ) ;
#769 = EDGE_CURVE ( 'NONE', #8218, #11431, #11275, .T. ) ;
#770 = CYLINDRICAL_SURFACE ( 'NONE', #783, 37.49999999999999289 ) ;
#771 = CIRCLE ( 'NONE', #3076, 8.999999999999994671 ) ;
#772 = CYLINDRICAL_SURFACE ( 'NONE', #3315, 4.499999999999997335 ) ;
#773 = DIRECTION ( 'NONE',  ( -1.000000000000000000, 0.000000000000000000, 0.000000000000000000 ) ) ;
#774 = CIRCLE ( 'NONE', #8750, 12.50000000000000000 ) ;
#775 = ORIENTED_EDGE ( 'NONE', *, *, #8841, .T. ) ;
#776 = VERTEX_POINT ( 'NONE', #6287 ) ;
#777 = CYLINDRICAL_SURFACE ( 'NONE', #2748, 4.250000000000003553 ) ;
#778 = CARTESIAN_POINT ( 'NONE',  ( 42.42640687119307330, 156.4264068711926257, -72.00000000000001421 ) ) ;
#779 = EDGE_CURVE ( 'NONE', #2879, #1419, #6421, .T. ) ;
#780 = ORIENTED_EDGE ( 'NONE', *, *, #2938, .F. ) ;
#781 = CIRCLE ( 'NONE', #4549, 6.499999999999999112 ) ;
#782 = CARTESIAN_POINT ( 'NONE',  ( -28.08750000000000213, 114.0000000000000000, -12.23237503977025575 ) ) ;
#783 = AXIS2_PLACEMENT_3D ( 'NONE', #4766, #6827, #12870 ) ;
#784 = ORIENTED_EDGE ( 'NONE', *, *, #6043, .F. ) ;
#785 = CARTESIAN_POINT ( 'NONE',  ( -30.57934253055340790, 75.82732598876104646, -70.00000000000000000 ) ) ;
#786 = CARTESIAN_POINT ( 'NONE',  ( 28.28999999999998849, 154.8599999999999852, -69.99999999999998579 ) ) ;
#787 = CARTESIAN_POINT ( 'NONE',  ( 20.47452235828315992, 156.3059562496838453, -70.00000000000000000 ) ) ;
#788 = CARTESIAN_POINT ( 'NONE',  ( -47.00000000000000000, 5.755839955992560641E-15, 0.000000000000000000 ) ) ;
#789 = CIRCLE ( 'NONE', #6471, 26.75000000000000000 ) ;
#790 = CARTESIAN_POINT ( 'NONE',  ( -42.25000000000000000, 85.56884280931819831, 11.49999999999999645 ) ) ;
#791 = LINE ( 'NONE', #853, #7465 ) ;
#792 = DIRECTION ( 'NONE',  ( -0.000000000000000000, -0.000000000000000000, -1.000000000000000000 ) ) ;
#793 = EDGE_CURVE ( 'NONE', #9824, #7944, #3614, .T. ) ;
#794 = VERTEX_POINT ( 'NONE', #2767 ) ;
#795 = EDGE_LOOP ( 'NONE', ( #7462, #8959, #11824, #10789 ) ) ;
#796 = CARTESIAN_POINT ( 'NONE',  ( 28.87693130457876478, 39.12398950069061243, 19.60000000000000497 ) ) ;
#797 = ORIENTED_EDGE ( 'NONE', *, *, #2411, .T. ) ;
#798 = CYLINDRICAL_SURFACE ( 'NONE', #7176, 12.69999999999999929 ) ;
#799 = CARTESIAN_POINT ( 'NONE',  ( 45.00000000000001421, -22.14000000000008583, 73.39999999999999147 ) ) ;
#800 = DIRECTION ( 'NONE',  ( -1.000000000000000000, 0.000000000000000000, 0.000000000000000000 ) ) ;
#801 = CIRCLE ( 'NONE', #10882, 22.50000000000000355 ) ;
#802 = AXIS2_PLACEMENT_3D ( 'NONE', #5252, #3071, #10106 ) ;
#803 = CARTESIAN_POINT ( 'NONE',  ( 0.000000000000000000, 114.0000000000000000, -14.50000000000000711 ) ) ;
#804 = LINE ( 'NONE', #939, #1259 ) ;
#805 = EDGE_CURVE ( 'NONE', #3390, #11880, #6772, .T. ) ;
#806 = ORIENTED_EDGE ( 'NONE', *, *, #6033, .T. ) ;
#807 = CARTESIAN_POINT ( 'NONE',  ( 38.20000000000000995, -22.13999999999998636, 112.0000000000000000 ) ) ;
#808 = CARTESIAN_POINT ( 'NONE',  ( -45.50000000000000711, -6.000000000000019540, 39.80000000000001847 ) ) ;
#809 = ADVANCED_FACE ( 'NONE', ( #11050 ), #5004, .F. ) ;
#810 = VERTEX_POINT ( 'NONE', #7044 ) ;
#811 = CARTESIAN_POINT ( 'NONE',  ( 0.000000000000000000, 114.0000000000000000, -65.35000000000000853 ) ) ;
#812 = ORIENTED_EDGE ( 'NONE', *, *, #4518, .T. ) ;
#813 = AXIS2_PLACEMENT_3D ( 'NONE', #2068, #10879, #9817 ) ;
#814 = CIRCLE ( 'NONE', #9205, 0.9999999999999870104 ) ;
#815 = FACE_OUTER_BOUND ( 'NONE', #12100, .T. ) ;
#816 = LINE ( 'NONE', #12851, #5956 ) ;
#817 = CARTESIAN_POINT ( 'NONE',  ( 42.42640687119283882, 42.42640687119283882, 19.59999999999999076 ) ) ;
#818 = ORIENTED_EDGE ( 'NONE', *, *, #3065, .F. ) ;
#819 = EDGE_CURVE ( 'NONE', #10499, #1398, #1857, .T. ) ;
#820 = AXIS2_PLACEMENT_3D ( 'NONE', #6432, #2407, #7482 ) ;
#821 = CIRCLE ( 'NONE', #12379, 22.50000000000000000 ) ;
#822 = CARTESIAN_POINT ( 'NONE',  ( 0.000000000000000000, 114.0000000000000000, -64.00000000000000000 ) ) ;
#823 = PLANE ( 'NONE',  #9627 ) ;
#824 = ADVANCED_FACE ( 'NONE', ( #8820 ), #798, .F. ) ;
#825 = ORIENTED_EDGE ( 'NONE', *, *, #9046, .T. ) ;
#826 = EDGE_LOOP ( 'NONE', ( #7065, #11742, #4087, #7988 ) ) ;
#827 = FACE_OUTER_BOUND ( 'NONE', #1130, .T. ) ;
#828 = FACE_OUTER_BOUND ( 'NONE', #9263, .T. ) ;
#829 = AXIS2_PLACEMENT_3D ( 'NONE', #1596, #5676, #8495 ) ;
#830 = ORIENTED_EDGE ( 'NONE', *, *, #8644, .F. ) ;
#831 = CARTESIAN_POINT ( 'NONE',  ( -45.50000000000000711, 0.000000000000000000, 71.04999999999996874 ) ) ;
#832 = ORIENTED_EDGE ( 'NONE', *, *, #1771, .T. ) ;
#833 = VECTOR ( 'NONE', #11715, 1000.000000000000000 ) ;
#834 = DIRECTION ( 'NONE',  ( 0.1358808089250767570, 0.9907251918498221066, 2.095250037129329479E-17 ) ) ;
#835 = DIRECTION ( 'NONE',  ( 0.000000000000000000, 0.000000000000000000, -1.000000000000000000 ) ) ;
#836 = CARTESIAN_POINT ( 'NONE',  ( 42.50000000000000711, -51.99999999999997868, 0.000000000000000000 ) ) ;
#837 = CARTESIAN_POINT ( 'NONE',  ( 28.87693130457883584, -39.12398950069050585, 112.0000000000000000 ) ) ;
#838 = EDGE_LOOP ( 'NONE', ( #8204, #10730, #8450, #5155 ) ) ;
#839 = ORIENTED_EDGE ( 'NONE', *, *, #12233, .T. ) ;
#840 = CARTESIAN_POINT ( 'NONE',  ( 0.000000000000000000, 114.0000000000000000, -16.50000000000000355 ) ) ;
#841 = CARTESIAN_POINT ( 'NONE',  ( 22.14000000000007162, 45.00000000000001421, 112.0000000000000000 ) ) ;
#842 = EDGE_CURVE ( 'NONE', #878, #64, #862, .T. ) ;
#843 = ORIENTED_EDGE ( 'NONE', *, *, #3826, .T. ) ;
#844 = DIRECTION ( 'NONE',  ( 0.000000000000000000, 1.000000000000000000, 0.000000000000000000 ) ) ;
#845 = CARTESIAN_POINT ( 'NONE',  ( 0.000000000000000000, 114.0000000000000000, -65.50000000000000000 ) ) ;
#846 = EDGE_LOOP ( 'NONE', ( #9810, #5851, #11368, #2426 ) ) ;
#847 = DIRECTION ( 'NONE',  ( -1.000000000000000000, 0.000000000000000000, 0.000000000000000000 ) ) ;
#848 = VECTOR ( 'NONE', #178, 1000.000000000000000 ) ;
#849 = CIRCLE ( 'NONE', #7149, 6.800000000000002487 ) ;
#850 = DIRECTION ( 'NONE',  ( 0.000000000000000000, 0.000000000000000000, -1.000000000000000000 ) ) ;
#851 = AXIS2_PLACEMENT_3D ( 'NONE', #9856, #3870, #7957 ) ;
#852 = LINE ( 'NONE', #7828, #1498 ) ;
#853 = CARTESIAN_POINT ( 'NONE',  ( 4.000000000000006217, 114.0000000000000000, -65.35000000000000853 ) ) ;
#854 = DIRECTION ( 'NONE',  ( 1.000000000000000000, 0.000000000000000000, 0.000000000000000000 ) ) ;
#855 = EDGE_CURVE ( 'NONE', #12698, #12392, #6850, .T. ) ;
#856 = ORIENTED_EDGE ( 'NONE', *, *, #11124, .T. ) ;
#857 = CIRCLE ( 'NONE', #10308, 6.499999999999999112 ) ;
#858 = VERTEX_POINT ( 'NONE', #6795 ) ;
#859 = FACE_OUTER_BOUND ( 'NONE', #5540, .T. ) ;
#860 = ORIENTED_EDGE ( 'NONE', *, *, #186, .F. ) ;
#861 = ORIENTED_EDGE ( 'NONE', *, *, #5337, .T. ) ;
#862 = LINE ( 'NONE', #7897, #1938 ) ;
#863 = EDGE_CURVE ( 'NONE', #12063, #12698, #11792, .T. ) ;
#864 = CARTESIAN_POINT ( 'NONE',  ( -36.50000000000000000, 114.0000000000000000, -50.50000000000000000 ) ) ;
#865 = ADVANCED_FACE ( 'NONE', ( #4796, #2962 ), #6982, .T. ) ;
#866 = CARTESIAN_POINT ( 'NONE',  ( 26.75000000000000355, 114.0000000000000000, -0.5000000000000038858 ) ) ;
#867 = AXIS2_PLACEMENT_3D ( 'NONE', #12556, #5477, #12429 ) ;
#868 = TOROIDAL_SURFACE ( 'NONE', #4847, 30.77624999999999744, 4.599999999999995204 ) ;
#869 = CARTESIAN_POINT ( 'NONE',  ( -57.49999999999994316, 13.07044062190961142, 60.80542639085436463 ) ) ;
#870 = DIRECTION ( 'NONE',  ( 9.796085511398432081E-15, -1.000000000000000000, 0.000000000000000000 ) ) ;
#871 = EDGE_LOOP ( 'NONE', ( #3654, #1631 ) ) ;
#872 = DIRECTION ( 'NONE',  ( -0.1358808089250893303, 0.9907251918498203302, 0.000000000000000000 ) ) ;
#873 = CARTESIAN_POINT ( 'NONE',  ( -45.50000000000000711, -12.65960891921466391, 55.67139415457067031 ) ) ;
#874 = EDGE_LOOP ( 'NONE', ( #6831, #3475, #762, #2127 ) ) ;
#875 = DIRECTION ( 'NONE',  ( -1.000000000000000000, 0.000000000000000000, 0.000000000000000000 ) ) ;
#876 = ORIENTED_EDGE ( 'NONE', *, *, #6127, .T. ) ;
#877 = AXIS2_PLACEMENT_3D ( 'NONE', #3325, #10288, #1493 ) ;
#878 = VERTEX_POINT ( 'NONE', #12043 ) ;
#879 = DIRECTION ( 'NONE',  ( 0.000000000000000000, 1.000000000000000000, 0.000000000000000000 ) ) ;
#880 = EDGE_CURVE ( 'NONE', #3551, #7685, #5936, .T. ) ;
#881 = DIRECTION ( 'NONE',  ( -0.000000000000000000, -0.000000000000000000, 1.000000000000000000 ) ) ;
#882 = EDGE_CURVE ( 'NONE', #1826, #6278, #9866, .T. ) ;
#883 = DIRECTION ( 'NONE',  ( 0.000000000000000000, 0.000000000000000000, 1.000000000000000000 ) ) ;
#884 = ORIENTED_EDGE ( 'NONE', *, *, #4730, .F. ) ;
#885 = ORIENTED_EDGE ( 'NONE', *, *, #1992, .T. ) ;
#886 = AXIS2_PLACEMENT_3D ( 'NONE', #6590, #12755, #9658 ) ;
#887 = PLANE ( 'NONE',  #4324 ) ;
#888 = LINE ( 'NONE', #8913, #12366 ) ;
#889 = ORIENTED_EDGE ( 'NONE', *, *, #1015, .F. ) ;
#890 = ORIENTED_EDGE ( 'NONE', *, *, #6882, .F. ) ;
#891 = LINE ( 'NONE', #11406, #2044 ) ;
#892 = ORIENTED_EDGE ( 'NONE', *, *, #10699, .T. ) ;
#893 = CARTESIAN_POINT ( 'NONE',  ( 45.00000000000000711, -45.00000000000000000, 73.39999999999999147 ) ) ;
#894 = ORIENTED_EDGE ( 'NONE', *, *, #5109, .F. ) ;
#895 = ORIENTED_EDGE ( 'NONE', *, *, #11080, .T. ) ;
#896 = LINE ( 'NONE', #12674, #9943 ) ;
#897 = AXIS2_PLACEMENT_3D ( 'NONE', #7158, #7096, #1320 ) ;
#898 = CARTESIAN_POINT ( 'NONE',  ( -51.50000000000000711, 1.561251128379126385E-14, 25.29999999999998295 ) ) ;
#899 = EDGE_CURVE ( 'NONE', #12875, #10871, #459, .T. ) ;
#900 = DIRECTION ( 'NONE',  ( 1.000000000000000000, 0.000000000000000000, 0.000000000000000000 ) ) ;
#901 = CARTESIAN_POINT ( 'NONE',  ( 52.00000000000012079, -45.49999999999998579, -313.5367466867102166 ) ) ;
#902 = AXIS2_PLACEMENT_3D ( 'NONE', #9656, #658, #4659 ) ;
#903 = VECTOR ( 'NONE', #107, 1000.000000000000000 ) ;
#904 = DIRECTION ( 'NONE',  ( 1.000000000000000000, 0.000000000000000000, 0.000000000000000000 ) ) ;
#905 = ORIENTED_EDGE ( 'NONE', *, *, #11649, .F. ) ;
#906 = ORIENTED_EDGE ( 'NONE', *, *, #250, .F. ) ;
#907 = VECTOR ( 'NONE', #1096, 1000.000000000000000 ) ;
#908 = CARTESIAN_POINT ( 'NONE',  ( -52.00000000000007105, 51.49999999999998579, -1.000000000000000000 ) ) ;
#909 = CARTESIAN_POINT ( 'NONE',  ( 28.28999999999999204, 154.8599999999999852, -61.49999999999999289 ) ) ;
#910 = DIRECTION ( 'NONE',  ( 0.000000000000000000, 1.000000000000000000, 0.000000000000000000 ) ) ;
#911 = EDGE_LOOP ( 'NONE', ( #6142, #894 ) ) ;
#912 = DIRECTION ( 'NONE',  ( 0.000000000000000000, 1.000000000000000000, 0.000000000000000000 ) ) ;
#913 = CARTESIAN_POINT ( 'NONE',  ( 4.000000000000000888, 126.4743737317750885, -3.150000000000003464 ) ) ;
#914 = ORIENTED_EDGE ( 'NONE', *, *, #9337, .F. ) ;
#915 = DIRECTION ( 'NONE',  ( -0.000000000000000000, -0.000000000000000000, 1.000000000000000000 ) ) ;
#916 = VECTOR ( 'NONE', #7690, 1000.000000000000000 ) ;
#917 = DIRECTION ( 'NONE',  ( 1.000000000000000000, 0.000000000000000000, 0.000000000000000000 ) ) ;
#918 = DIRECTION ( 'NONE',  ( -0.000000000000000000, -0.000000000000000000, -1.000000000000000000 ) ) ;
#919 = ORIENTED_EDGE ( 'NONE', *, *, #12803, .F. ) ;
#920 = VECTOR ( 'NONE', #10160, 1000.000000000000000 ) ;
#921 = DIRECTION ( 'NONE',  ( 0.000000000000000000, 0.000000000000000000, -1.000000000000000000 ) ) ;
#922 = DIRECTION ( 'NONE',  ( -0.000000000000000000, -0.000000000000000000, 1.000000000000000000 ) ) ;
#923 = AXIS2_PLACEMENT_3D ( 'NONE', #2616, #1837, #4914 ) ;
#924 = ORIENTED_EDGE ( 'NONE', *, *, #7336, .T. ) ;
#925 = ORIENTED_EDGE ( 'NONE', *, *, #12388, .F. ) ;
#926 = AXIS2_PLACEMENT_3D ( 'NONE', #3656, #10815, #1756 ) ;
#927 = LINE ( 'NONE', #3943, #6928 ) ;
#928 = ORIENTED_EDGE ( 'NONE', *, *, #3053, .T. ) ;
#929 = ORIENTED_EDGE ( 'NONE', *, *, #5780, .F. ) ;
#930 = DIRECTION ( 'NONE',  ( 0.9907251918498203302, 0.1358808089250893303, 1.527674887594230904E-16 ) ) ;
#931 = CARTESIAN_POINT ( 'NONE',  ( -29.00000000000001066, 114.0000000000000000, -88.16592697433104320 ) ) ;
#932 = EDGE_CURVE ( 'NONE', #5263, #340, #3815, .T. ) ;
#933 = EDGE_CURVE ( 'NONE', #8278, #2164, #2143, .T. ) ;
#934 = EDGE_CURVE ( 'NONE', #6774, #5329, #7776, .T. ) ;
#935 = DIRECTION ( 'NONE',  ( 0.000000000000000000, 1.000000000000000000, 0.000000000000000000 ) ) ;
#936 = AXIS2_PLACEMENT_3D ( 'NONE', #8282, #12283, #388 ) ;
#937 = EDGE_CURVE ( 'NONE', #810, #5518, #11173, .T. ) ;
#938 = CARTESIAN_POINT ( 'NONE',  ( -29.33956106112634288, 35.75089393306190289, 10.00000000000000000 ) ) ;
#939 = CARTESIAN_POINT ( 'NONE',  ( 29.33956106112633933, -35.75089393306192420, 112.0000000000000000 ) ) ;
#940 = ORIENTED_EDGE ( 'NONE', *, *, #2408, .F. ) ;
#941 = DIRECTION ( 'NONE',  ( -0.9907251918498203302, -0.1358808089250893303, 0.000000000000000000 ) ) ;
#942 = LINE ( 'NONE', #7976, #12788 ) ;
#943 = EDGE_CURVE ( 'NONE', #11159, #9078, #9795, .T. ) ;
#944 = ORIENTED_EDGE ( 'NONE', *, *, #1282, .T. ) ;
#945 = DIRECTION ( 'NONE',  ( -1.000000000000000000, 0.000000000000000000, 0.000000000000000000 ) ) ;
#946 = ORIENTED_EDGE ( 'NONE', *, *, #4100, .F. ) ;
#947 = LINE ( 'NONE', #4947, #4868 ) ;
#948 = DIRECTION ( 'NONE',  ( -0.000000000000000000, -0.000000000000000000, 1.000000000000000000 ) ) ;
#949 = ADVANCED_FACE ( 'NONE', ( #2826, #3879 ), #11903, .F. ) ;
#950 = CYLINDRICAL_SURFACE ( 'NONE', #7698, 4.999999999999984013 ) ;
#951 = ORIENTED_EDGE ( 'NONE', *, *, #6777, .T. ) ;
#952 = VERTEX_POINT ( 'NONE', #5343 ) ;
#953 = AXIS2_PLACEMENT_3D ( 'NONE', #11771, #2760, #6785 ) ;
#954 = CARTESIAN_POINT ( 'NONE',  ( -29.33956106112635354, 35.75089393306190289, 112.0000000000000000 ) ) ;
#955 = DIRECTION ( 'NONE',  ( 0.000000000000000000, 0.000000000000000000, 1.000000000000000000 ) ) ;
#956 = EDGE_LOOP ( 'NONE', ( #2064, #10153, #6366, #10488 ) ) ;
#957 = EDGE_LOOP ( 'NONE', ( #1278, #4508, #299, #1059 ) ) ;
#958 = LINE ( 'NONE', #2013, #9588 ) ;
#959 = ADVANCED_FACE ( 'NONE', ( #2232 ), #11310, .T. ) ;
#960 = ORIENTED_EDGE ( 'NONE', *, *, #334, .F. ) ;
#961 = CARTESIAN_POINT ( 'NONE',  ( -51.99999999999998579, -42.49999999999997158, 0.000000000000000000 ) ) ;
#962 = ORIENTED_EDGE ( 'NONE', *, *, #990, .T. ) ;
#963 = VERTEX_POINT ( 'NONE', #7374 ) ;
#964 = LINE ( 'NONE', #2076, #920 ) ;
#965 = CARTESIAN_POINT ( 'NONE',  ( 0.000000000000000000, 147.4650000000000034, -2.500000000000007550 ) ) ;
#966 = LINE ( 'NONE', #2022, #4974 ) ;
#967 = CARTESIAN_POINT ( 'NONE',  ( -4.000000000000000888, 126.0536301585870831, -19.50000000000000355 ) ) ;
#968 = AXIS2_PLACEMENT_3D ( 'NONE', #11420, #565, #1561 ) ;
#969 = DIRECTION ( 'NONE',  ( -1.000000000000000000, 0.000000000000000000, 0.000000000000000000 ) ) ;
#970 = EDGE_LOOP ( 'NONE', ( #10770, #1011, #6282, #3959 ) ) ;
#971 = DIRECTION ( 'NONE',  ( -1.000000000000000000, 0.000000000000000000, 0.000000000000000000 ) ) ;
#972 = DIRECTION ( 'NONE',  ( 0.000000000000000000, 0.000000000000000000, 1.000000000000000000 ) ) ;
#973 = EDGE_CURVE ( 'NONE', #5834, #9180, #4335, .T. ) ;
#974 = CARTESIAN_POINT ( 'NONE',  ( 0.000000000000000000, 114.0000000000000000, 9.499999999999994671 ) ) ;
#975 = LINE ( 'NONE', #4844, #1070 ) ;
#976 = ADVANCED_FACE ( 'NONE', ( #9333 ), #6184, .F. ) ;
#977 = LINE ( 'NONE', #4061, #8678 ) ;
#978 = TOROIDAL_SURFACE ( 'NONE', #3074, 36.50000000000000000, 0.9999999999999922284 ) ;
#979 = AXIS2_PLACEMENT_3D ( 'NONE', #11907, #5806, #6796 ) ;
#980 = CARTESIAN_POINT ( 'NONE',  ( -52.00000000000005684, 159.4999999999999716, -72.00000000000001421 ) ) ;
#981 = CARTESIAN_POINT ( 'NONE',  ( -28.08750000000000213, 114.0000000000000000, -21.09556051177057867 ) ) ;
#982 = LINE ( 'NONE', #2037, #5719 ) ;
#983 = ADVANCED_FACE ( 'NONE', ( #7240, #10191 ), #330, .F. ) ;
#984 = CARTESIAN_POINT ( 'NONE',  ( 0.000000000000000000, 114.0000000000000000, -0.5000000000000038858 ) ) ;
#985 = ORIENTED_EDGE ( 'NONE', *, *, #3994, .F. ) ;
#986 = VECTOR ( 'NONE', #10263, 1000.000000000000000 ) ;
#987 = PLANE ( 'NONE',  #5796 ) ;
#988 = CIRCLE ( 'NONE', #10444, 4.250000000000003553 ) ;
#989 = CARTESIAN_POINT ( 'NONE',  ( 4.000000000000000888, 125.8427192823270104, -3.149999999999999911 ) ) ;
#990 = EDGE_CURVE ( 'NONE', #7685, #11453, #3092, .T. ) ;
#991 = EDGE_LOOP ( 'NONE', ( #6605, #12908, #1604, #8284 ) ) ;
#992 = FACE_OUTER_BOUND ( 'NONE', #5711, .T. ) ;
#993 = AXIS2_PLACEMENT_3D ( 'NONE', #2071, #6087, #98 ) ;
#994 = ORIENTED_EDGE ( 'NONE', *, *, #12585, .F. ) ;
#995 = ORIENTED_EDGE ( 'NONE', *, *, #560, .T. ) ;
#996 = DIRECTION ( 'NONE',  ( -0.1358808089250893303, 0.9907251918498203302, -2.095250037129523612E-17 ) ) ;
#997 = CIRCLE ( 'NONE', #10015, 9.500000000000001776 ) ;
#998 = AXIS2_PLACEMENT_3D ( 'NONE', #12508, #5428, #9609 ) ;
#999 = CARTESIAN_POINT ( 'NONE',  ( -12.69999999999999929, 114.0000000000000000, -49.00000000000000000 ) ) ;
#1000 = DIRECTION ( 'NONE',  ( -0.000000000000000000, -0.000000000000000000, 1.000000000000000000 ) ) ;
#1001 = CARTESIAN_POINT ( 'NONE',  ( -42.49999999999998579, -42.49999999999998579, 10.00000000000000000 ) ) ;
#1002 = DIRECTION ( 'NONE',  ( -1.000000000000000000, 0.000000000000000000, -0.000000000000000000 ) ) ;
#1003 = VECTOR ( 'NONE', #1645, 1000.000000000000000 ) ;
#1004 = ORIENTED_EDGE ( 'NONE', *, *, #12119, .T. ) ;
#1005 = CARTESIAN_POINT ( 'NONE',  ( 36.50000000000000711, 114.0000000000000000, -1.500000000000011768 ) ) ;
#1006 = DIRECTION ( 'NONE',  ( 0.8571673007021108903, 0.000000000000000000, 0.5150380749100565980 ) ) ;
#1007 = ADVANCED_FACE ( 'NONE', ( #9199, #4137 ), #5071, .F. ) ;
#1008 = EDGE_CURVE ( 'NONE', #2299, #67, #1133, .T. ) ;
#1009 = ORIENTED_EDGE ( 'NONE', *, *, #3541, .F. ) ;
#1010 = DIRECTION ( 'NONE',  ( -0.000000000000000000, -0.000000000000000000, 1.000000000000000000 ) ) ;
#1011 = ORIENTED_EDGE ( 'NONE', *, *, #10746, .F. ) ;
#1012 = VECTOR ( 'NONE', #7576, 1000.000000000000000 ) ;
#1013 = DIRECTION ( 'NONE',  ( 1.000000000000000000, 0.000000000000000000, 0.000000000000000000 ) ) ;
#1014 = CARTESIAN_POINT ( 'NONE',  ( 0.000000000000000000, 114.0000000000000000, -65.49999999999998579 ) ) ;
#1015 = EDGE_CURVE ( 'NONE', #2697, #5369, #10258, .T. ) ;
#1016 = ORIENTED_EDGE ( 'NONE', *, *, #8344, .T. ) ;
#1017 = CARTESIAN_POINT ( 'NONE',  ( -4.000000000000000888, 125.8427192823270104, -79.00000000000000000 ) ) ;
#1018 = LINE ( 'NONE', #7064, #11100 ) ;
#1019 = VERTEX_POINT ( 'NONE', #8150 ) ;
#1020 = AXIS2_PLACEMENT_3D ( 'NONE', #12353, #6178, #12097 ) ;
#1021 = DIRECTION ( 'NONE',  ( 1.000000000000000000, 0.000000000000000000, 0.000000000000000000 ) ) ;
#1022 = AXIS2_PLACEMENT_3D ( 'NONE', #3183, #8178, #2324 ) ;
#1023 = AXIS2_PLACEMENT_3D ( 'NONE', #5419, #9408, #409 ) ;
#1024 = EDGE_CURVE ( 'NONE', #8290, #3452, #12624, .T. ) ;
#1025 = EDGE_LOOP ( 'NONE', ( #428, #1950, #7095, #8794 ) ) ;
#1026 = DIRECTION ( 'NONE',  ( 1.000000000000000000, 0.000000000000000000, 0.000000000000000000 ) ) ;
#1027 = FACE_OUTER_BOUND ( 'NONE', #4795, .T. ) ;
#1028 = LINE ( 'NONE', #4105, #7296 ) ;
#1029 = CARTESIAN_POINT ( 'NONE',  ( 28.87693130457876123, 39.12398950069061243, 112.0000000000000000 ) ) ;
#1030 = DIRECTION ( 'NONE',  ( 0.000000000000000000, 0.000000000000000000, 1.000000000000000000 ) ) ;
#1031 = EDGE_CURVE ( 'NONE', #3473, #12490, #12164, .T. ) ;
#1032 = VECTOR ( 'NONE', #12902, 1000.000000000000000 ) ;
#1033 = ADVANCED_FACE ( 'NONE', ( #8088, #12102 ), #9273, .F. ) ;
#1034 = FACE_OUTER_BOUND ( 'NONE', #7389, .T. ) ;
#1035 = CARTESIAN_POINT ( 'NONE',  ( -55.25000000000000711, -6.150903230817108103, 39.54999999999999005 ) ) ;
#1036 = ORIENTED_EDGE ( 'NONE', *, *, #6512, .T. ) ;
#1037 = CARTESIAN_POINT ( 'NONE',  ( 27.04000000000000270, 73.14000000000001478, 6.499999999999996447 ) ) ;
#1038 = CYLINDRICAL_SURFACE ( 'NONE', #3131, 6.800000000000000711 ) ;
#1039 = LINE ( 'NONE', #9055, #3412 ) ;
#1040 = CIRCLE ( 'NONE', #7345, 46.99999999999999289 ) ;
#1041 = CARTESIAN_POINT ( 'NONE',  ( -7.000000000000000000, 8.572527594031473190E-16, 4.014523375354076329 ) ) ;
#1042 = AXIS2_PLACEMENT_3D ( 'NONE', #7590, #3447, #6544 ) ;
#1043 = CARTESIAN_POINT ( 'NONE',  ( 0.000000000000000000, 114.0000000000000000, -88.16592697433104320 ) ) ;
#1044 = EDGE_LOOP ( 'NONE', ( #7680, #7404, #6575, #1363 ) ) ;
#1045 = CARTESIAN_POINT ( 'NONE',  ( 4.000000000000000888, 125.8427192823270104, -79.00000000000000000 ) ) ;
#1046 = EDGE_CURVE ( 'NONE', #7364, #9491, #2113, .T. ) ;
#1047 = VECTOR ( 'NONE', #4977, 1000.000000000000000 ) ;
#1048 = CARTESIAN_POINT ( 'NONE',  ( 43.43176079638895715, 71.61880906670245395, 6.499999999999996447 ) ) ;
#1049 = AXIS2_PLACEMENT_3D ( 'NONE', #526, #6521, #12487 ) ;
#1050 = AXIS2_PLACEMENT_3D ( 'NONE', #6808, #9878, #1686 ) ;
#1051 = EDGE_CURVE ( 'NONE', #1222, #10295, #9139, .T. ) ;
#1052 = PLANE ( 'NONE',  #10100 ) ;
#1053 = EDGE_LOOP ( 'NONE', ( #9631, #8666, #7386, #8452, #9284, #4571, #12566 ) ) ;
#1054 = CYLINDRICAL_SURFACE ( 'NONE', #2413, 6.800000000000004263 ) ;
#1055 = CARTESIAN_POINT ( 'NONE',  ( -42.42640687119284593, 42.42640687119283172, 9.999999999999992895 ) ) ;
#1056 = EDGE_CURVE ( 'NONE', #5248, #6917, #1069, .T. ) ;
#1057 = VERTEX_POINT ( 'NONE', #8291 ) ;
#1058 = DIRECTION ( 'NONE',  ( 1.000000000000000000, 0.000000000000000000, 0.000000000000000000 ) ) ;
#1059 = ORIENTED_EDGE ( 'NONE', *, *, #2142, .F. ) ;
#1060 = VERTEX_POINT ( 'NONE', #12293 ) ;
#1061 = CIRCLE ( 'NONE', #11122, 0.9999999999999940048 ) ;
#1062 = DIRECTION ( 'NONE',  ( 1.000000000000000000, 0.000000000000000000, 0.000000000000000000 ) ) ;
#1063 = EDGE_CURVE ( 'NONE', #3303, #3390, #4837, .T. ) ;
#1064 = DIRECTION ( 'NONE',  ( 1.000000000000000000, 0.000000000000000000, 0.000000000000000000 ) ) ;
#1065 = ADVANCED_FACE ( 'NONE', ( #10458 ), #9465, .F. ) ;
#1066 = CIRCLE ( 'NONE', #7156, 4.499999999999997335 ) ;
#1067 = DIRECTION ( 'NONE',  ( -1.000000000000000000, 0.000000000000000000, 0.000000000000000000 ) ) ;
#1068 = DIRECTION ( 'NONE',  ( 0.000000000000000000, 1.000000000000000000, 0.000000000000000000 ) ) ;
#1069 = CIRCLE ( 'NONE', #10726, 22.50000000000000000 ) ;
#1070 = VECTOR ( 'NONE', #2813, 1000.000000000000000 ) ;
#1071 = LINE ( 'NONE', #8896, #1032 ) ;
#1072 = ORIENTED_EDGE ( 'NONE', *, *, #11255, .F. ) ;
#1073 = CARTESIAN_POINT ( 'NONE',  ( 0.000000000000000000, 114.0000000000000000, 0.3267949192431139904 ) ) ;
#1074 = DIRECTION ( 'NONE',  ( -0.000000000000000000, -0.000000000000000000, -1.000000000000000000 ) ) ;
#1075 = EDGE_LOOP ( 'NONE', ( #8963, #12355 ) ) ;
#1076 = DIRECTION ( 'NONE',  ( 0.000000000000000000, -1.000000000000000000, 0.000000000000000000 ) ) ;
#1077 = ORIENTED_EDGE ( 'NONE', *, *, #11124, .F. ) ;
#1078 = ORIENTED_EDGE ( 'NONE', *, *, #8932, .T. ) ;
#1079 = VECTOR ( 'NONE', #10174, 1000.000000000000000 ) ;
#1080 = CARTESIAN_POINT ( 'NONE',  ( 32.17016143302159747, 150.9605291273451542, 62.93607486307095655 ) ) ;
#1081 = DIRECTION ( 'NONE',  ( -0.000000000000000000, -0.000000000000000000, 1.000000000000000000 ) ) ;
#1082 = ORIENTED_EDGE ( 'NONE', *, *, #10934, .F. ) ;
#1083 = CARTESIAN_POINT ( 'NONE',  ( -25.78999999999999915, 73.14000000000000057, -69.99999999999998579 ) ) ;
#1084 = CARTESIAN_POINT ( 'NONE',  ( 35.75089393306191710, 29.33956106112633933, 73.39999999999999147 ) ) ;
#1085 = FACE_BOUND ( 'NONE', #11571, .T. ) ;
#1086 = VERTEX_POINT ( 'NONE', #3554 ) ;
#1087 = TOROIDAL_SURFACE ( 'NONE', #11164, 30.77624999999999744, 4.599999999999995204 ) ;
#1088 = AXIS2_PLACEMENT_3D ( 'NONE', #3228, #1401, #11311 ) ;
#1089 = EDGE_LOOP ( 'NONE', ( #8149, #3723, #12874, #6562 ) ) ;
#1090 = DIRECTION ( 'NONE',  ( 1.000000000000000000, 0.000000000000000000, -0.000000000000000000 ) ) ;
#1091 = VECTOR ( 'NONE', #12989, 1000.000000000000000 ) ;
#1092 = FACE_OUTER_BOUND ( 'NONE', #1025, .T. ) ;
#1093 = ORIENTED_EDGE ( 'NONE', *, *, #11673, .F. ) ;
#1094 = DIRECTION ( 'NONE',  ( 1.000000000000000000, 0.000000000000000000, 0.000000000000000000 ) ) ;
#1095 = DIRECTION ( 'NONE',  ( 0.000000000000000000, 0.000000000000000000, -1.000000000000000000 ) ) ;
#1096 = DIRECTION ( 'NONE',  ( 0.000000000000000000, 0.000000000000000000, -1.000000000000000000 ) ) ;
#1097 = ADVANCED_FACE ( 'NONE', ( #7440 ), #5406, .T. ) ;
#1098 = VECTOR ( 'NONE', #5986, 1000.000000000000227 ) ;
#1099 = DIRECTION ( 'NONE',  ( -0.000000000000000000, -0.000000000000000000, 1.000000000000000000 ) ) ;
#1100 = AXIS2_PLACEMENT_3D ( 'NONE', #9315, #3598, #2477 ) ;
#1101 = EDGE_CURVE ( 'NONE', #12243, #9102, #857, .T. ) ;
#1102 = EDGE_CURVE ( 'NONE', #1264, #12516, #6654, .T. ) ;
#1103 = DIRECTION ( 'NONE',  ( -0.000000000000000000, -0.000000000000000000, -1.000000000000000000 ) ) ;
#1104 = CARTESIAN_POINT ( 'NONE',  ( 0.000000000000000000, 114.0000000000000000, -0.5000000000000213163 ) ) ;
#1105 = ORIENTED_EDGE ( 'NONE', *, *, #12494, .F. ) ;
#1106 = LINE ( 'NONE', #4113, #903 ) ;
#1107 = CARTESIAN_POINT ( 'NONE',  ( 0.000000000000000000, 114.0000000000000000, -57.50000000000000000 ) ) ;
#1108 = CARTESIAN_POINT ( 'NONE',  ( -45.00000000000000711, 45.00000000000000000, 112.0000000000000000 ) ) ;
#1109 = VECTOR ( 'NONE', #3001, 1000.000000000000000 ) ;
#1110 = CARTESIAN_POINT ( 'NONE',  ( 0.000000000000000000, 114.0000000000000000, -77.00000000000000000 ) ) ;
#1111 = CC_DESIGN_PERSON_AND_ORGANIZATION_ASSIGNMENT ( #10614, #6676, ( #7774 ) ) ;
#1112 = ADVANCED_FACE ( 'NONE', ( #10655 ), #8616, .F. ) ;
#1113 = CARTESIAN_POINT ( 'NONE',  ( 20.00000000000000355, 114.0000000000000000, 9.499999999999994671 ) ) ;
#1114 = ORIENTED_EDGE ( 'NONE', *, *, #932, .T. ) ;
#1115 = CYLINDRICAL_SURFACE ( 'NONE', #10339, 6.800000000000007816 ) ;
#1116 = CIRCLE ( 'NONE', #484, 22.50000000000000000 ) ;
#1117 = DIRECTION ( 'NONE',  ( 0.9907251918498221066, -0.1358808089250767570, 0.000000000000000000 ) ) ;
#1118 = CIRCLE ( 'NONE', #4889, 6.800000000000004263 ) ;
#1119 = CARTESIAN_POINT ( 'NONE',  ( 52.00000000000002132, 52.00000000000002842, 10.00000000000000000 ) ) ;
#1120 = VERTEX_POINT ( 'NONE', #2366 ) ;
#1121 = ORIENTED_EDGE ( 'NONE', *, *, #12803, .T. ) ;
#1122 = LINE ( 'NONE', #3085, #12496 ) ;
#1123 = DIRECTION ( 'NONE',  ( 1.000000000000000000, 0.000000000000000000, 0.000000000000000000 ) ) ;
#1124 = ADVANCED_FACE ( 'NONE', ( #11446 ), #9657, .T. ) ;
#1125 = AXIS2_PLACEMENT_3D ( 'NONE', #8471, #12477, #6506 ) ;
#1126 = VERTEX_POINT ( 'NONE', #12491 ) ;
#1127 = DIRECTION ( 'NONE',  ( 1.000000000000000000, 0.000000000000000000, 0.000000000000000000 ) ) ;
#1128 = AXIS2_PLACEMENT_3D ( 'NONE', #7282, #7544, #8466 ) ;
#1129 = EDGE_CURVE ( 'NONE', #7238, #9857, #3486, .T. ) ;
#1130 = EDGE_LOOP ( 'NONE', ( #856, #3884, #1616, #7770 ) ) ;
#1131 = ORIENTED_EDGE ( 'NONE', *, *, #11466, .F. ) ;
#1132 = AXIS2_PLACEMENT_3D ( 'NONE', #3068, #3918, #9051 ) ;
#1133 = LINE ( 'NONE', #12361, #2331 ) ;
#1134 = DIRECTION ( 'NONE',  ( -1.000000000000000000, 0.000000000000000000, 0.000000000000000000 ) ) ;
#1135 = VECTOR ( 'NONE', #9763, 1000.000000000000000 ) ;
#1136 = CARTESIAN_POINT ( 'NONE',  ( -29.33956106112633933, -35.75089393306184604, 10.00000000000000000 ) ) ;
#1137 = DIRECTION ( 'NONE',  ( -0.000000000000000000, -0.000000000000000000, -1.000000000000000000 ) ) ;
#1138 = VECTOR ( 'NONE', #13000, 1000.000000000000000 ) ;
#1139 = PLANE ( 'NONE',  #6716 ) ;
#1140 = ORIENTED_EDGE ( 'NONE', *, *, #4253, .T. ) ;
#1141 = PLANE ( 'NONE',  #2493 ) ;
#1142 = CARTESIAN_POINT ( 'NONE',  ( 0.000000000000000000, 114.0000000000000000, -72.00000000000000000 ) ) ;
#1143 = EDGE_CURVE ( 'NONE', #10058, #9346, #11990, .T. ) ;
#1144 = ORIENTED_EDGE ( 'NONE', *, *, #1699, .F. ) ;
#1145 = FACE_OUTER_BOUND ( 'NONE', #3811, .T. ) ;
#1146 = ADVANCED_FACE ( 'NONE', ( #10393 ), #597, .F. ) ;
#1147 = CARTESIAN_POINT ( 'NONE',  ( 0.000000000000000000, 114.0000000000000000, -77.00000000000000000 ) ) ;
#1148 = AXIS2_PLACEMENT_3D ( 'NONE', #10517, #321, #1515 ) ;
#1149 = ORIENTED_EDGE ( 'NONE', *, *, #11624, .F. ) ;
#1150 = CARTESIAN_POINT ( 'NONE',  ( 47.24999999999998579, 142.4311571906855534, 6.499999999999996447 ) ) ;
#1151 = ORIENTED_EDGE ( 'NONE', *, *, #2955, .T. ) ;
#1152 = ORIENTED_EDGE ( 'NONE', *, *, #4867, .T. ) ;
#1153 = CARTESIAN_POINT ( 'NONE',  ( -51.50000000000000711, -12.37139580705811426, 53.22051328909001455 ) ) ;
#1154 = DIRECTION ( 'NONE',  ( 1.000000000000000000, 0.000000000000000000, 0.000000000000000000 ) ) ;
#1155 = EDGE_LOOP ( 'NONE', ( #1537, #5772, #7682, #97 ) ) ;
#1156 = FACE_OUTER_BOUND ( 'NONE', #970, .T. ) ;
#1157 = EDGE_CURVE ( 'NONE', #12569, #7674, #1400, .T. ) ;
#1158 = ORIENTED_EDGE ( 'NONE', *, *, #9766, .T. ) ;
#1159 = LINE ( 'NONE', #2015, #10319 ) ;
#1160 = EDGE_LOOP ( 'NONE', ( #7203, #9101 ) ) ;
#1161 = CARTESIAN_POINT ( 'NONE',  ( -39.12398950069049874, -28.87693130457884649, 112.0000000000000000 ) ) ;
#1162 = DIRECTION ( 'NONE',  ( 0.000000000000000000, 0.000000000000000000, -1.000000000000000000 ) ) ;
#1163 = CARTESIAN_POINT ( 'NONE',  ( -51.50000000000000711, 13.14532928934594658, 55.54749221803537296 ) ) ;
#1164 = CARTESIAN_POINT ( 'NONE',  ( 0.000000000000000000, 114.0000000000000000, -0.4999999999999900080 ) ) ;
#1165 = CIRCLE ( 'NONE', #3257, 4.499999999999997335 ) ;
#1166 = PLANE ( 'NONE',  #2094 ) ;
#1167 = DIRECTION ( 'NONE',  ( 1.156482317317871478E-16, 0.000000000000000000, -1.000000000000000000 ) ) ;
#1168 = ORIENTED_EDGE ( 'NONE', *, *, #717, .T. ) ;
#1169 = DIRECTION ( 'NONE',  ( -0.000000000000000000, -0.000000000000000000, 1.000000000000000000 ) ) ;
#1170 = DIRECTION ( 'NONE',  ( 1.000000000000000000, 0.000000000000000000, 0.000000000000000000 ) ) ;
#1171 = DIRECTION ( 'NONE',  ( -0.000000000000000000, 0.000000000000000000, -1.000000000000000000 ) ) ;
#1172 = AXIS2_PLACEMENT_3D ( 'NONE', #12286, #12096, #9192 ) ;
#1173 = EDGE_CURVE ( 'NONE', #11880, #1019, #10526, .T. ) ;
#1174 = DIRECTION ( 'NONE',  ( -0.000000000000000000, -0.000000000000000000, -1.000000000000000000 ) ) ;
#1175 = ADVANCED_FACE ( 'NONE', ( #10528 ), #3622, .F. ) ;
#1176 = ORIENTED_EDGE ( 'NONE', *, *, #4775, .F. ) ;
#1177 = CARTESIAN_POINT ( 'NONE',  ( 28.43660512957057662, 66.00000000000000000, 11.49999999999999645 ) ) ;
#1178 = AXIS2_PLACEMENT_3D ( 'NONE', #1496, #6555, #2466 ) ;
#1179 = DIRECTION ( 'NONE',  ( -1.000000000000000000, 0.000000000000000000, 0.000000000000000000 ) ) ;
#1180 = EDGE_CURVE ( 'NONE', #605, #2354, #1528, .T. ) ;
#1181 = CARTESIAN_POINT ( 'NONE',  ( 22.50000000000000000, 114.0000000000000000, -50.50000000000000000 ) ) ;
#1182 = ORIENTED_EDGE ( 'NONE', *, *, #5381, .T. ) ;
#1183 = EDGE_LOOP ( 'NONE', ( #2226, #1190, #4989, #2995 ) ) ;
#1184 = DIRECTION ( 'NONE',  ( 0.000000000000000000, 0.000000000000000000, 1.000000000000000000 ) ) ;
#1185 = FACE_OUTER_BOUND ( 'NONE', #1897, .T. ) ;
#1186 = EDGE_LOOP ( 'NONE', ( #610, #7514, #1823 ) ) ;
#1187 = AXIS2_PLACEMENT_3D ( 'NONE', #6408, #11399, #9544 ) ;
#1188 = FACE_OUTER_BOUND ( 'NONE', #7369, .T. ) ;
#1189 = EDGE_CURVE ( 'NONE', #8543, #5759, #3682, .T. ) ;
#1190 = ORIENTED_EDGE ( 'NONE', *, *, #7464, .T. ) ;
#1191 = EDGE_LOOP ( 'NONE', ( #2792, #1740, #3659, #4791 ) ) ;
#1192 = DIRECTION ( 'NONE',  ( 0.000000000000000000, -0.000000000000000000, 1.000000000000000000 ) ) ;
#1193 = LINE ( 'NONE', #5204, #11793 ) ;
#1194 = CIRCLE ( 'NONE', #1624, 6.499999999999999112 ) ;
#1195 = DIRECTION ( 'NONE',  ( 1.000000000000000000, 0.000000000000000000, 0.000000000000000000 ) ) ;
#1196 = DIRECTION ( 'NONE',  ( 1.000000000000000000, 0.000000000000000000, 0.000000000000000000 ) ) ;
#1197 = VECTOR ( 'NONE', #4293, 1000.000000000000000 ) ;
#1198 = CONICAL_SURFACE ( 'NONE', #11268, 19.00000000000000355, 0.7853981633974482790 ) ;
#1199 = ADVANCED_FACE ( 'NONE', ( #531 ), #4535, .T. ) ;
#1200 = DIRECTION ( 'NONE',  ( 1.000000000000000000, 0.000000000000000000, 0.000000000000000000 ) ) ;
#1201 = LINE ( 'NONE', #12108, #2705 ) ;
#1202 = VECTOR ( 'NONE', #4761, 1000.000000000000000 ) ;
#1203 = EDGE_LOOP ( 'NONE', ( #10641, #5444, #10268, #11919 ) ) ;
#1204 = CARTESIAN_POINT ( 'NONE',  ( 29.33956106112633933, -35.75089393306192420, 112.0000000000000000 ) ) ;
#1205 = CARTESIAN_POINT ( 'NONE',  ( -45.50000000000000000, -13.07521828316742152, 57.69572726120699002 ) ) ;
#1206 = ORIENTED_EDGE ( 'NONE', *, *, #1056, .T. ) ;
#1207 = DIRECTION ( 'NONE',  ( 1.000000000000000000, 0.000000000000000000, 0.000000000000000000 ) ) ;
#1208 = CIRCLE ( 'NONE', #12960, 23.50000000000000000 ) ;
#1209 = ORIENTED_EDGE ( 'NONE', *, *, #12146, .F. ) ;
#1210 = AXIS2_PLACEMENT_3D ( 'NONE', #9675, #4614, #8506 ) ;
#1211 = AXIS2_PLACEMENT_3D ( 'NONE', #10030, #4907, #900 ) ;
#1212 = VERTEX_POINT ( 'NONE', #4406 ) ;
#1213 = DIRECTION ( 'NONE',  ( -0.000000000000000000, -0.000000000000000000, -1.000000000000000000 ) ) ;
#1214 = ORIENTED_EDGE ( 'NONE', *, *, #7368, .T. ) ;
#1215 = DIRECTION ( 'NONE',  ( 0.000000000000000000, 0.000000000000000000, -1.000000000000000000 ) ) ;
#1216 = VERTEX_POINT ( 'NONE', #11765 ) ;
#1217 = ADVANCED_FACE ( 'NONE', ( #11701 ), #12835, .F. ) ;
#1218 = FACE_OUTER_BOUND ( 'NONE', #652, .T. ) ;
#1219 = VECTOR ( 'NONE', #5394, 1000.000000000000114 ) ;
#1220 = EDGE_CURVE ( 'NONE', #8433, #9306, #2548, .T. ) ;
#1221 = DIRECTION ( 'NONE',  ( -0.000000000000000000, -0.000000000000000000, 1.000000000000000000 ) ) ;
#1222 = VERTEX_POINT ( 'NONE', #6779 ) ;
#1223 = MANIFOLD_SOLID_BREP ( 'GFS6G5Å`100FR_S-5/S-BB6009ZZ-G-1-solid3', #7019 ) ;
#1224 = ORIENTED_EDGE ( 'NONE', *, *, #1015, .T. ) ;
#1225 = DIRECTION ( 'NONE',  ( -1.000000000000000000, 0.000000000000000000, 0.000000000000000000 ) ) ;
#1226 = EDGE_LOOP ( 'NONE', ( #670, #10155, #7201, #9762 ) ) ;
#1227 = ORIENTED_EDGE ( 'NONE', *, *, #9020, .T. ) ;
#1228 = DIRECTION ( 'NONE',  ( -0.000000000000000000, -0.000000000000000000, 1.000000000000000000 ) ) ;
#1229 = ORIENTED_EDGE ( 'NONE', *, *, #10216, .T. ) ;
#1230 = CARTESIAN_POINT ( 'NONE',  ( 19.90000000000000213, 114.0000000000000000, 0.3267949192431139904 ) ) ;
#1231 = CARTESIAN_POINT ( 'NONE',  ( -28.08750000000000213, 114.0000000000000000, -53.76762496022975313 ) ) ;
#1232 = CARTESIAN_POINT ( 'NONE',  ( -51.50000000000000000, 9.891959196743053795, 46.76305422273924961 ) ) ;
#1233 = DIRECTION ( 'NONE',  ( -0.000000000000000000, -0.000000000000000000, 1.000000000000000000 ) ) ;
#1234 = VERTEX_POINT ( 'NONE', #9779 ) ;
#1235 = EDGE_CURVE ( 'NONE', #1697, #10757, #9720, .T. ) ;
#1236 = ORIENTED_EDGE ( 'NONE', *, *, #11443, .F. ) ;
#1237 = CIRCLE ( 'NONE', #8579, 22.50000000000000355 ) ;
#1238 = AXIS2_PLACEMENT_3D ( 'NONE', #1602, #9600, #8562 ) ;
#1239 = CARTESIAN_POINT ( 'NONE',  ( -42.42640687119307330, 71.57359312880737434, -77.00000000000000000 ) ) ;
#1240 = CARTESIAN_POINT ( 'NONE',  ( -26.17625000000000313, 114.0000000000000000, -8.500000000000003553 ) ) ;
#1241 = EDGE_LOOP ( 'NONE', ( #2934, #9186, #3059, #5714 ) ) ;
#1242 = CARTESIAN_POINT ( 'NONE',  ( 52.00000000000001421, -42.49999999999997868, 0.000000000000000000 ) ) ;
#1243 = VERTEX_POINT ( 'NONE', #7699 ) ;
#1244 = CARTESIAN_POINT ( 'NONE',  ( -28.08750000000000213, 114.0000000000000000, -14.50000000000000711 ) ) ;
#1245 = CARTESIAN_POINT ( 'NONE',  ( 45.50000000000002842, 62.00000000000836309, -67.00000000000000000 ) ) ;
#1246 = DIRECTION ( 'NONE',  ( 1.000000000000000000, 0.000000000000000000, 0.000000000000000000 ) ) ;
#1247 = ORIENTED_EDGE ( 'NONE', *, *, #10055, .T. ) ;
#1248 = AXIS2_PLACEMENT_3D ( 'NONE', #11108, #2100, #2360 ) ;
#1249 = VECTOR ( 'NONE', #6876, 1000.000000000000000 ) ;
#1250 = LINE ( 'NONE', #5186, #12229 ) ;
#1251 = CIRCLE ( 'NONE', #11529, 26.00000000000000000 ) ;
#1252 = ORIENTED_EDGE ( 'NONE', *, *, #62, .T. ) ;
#1253 = FACE_BOUND ( 'NONE', #10145, .T. ) ;
#1254 = FACE_OUTER_BOUND ( 'NONE', #4960, .T. ) ;
#1255 = EDGE_LOOP ( 'NONE', ( #525, #9436, #12095, #9178 ) ) ;
#1256 = EDGE_LOOP ( 'NONE', ( #11266, #6061, #10645 ) ) ;
#1257 = VECTOR ( 'NONE', #4451, 1000.000000000000000 ) ;
#1258 = DIRECTION ( 'NONE',  ( -0.000000000000000000, -0.000000000000000000, 1.000000000000000000 ) ) ;
#1259 = VECTOR ( 'NONE', #4020, 1000.000000000000114 ) ;
#1260 = DIRECTION ( 'NONE',  ( 1.000000000000000000, 0.000000000000000000, 0.000000000000000000 ) ) ;
#1261 = ORIENTED_EDGE ( 'NONE', *, *, #7998, .T. ) ;
#1262 = DIRECTION ( 'NONE',  ( 1.000000000000000000, 0.000000000000000000, 0.000000000000000000 ) ) ;
#1263 = ORIENTED_EDGE ( 'NONE', *, *, #5880, .F. ) ;
#1264 = VERTEX_POINT ( 'NONE', #12754 ) ;
#1265 = DIRECTION ( 'NONE',  ( -0.000000000000000000, -0.000000000000000000, 1.000000000000000000 ) ) ;
#1266 = CARTESIAN_POINT ( 'NONE',  ( 28.08750000000000213, 114.0000000000000000, -12.23237503977025575 ) ) ;
#1267 = AXIS2_PLACEMENT_3D ( 'NONE', #105, #6037, #3917 ) ;
#1268 = AXIS2_PLACEMENT_3D ( 'NONE', #4729, #1479, #2635 ) ;
#1269 = DIRECTION ( 'NONE',  ( -0.000000000000000000, -0.000000000000000000, 1.000000000000000000 ) ) ;
#1270 = DIRECTION ( 'NONE',  ( -0.000000000000000000, -0.000000000000000000, 1.000000000000000000 ) ) ;
#1271 = EDGE_CURVE ( 'NONE', #11166, #4673, #7167, .T. ) ;
#1272 = CARTESIAN_POINT ( 'NONE',  ( -57.49999999999979394, -13.07044062190960609, 60.80542639085427226 ) ) ;
#1273 = CARTESIAN_POINT ( 'NONE',  ( -30.85709361942888052, 78.54806389826077861, -69.99999999999998579 ) ) ;
#1274 = ORIENTED_EDGE ( 'NONE', *, *, #10985, .F. ) ;
#1275 = CIRCLE ( 'NONE', #12399, 34.50000000000000711 ) ;
#1276 = CYLINDRICAL_SURFACE ( 'NONE', #6271, 33.46499999999999631 ) ;
#1277 = CARTESIAN_POINT ( 'NONE',  ( -51.49999999999997868, 10.69443030939466688, 67.15912120029183541 ) ) ;
#1278 = ORIENTED_EDGE ( 'NONE', *, *, #5931, .F. ) ;
#1279 = DIRECTION ( 'NONE',  ( -0.000000000000000000, -0.000000000000000000, 1.000000000000000000 ) ) ;
#1280 = EDGE_LOOP ( 'NONE', ( #6893, #4380, #5033, #6298 ) ) ;
#1281 = EDGE_CURVE ( 'NONE', #11159, #4191, #1513, .T. ) ;
#1282 = EDGE_CURVE ( 'NONE', #8078, #8278, #10718, .T. ) ;
#1283 = ORIENTED_EDGE ( 'NONE', *, *, #11649, .T. ) ;
#1284 = AXIS2_PLACEMENT_3D ( 'NONE', #3263, #308, #2207 ) ;
#1285 = CARTESIAN_POINT ( 'NONE',  ( 0.000000000000000000, 114.0000000000000000, -64.00000000000000000 ) ) ;
#1286 = DIRECTION ( 'NONE',  ( -1.000000000000000000, 0.000000000000000000, 0.000000000000000000 ) ) ;
#1287 = AXIS2_PLACEMENT_3D ( 'NONE', #3927, #5984, #912 ) ;
#1288 = ORIENTED_EDGE ( 'NONE', *, *, #779, .T. ) ;
#1289 = CARTESIAN_POINT ( 'NONE',  ( 36.50000000000000711, 114.0000000000000000, -0.5000000000000213163 ) ) ;
#1290 = DIRECTION ( 'NONE',  ( -0.9907251918498221066, 0.1358808089250767570, -1.145756165695674842E-16 ) ) ;
#1291 = ORIENTED_EDGE ( 'NONE', *, *, #10599, .F. ) ;
#1292 = CARTESIAN_POINT ( 'NONE',  ( -45.50000000000007816, 44.99999999999998579, -1.000000000000000000 ) ) ;
#1293 = ORIENTED_EDGE ( 'NONE', *, *, #2445, .F. ) ;
#1294 = ORIENTED_EDGE ( 'NONE', *, *, #5073, .T. ) ;
#1295 = EDGE_CURVE ( 'NONE', #12906, #12839, #11580, .T. ) ;
#1296 = DIRECTION ( 'NONE',  ( 0.000000000000000000, 0.000000000000000000, -1.000000000000000000 ) ) ;
#1297 = ORIENTED_EDGE ( 'NONE', *, *, #2457, .F. ) ;
#1298 = AXIS2_PLACEMENT_3D ( 'NONE', #10508, #377, #1573 ) ;
#1299 = ADVANCED_FACE ( 'NONE', ( #12216 ), #6053, .F. ) ;
#1300 = FACE_BOUND ( 'NONE', #4757, .T. ) ;
#1301 = DIRECTION ( 'NONE',  ( 1.000000000000000000, 0.000000000000000000, 0.000000000000000000 ) ) ;
#1302 = ORIENTED_EDGE ( 'NONE', *, *, #6688, .T. ) ;
#1303 = CARTESIAN_POINT ( 'NONE',  ( 52.00000000000012079, -45.49999999999998579, 0.000000000000000000 ) ) ;
#1304 = DIRECTION ( 'NONE',  ( 1.000000000000000000, 0.000000000000000000, 0.000000000000000000 ) ) ;
#1305 = VERTEX_POINT ( 'NONE', #3020 ) ;
#1306 = TOROIDAL_SURFACE ( 'NONE', #9480, 30.77624999999999744, 4.499999999999997335 ) ;
#1307 = LINE ( 'NONE', #12528, #12893 ) ;
#1308 = CARTESIAN_POINT ( 'NONE',  ( 45.49999999999994316, 165.9999999999999716, -72.00000000000001421 ) ) ;
#1309 = ORIENTED_EDGE ( 'NONE', *, *, #4553, .T. ) ;
#1310 = FACE_OUTER_BOUND ( 'NONE', #1325, .T. ) ;
#1311 = DIRECTION ( 'NONE',  ( -6.672013369141565463E-17, -1.000000000000000000, 0.000000000000000000 ) ) ;
#1312 = DIRECTION ( 'NONE',  ( 0.000000000000000000, 0.000000000000000000, -1.000000000000000000 ) ) ;
#1313 = CARTESIAN_POINT ( 'NONE',  ( -22.50000000000000000, 114.0000000000000000, -50.50000000000000000 ) ) ;
#1314 = EDGE_CURVE ( 'NONE', #11525, #3340, #8210, .T. ) ;
#1315 = CYLINDRICAL_SURFACE ( 'NONE', #6596, 26.75000000000000355 ) ;
#1316 = AXIS2_PLACEMENT_3D ( 'NONE', #9168, #12193, #7140 ) ;
#1317 = VECTOR ( 'NONE', #5056, 1000.000000000000000 ) ;
#1318 = ORIENTED_EDGE ( 'NONE', *, *, #1143, .T. ) ;
#1319 = AXIS2_PLACEMENT_3D ( 'NONE', #5455, #6633, #9564 ) ;
#1320 = DIRECTION ( 'NONE',  ( -1.000000000000000000, 0.000000000000000000, 0.000000000000000000 ) ) ;
#1321 = ADVANCED_FACE ( 'NONE', ( #4124 ), #9065, .T. ) ;
#1322 = ORIENTED_EDGE ( 'NONE', *, *, #10253, .F. ) ;
#1323 = DIRECTION ( 'NONE',  ( 5.551115123125781470E-17, 1.386669559958809814E-32, 1.000000000000000000 ) ) ;
#1324 = CARTESIAN_POINT ( 'NONE',  ( -29.33956106112633933, -35.75089393306184604, 53.29999999999997584 ) ) ;
#1325 = EDGE_LOOP ( 'NONE', ( #10912, #6883, #1077, #1883 ) ) ;
#1326 = VECTOR ( 'NONE', #712, 1000.000000000000000 ) ;
#1327 = CARTESIAN_POINT ( 'NONE',  ( 29.00000000000001066, 114.0000000000000000, -77.00000000000000000 ) ) ;
#1328 = DIRECTION ( 'NONE',  ( -0.8571673007021108903, 1.049727191138616847E-16, 0.5150380749100565980 ) ) ;
#1329 = ORIENTED_EDGE ( 'NONE', *, *, #483, .F. ) ;
#1330 = DIRECTION ( 'NONE',  ( 0.000000000000000000, 1.000000000000000000, 0.000000000000000000 ) ) ;
#1331 = ADVANCED_FACE ( 'NONE', ( #11171 ), #11235, .F. ) ;
#1332 = ORIENTED_EDGE ( 'NONE', *, *, #1593, .F. ) ;
#1333 = EDGE_LOOP ( 'NONE', ( #7750, #6959, #7157, #4385 ) ) ;
#1334 = VECTOR ( 'NONE', #1844, 1000.000000000000000 ) ;
#1335 = DIRECTION ( 'NONE',  ( -1.000000000000000000, 0.000000000000000000, 0.000000000000000000 ) ) ;
#1336 = DIRECTION ( 'NONE',  ( -0.000000000000000000, -0.000000000000000000, 1.000000000000000000 ) ) ;
#1337 = CYLINDRICAL_SURFACE ( 'NONE', #11699, 7.499999999999985789 ) ;
#1338 = CARTESIAN_POINT ( 'NONE',  ( -42.42640687119281040, -42.42640687119281040, 0.000000000000000000 ) ) ;
#1339 = PLANE ( 'NONE',  #12783 ) ;
#1340 = DIRECTION ( 'NONE',  ( 0.1358808089250893303, -0.9907251918498203302, 0.000000000000000000 ) ) ;
#1341 = CARTESIAN_POINT ( 'NONE',  ( 0.000000000000000000, 114.0000000000000000, -65.49999999999998579 ) ) ;
#1342 = CIRCLE ( 'NONE', #8681, 7.499999999999985789 ) ;
#1343 = VECTOR ( 'NONE', #4223, 1000.000000000000000 ) ;
#1344 = VERTEX_POINT ( 'NONE', #188 ) ;
#1345 = CARTESIAN_POINT ( 'NONE',  ( -42.42640687119281750, 38.17640687119286014, 0.000000000000000000 ) ) ;
#1346 = CARTESIAN_POINT ( 'NONE',  ( -45.50000000000000711, 6.000000000000032863, 39.80000000000005400 ) ) ;
#1347 = ORIENTED_EDGE ( 'NONE', *, *, #157, .T. ) ;
#1348 = CARTESIAN_POINT ( 'NONE',  ( 0.000000000000000000, 114.0000000000000000, -72.00000000000000000 ) ) ;
#1349 = EDGE_CURVE ( 'NONE', #12516, #2137, #12199, .T. ) ;
#1350 = ADVANCED_FACE ( 'NONE', ( #5989 ), #7034, .T. ) ;
#1351 = EDGE_CURVE ( 'NONE', #7415, #5159, #10950, .T. ) ;
#1352 = CIRCLE ( 'NONE', #8055, 5.000000000000000888 ) ;
#1353 = LINE ( 'NONE', #9348, #1830 ) ;
#1354 = CARTESIAN_POINT ( 'NONE',  ( -51.50000000000003553, -13.57707609273045968, 57.64361941131991784 ) ) ;
#1355 = CIRCLE ( 'NONE', #8689, 23.50000000000000000 ) ;
#1356 = ORIENTED_EDGE ( 'NONE', *, *, #10826, .T. ) ;
#1357 = ADVANCED_FACE ( 'NONE', ( #1254 ), #2163, .F. ) ;
#1358 = LINE ( 'NONE', #5096, #10309 ) ;
#1359 = CC_DESIGN_PERSON_AND_ORGANIZATION_ASSIGNMENT ( #10410, #549, ( #11959 ) ) ;
#1360 = EDGE_CURVE ( 'NONE', #9006, #2697, #982, .T. ) ;
#1361 = FACE_OUTER_BOUND ( 'NONE', #9462, .T. ) ;
#1362 = CLOSED_SHELL ( 'NONE', ( #1520, #4522, #8857, #3620, #4865, #9932, #6459, #7385, #11889, #8459, #4428, #8890, #9531, #5525, #4466, #4693, #11502, #10914, #1007, #12280, #8739, #6251, #7650, #6125, #2319, #11835, #3376, #379, #1097, #9159, #8081, #9723, #7273, #12910, #976, #8823, #740, #9448 ) ) ;
#1363 = ORIENTED_EDGE ( 'NONE', *, *, #3026, .T. ) ;
#1364 = DIRECTION ( 'NONE',  ( 0.000000000000000000, 0.000000000000000000, -1.000000000000000000 ) ) ;
#1365 = EDGE_LOOP ( 'NONE', ( #9684, #10440, #8130, #4728 ) ) ;
#1366 = CARTESIAN_POINT ( 'NONE',  ( 30.77624999999999744, 114.0000000000000000, -8.500000000000003553 ) ) ;
#1367 = ORIENTED_EDGE ( 'NONE', *, *, #11317, .F. ) ;
#1368 = ADVANCED_FACE ( 'NONE', ( #5262 ), #7956, .F. ) ;
#1369 = CARTESIAN_POINT ( 'NONE',  ( 0.000000000000000000, 114.0000000000000000, -4.767624960229753128 ) ) ;
#1370 = CARTESIAN_POINT ( 'NONE',  ( -29.33956106112635354, 35.75089393306190289, 73.39999999999997726 ) ) ;
#1371 = CARTESIAN_POINT ( 'NONE',  ( -51.49999999999994316, -10.69443030939464023, 67.15912120029202015 ) ) ;
#1372 = DIRECTION ( 'NONE',  ( 0.000000000000000000, 0.000000000000000000, -1.000000000000000000 ) ) ;
#1373 = EDGE_LOOP ( 'NONE', ( #10010, #6267, #1855, #3212 ) ) ;
#1374 = AXIS2_PLACEMENT_3D ( 'NONE', #9390, #6441, #2356 ) ;
#1375 = CARTESIAN_POINT ( 'NONE',  ( 36.76999999999996760, 36.77000000000000313, 112.0000000000000000 ) ) ;
#1376 = ADVANCED_FACE ( 'NONE', ( #12092 ), #1052, .F. ) ;
#1377 = CARTESIAN_POINT ( 'NONE',  ( 30.17016143302161879, 150.9605291273451542, -70.00000000000000000 ) ) ;
#1378 = ORIENTED_EDGE ( 'NONE', *, *, #1482, .T. ) ;
#1379 = CARTESIAN_POINT ( 'NONE',  ( 36.76999999999996760, 36.77000000000000313, 112.0000000000000000 ) ) ;
#1380 = DIRECTION ( 'NONE',  ( 1.000000000000000000, 1.334402673828310381E-16, 1.698950197941970024E-32 ) ) ;
#1381 = LINE ( 'NONE', #5385, #7821 ) ;
#1382 = DIRECTION ( 'NONE',  ( -1.000000000000000000, 0.000000000000000000, 0.000000000000000000 ) ) ;
#1383 = LINE ( 'NONE', #12540, #3222 ) ;
#1384 = ADVANCED_FACE ( 'NONE', ( #11104 ), #11962, .T. ) ;
#1385 = VERTEX_POINT ( 'NONE', #12154 ) ;
#1386 = FACE_OUTER_BOUND ( 'NONE', #4420, .T. ) ;
#1387 = ORIENTED_EDGE ( 'NONE', *, *, #9834, .F. ) ;
#1388 = CARTESIAN_POINT ( 'NONE',  ( 26.75000000000000000, 114.0000000000000000, -21.09556051177057867 ) ) ;
#1389 = DIRECTION ( 'NONE',  ( 1.000000000000000000, 0.000000000000000000, 0.000000000000000000 ) ) ;
#1390 = EDGE_CURVE ( 'NONE', #9634, #6823, #7161, .T. ) ;
#1391 = ORIENTED_EDGE ( 'NONE', *, *, #10055, .F. ) ;
#1392 = DIRECTION ( 'NONE',  ( 1.000000000000000000, 0.000000000000000000, 0.000000000000000000 ) ) ;
#1393 = AXIS2_PLACEMENT_3D ( 'NONE', #12221, #1258, #9131 ) ;
#1394 = EDGE_CURVE ( 'NONE', #9180, #3546, #10166, .T. ) ;
#1395 = CARTESIAN_POINT ( 'NONE',  ( -45.82640687119306477, -42.42640687119262566, -18.00000000000000355 ) ) ;
#1396 = ORIENTED_EDGE ( 'NONE', *, *, #10613, .F. ) ;
#1397 = DIRECTION ( 'NONE',  ( 1.000000000000000000, 0.000000000000000000, 0.000000000000000000 ) ) ;
#1398 = VERTEX_POINT ( 'NONE', #1181 ) ;
#1399 = VERTEX_POINT ( 'NONE', #5189 ) ;
#1400 = LINE ( 'NONE', #12626, #8838 ) ;
#1401 = DIRECTION ( 'NONE',  ( -0.000000000000000000, -0.000000000000000000, -1.000000000000000000 ) ) ;
#1402 = DIRECTION ( 'NONE',  ( 0.000000000000000000, 0.000000000000000000, 1.000000000000000000 ) ) ;
#1403 = DIRECTION ( 'NONE',  ( -0.000000000000000000, -0.000000000000000000, 1.000000000000000000 ) ) ;
#1404 = EDGE_CURVE ( 'NONE', #12737, #10254, #3346, .T. ) ;
#1405 = DIRECTION ( 'NONE',  ( 0.000000000000000000, 0.000000000000000000, 1.000000000000000000 ) ) ;
#1406 = AXIS2_PLACEMENT_3D ( 'NONE', #7730, #10809, #12852 ) ;
#1407 = DIRECTION ( 'NONE',  ( -6.672013369141566696E-17, 1.000000000000000000, 0.000000000000000000 ) ) ;
#1408 = LINE ( 'NONE', #6330, #7757 ) ;
#1409 = ORIENTED_EDGE ( 'NONE', *, *, #9651, .F. ) ;
#1410 = DIRECTION ( 'NONE',  ( 1.000000000000000000, 0.000000000000000000, 0.000000000000000000 ) ) ;
#1411 = CARTESIAN_POINT ( 'NONE',  ( -51.50000000000019185, -10.69443030939473438, 67.15912120029203436 ) ) ;
#1412 = AXIS2_PLACEMENT_3D ( 'NONE', #10018, #9104, #1340 ) ;
#1413 = VERTEX_POINT ( 'NONE', #3415 ) ;
#1414 = ORIENTED_EDGE ( 'NONE', *, *, #5130, .F. ) ;
#1415 = AXIS2_PLACEMENT_3D ( 'NONE', #1014, #9032, #10077 ) ;
#1416 = AXIS2_PLACEMENT_3D ( 'NONE', #679, #7778, #12898 ) ;
#1417 = CARTESIAN_POINT ( 'NONE',  ( -45.50000000000017764, -2.612927235690073575E-14, 71.92409041986833529 ) ) ;
#1418 = CARTESIAN_POINT ( 'NONE',  ( -51.49999999999992895, -13.47060853663948876, 60.85407270809620428 ) ) ;
#1419 = VERTEX_POINT ( 'NONE', #8537 ) ;
#1420 = AXIS2_PLACEMENT_3D ( 'NONE', #1551, #3646, #3824 ) ;
#1421 = CALENDAR_DATE ( 2022, 13, 6 ) ;
#1422 = CARTESIAN_POINT ( 'NONE',  ( -36.76999999999997470, -36.77000000000001023, 112.0000000000000000 ) ) ;
#1423 = CARTESIAN_POINT ( 'NONE',  ( 45.50000000000013500, -51.99999999999998579, -313.5367466867102166 ) ) ;
#1424 = EDGE_CURVE ( 'NONE', #4673, #11166, #12059, .T. ) ;
#1425 = AXIS2_PLACEMENT_3D ( 'NONE', #11515, #3490, #11381 ) ;
#1426 = ORIENTED_EDGE ( 'NONE', *, *, #4473, .T. ) ;
#1427 = CARTESIAN_POINT ( 'NONE',  ( 0.000000000000000000, 142.0875000000000057, -2.500000000000002220 ) ) ;
#1428 = CIRCLE ( 'NONE', #8753, 37.49999999999999289 ) ;
#1429 = CIRCLE ( 'NONE', #2427, 3.400000000000000355 ) ;
#1430 = ORIENTED_EDGE ( 'NONE', *, *, #1930, .T. ) ;
#1431 = LINE ( 'NONE', #9550, #4409 ) ;
#1432 = ORIENTED_EDGE ( 'NONE', *, *, #85, .F. ) ;
#1433 = EDGE_LOOP ( 'NONE', ( #9052, #12612, #2258, #10537 ) ) ;
#1434 = CARTESIAN_POINT ( 'NONE',  ( -52.00000000000007105, 61.99999999999998579, -1.000000000000000000 ) ) ;
#1435 = CYLINDRICAL_SURFACE ( 'NONE', #9900, 46.99999999999999289 ) ;
#1436 = CARTESIAN_POINT ( 'NONE',  ( -59.00000000000005684, -13.07521828316741797, 57.69572726120716766 ) ) ;
#1437 = AXIS2_PLACEMENT_3D ( 'NONE', #7076, #5166, #1301 ) ;
#1438 = DIRECTION ( 'NONE',  ( -0.000000000000000000, -0.000000000000000000, 1.000000000000000000 ) ) ;
#1439 = ORIENTED_EDGE ( 'NONE', *, *, #10628, .F. ) ;
#1440 = FACE_OUTER_BOUND ( 'NONE', #8853, .T. ) ;
#1441 = PLANE ( 'NONE',  #2524 ) ;
#1442 = EDGE_LOOP ( 'NONE', ( #8799, #8704, #11500, #12663, #2507, #6347, #9411, #4267 ) ) ;
#1443 = DIRECTION ( 'NONE',  ( 0.000000000000000000, -1.000000000000000000, 0.000000000000000000 ) ) ;
#1444 = CARTESIAN_POINT ( 'NONE',  ( 30.85709361942887696, 149.4519361017392498, 62.93607486307095655 ) ) ;
#1445 = DIRECTION ( 'NONE',  ( 1.000000000000000000, 0.000000000000000000, 0.000000000000000000 ) ) ;
#1446 = PLANE ( 'NONE',  #1514 ) ;
#1447 = DIRECTION ( 'NONE',  ( 0.000000000000000000, 0.000000000000000000, -1.000000000000000000 ) ) ;
#1448 = ORIENTED_EDGE ( 'NONE', *, *, #7748, .T. ) ;
#1449 = EDGE_CURVE ( 'NONE', #5771, #10714, #6653, .T. ) ;
#1450 = DIRECTION ( 'NONE',  ( -0.000000000000000000, 0.000000000000000000, -1.000000000000000000 ) ) ;
#1451 = ADVANCED_FACE ( 'NONE', ( #1455 ), #2416, .T. ) ;
#1452 = ORIENTED_EDGE ( 'NONE', *, *, #3053, .F. ) ;
#1453 = AXIS2_PLACEMENT_3D ( 'NONE', #11833, #2821, #12890 ) ;
#1454 = AXIS2_PLACEMENT_3D ( 'NONE', #6958, #5982, #8499 ) ;
#1455 = FACE_OUTER_BOUND ( 'NONE', #5094, .T. ) ;
#1456 = ORIENTED_EDGE ( 'NONE', *, *, #11413, .T. ) ;
#1457 = FACE_OUTER_BOUND ( 'NONE', #7004, .T. ) ;
#1458 = CARTESIAN_POINT ( 'NONE',  ( 42.42640687119305909, 42.42640687119262566, -20.04292610469370928 ) ) ;
#1459 = ORIENTED_EDGE ( 'NONE', *, *, #8837, .F. ) ;
#1460 = CIRCLE ( 'NONE', #5445, 6.499999999999999112 ) ;
#1461 = CARTESIAN_POINT ( 'NONE',  ( 29.00000000000001066, 114.0000000000000000, -69.99999999999998579 ) ) ;
#1462 = AXIS2_PLACEMENT_3D ( 'NONE', #1881, #8978, #12066 ) ;
#1463 = CIRCLE ( 'NONE', #8790, 13.07735026918962618 ) ;
#1464 = ORIENTED_EDGE ( 'NONE', *, *, #3214, .F. ) ;
#1465 = EDGE_LOOP ( 'NONE', ( #4352, #12378, #1550, #2003 ) ) ;
#1466 = ADVANCED_FACE ( 'NONE', ( #5396 ), #7293, .F. ) ;
#1467 = AXIS2_PLACEMENT_3D ( 'NONE', #4284, #6327, #5347 ) ;
#1468 = DIRECTION ( 'NONE',  ( -0.000000000000000000, -0.000000000000000000, 1.000000000000000000 ) ) ;
#1469 = CARTESIAN_POINT ( 'NONE',  ( 25.78999999999999915, 154.8599999999999852, -69.99999999999998579 ) ) ;
#1470 = EDGE_CURVE ( 'NONE', #9824, #11489, #4461, .T. ) ;
#1471 = DIRECTION ( 'NONE',  ( -0.000000000000000000, -0.000000000000000000, 1.000000000000000000 ) ) ;
#1472 = CARTESIAN_POINT ( 'NONE',  ( 0.000000000000000000, 114.0000000000000000, -44.90443948822942843 ) ) ;
#1473 = AXIS2_PLACEMENT_3D ( 'NONE', #2540, #5520, #6565 ) ;
#1474 = DIRECTION ( 'NONE',  ( -0.000000000000000000, -0.000000000000000000, -1.000000000000000000 ) ) ;
#1475 = CARTESIAN_POINT ( 'NONE',  ( 51.99999999999995026, 61.99999999999999289, 158.5782104868018791 ) ) ;
#1476 = CYLINDRICAL_SURFACE ( 'NONE', #11738, 26.75000000000000000 ) ;
#1477 = EDGE_LOOP ( 'NONE', ( #5430, #8185, #11225, #10333 ) ) ;
#1478 = CARTESIAN_POINT ( 'NONE',  ( 42.42640687119306619, 42.42640687119262566, -18.00000000000000355 ) ) ;
#1479 = DIRECTION ( 'NONE',  ( -0.000000000000000000, -1.501203008056852691E-16, 1.000000000000000000 ) ) ;
#1480 = AXIS2_PLACEMENT_3D ( 'NONE', #2372, #1405, #9470 ) ;
#1481 = ORIENTED_EDGE ( 'NONE', *, *, #7133, .T. ) ;
#1482 = EDGE_CURVE ( 'NONE', #6012, #7042, #4524, .T. ) ;
#1483 = CARTESIAN_POINT ( 'NONE',  ( 4.000000000000000888, 125.8427192823270104, 10.49999999999999467 ) ) ;
#1484 = CARTESIAN_POINT ( 'NONE',  ( -35.75089393306184604, 29.33956106112633222, 112.0000000000000000 ) ) ;
#1485 = CIRCLE ( 'NONE', #8606, 6.499999999999999112 ) ;
#1486 = CARTESIAN_POINT ( 'NONE',  ( 45.82640687119306477, 42.42640687119262566, -18.00000000000000355 ) ) ;
#1487 = DIRECTION ( 'NONE',  ( 1.000000000000000000, 0.000000000000000000, 0.000000000000000000 ) ) ;
#1488 = ORIENTED_EDGE ( 'NONE', *, *, #10477, .T. ) ;
#1489 = CARTESIAN_POINT ( 'NONE',  ( 19.90000000000000213, 114.0000000000000000, -66.32679491924312742 ) ) ;
#1490 = EDGE_LOOP ( 'NONE', ( #3577, #7831, #1294 ) ) ;
#1491 = CARTESIAN_POINT ( 'NONE',  ( 36.50000000000000000, 114.0000000000000000, -15.50000000000000355 ) ) ;
#1492 = VERTEX_POINT ( 'NONE', #8414 ) ;
#1493 = DIRECTION ( 'NONE',  ( 1.000000000000000000, 0.000000000000000000, 0.000000000000000000 ) ) ;
#1494 = CARTESIAN_POINT ( 'NONE',  ( -39.12398950069062664, 28.87693130457875412, 19.59999999999999076 ) ) ;
#1495 = DIRECTION ( 'NONE',  ( -0.000000000000000000, -0.000000000000000000, 1.000000000000000000 ) ) ;
#1496 = CARTESIAN_POINT ( 'NONE',  ( 39.12398950069061243, -28.87693130457877544, 112.0000000000000000 ) ) ;
#1497 = ORIENTED_EDGE ( 'NONE', *, *, #2174, .F. ) ;
#1498 = VECTOR ( 'NONE', #11831, 1000.000000000000000 ) ;
#1499 = EDGE_CURVE ( 'NONE', #2361, #3527, #11366, .T. ) ;
#1500 = DIRECTION ( 'NONE',  ( 1.000000000000000000, 0.000000000000000000, 0.000000000000000000 ) ) ;
#1501 = DIRECTION ( 'NONE',  ( 0.000000000000000000, 0.000000000000000000, -1.000000000000000000 ) ) ;
#1502 = ORIENTED_EDGE ( 'NONE', *, *, #8605, .T. ) ;
#1503 = CARTESIAN_POINT ( 'NONE',  ( -25.79000000000000270, 154.8599999999999852, -2.000000000000004441 ) ) ;
#1504 = CYLINDRICAL_SURFACE ( 'NONE', #10051, 26.75000000000000355 ) ;
#1505 = DIRECTION ( 'NONE',  ( -1.000000000000000000, 0.000000000000000000, 0.000000000000000000 ) ) ;
#1506 = FACE_OUTER_BOUND ( 'NONE', #7876, .T. ) ;
#1507 = ORIENTED_EDGE ( 'NONE', *, *, #12711, .T. ) ;
#1508 = DIRECTION ( 'NONE',  ( -0.000000000000000000, -0.000000000000000000, -1.000000000000000000 ) ) ;
#1509 = ORIENTED_EDGE ( 'NONE', *, *, #12758, .F. ) ;
#1510 = DIRECTION ( 'NONE',  ( 0.000000000000000000, 0.000000000000000000, -1.000000000000000000 ) ) ;
#1511 = EDGE_CURVE ( 'NONE', #3452, #4969, #7558, .T. ) ;
#1512 = VERTEX_POINT ( 'NONE', #258 ) ;
#1513 = CIRCLE ( 'NONE', #7391, 6.800000000000000711 ) ;
#1514 = AXIS2_PLACEMENT_3D ( 'NONE', #8406, #6371, #9443 ) ;
#1515 = DIRECTION ( 'NONE',  ( 1.000000000000000000, 0.000000000000000000, 0.000000000000000000 ) ) ;
#1516 = ORIENTED_EDGE ( 'NONE', *, *, #9654, .F. ) ;
#1517 = VERTEX_POINT ( 'NONE', #12481 ) ;
#1518 = CARTESIAN_POINT ( 'NONE',  ( 0.000000000000000000, 114.0000000000000000, -74.50000000000000000 ) ) ;
#1519 = CYLINDRICAL_SURFACE ( 'NONE', #6706, 12.50000000000000000 ) ;
#1520 = ADVANCED_FACE ( 'NONE', ( #6382 ), #3540, .F. ) ;
#1521 = CIRCLE ( 'NONE', #8858, 46.99999999999999289 ) ;
#1523 = ORIENTED_EDGE ( 'NONE', *, *, #7523, .F. ) ;
#1522 = AXIS2_PLACEMENT_3D ( 'NONE', #12719, #4622, #11795 ) ;
#1524 = DIRECTION ( 'NONE',  ( -0.000000000000000000, -0.000000000000000000, 1.000000000000000000 ) ) ;
#1525 = VECTOR ( 'NONE', #10157, 1000.000000000000000 ) ;
#1526 = ORIENTED_EDGE ( 'NONE', *, *, #9847, .F. ) ;
#1527 = ORIENTED_EDGE ( 'NONE', *, *, #7021, .F. ) ;
#1528 = LINE ( 'NONE', #8551, #2751 ) ;
#1529 = FACE_OUTER_BOUND ( 'NONE', #5950, .T. ) ;
#1530 = CARTESIAN_POINT ( 'NONE',  ( 0.000000000000000000, 114.0000000000000000, 14.20569654897112244 ) ) ;
#1531 = FACE_OUTER_BOUND ( 'NONE', #9969, .T. ) ;
#1532 = CYLINDRICAL_SURFACE ( 'NONE', #10908, 47.00000000000000000 ) ;
#1533 = EDGE_CURVE ( 'NONE', #12504, #6414, #11565, .T. ) ;
#1534 = FACE_OUTER_BOUND ( 'NONE', #10148, .T. ) ;
#1535 = CARTESIAN_POINT ( 'NONE',  ( 5.755839955992559063E-15, -46.99999999999999289, -2.000000000000001776 ) ) ;
#1536 = EDGE_CURVE ( 'NONE', #6019, #5016, #3867, .T. ) ;
#1537 = ORIENTED_EDGE ( 'NONE', *, *, #6888, .F. ) ;
#1538 = LINE ( 'NONE', #5554, #396 ) ;
#1539 = DIRECTION ( 'NONE',  ( -0.000000000000000000, -0.000000000000000000, 1.000000000000000000 ) ) ;
#1540 = ORIENTED_EDGE ( 'NONE', *, *, #9123, .F. ) ;
#1541 = CIRCLE ( 'NONE', #12647, 12.69999999999999929 ) ;
#1542 = DIRECTION ( 'NONE',  ( -4.383625018638762042E-16, 1.000000000000000000, 0.000000000000000000 ) ) ;
#1543 = CARTESIAN_POINT ( 'NONE',  ( -51.50000000000000711, 12.81007243446770438, 54.53947840943259706 ) ) ;
#1544 = VECTOR ( 'NONE', #5581, 1000.000000000000000 ) ;
#1545 = COORDINATED_UNIVERSAL_TIME_OFFSET ( 9, 0, .AHEAD. ) ;
#1546 = LINE ( 'NONE', #12452, #9593 ) ;
#1547 = CIRCLE ( 'NONE', #4263, 4.599999999999996092 ) ;
#1548 = CARTESIAN_POINT ( 'NONE',  ( 0.000000000000000000, 114.0000000000000000, -65.50000000000000000 ) ) ;
#1549 = ADVANCED_FACE ( 'NONE', ( #7432 ), #3278, .F. ) ;
#1550 = ORIENTED_EDGE ( 'NONE', *, *, #3122, .F. ) ;
#1551 = CARTESIAN_POINT ( 'NONE',  ( -28.87693130457876478, -39.12398950069061954, 112.0000000000000000 ) ) ;
#1552 = EDGE_CURVE ( 'NONE', #10821, #7433, #4395, .T. ) ;
#1553 = EDGE_LOOP ( 'NONE', ( #5567, #9890, #9272, #7085 ) ) ;
#1554 = DIRECTION ( 'NONE',  ( -1.000000000000000000, 0.000000000000000000, 0.000000000000000000 ) ) ;
#1555 = VERTEX_POINT ( 'NONE', #5466 ) ;
#1556 = AXIS2_PLACEMENT_3D ( 'NONE', #5181, #9060, #50 ) ;
#1557 = ORIENTED_EDGE ( 'NONE', *, *, #4775, .T. ) ;
#1558 = DIRECTION ( 'NONE',  ( -0.000000000000000000, -0.000000000000000000, 1.000000000000000000 ) ) ;
#1559 = FACE_OUTER_BOUND ( 'NONE', #1970, .T. ) ;
#1560 = CARTESIAN_POINT ( 'NONE',  ( 0.000000000000000000, 114.0000000000000000, -44.90443948822942843 ) ) ;
#1561 = DIRECTION ( 'NONE',  ( 0.000000000000000000, 1.000000000000000000, 0.000000000000000000 ) ) ;
#1562 = VECTOR ( 'NONE', #6817, 1000.000000000000000 ) ;
#1563 = VERTEX_POINT ( 'NONE', #1324 ) ;
#1564 = DIRECTION ( 'NONE',  ( -0.000000000000000000, -0.000000000000000000, 1.000000000000000000 ) ) ;
#1565 = CARTESIAN_POINT ( 'NONE',  ( 28.08750000000000213, 114.0000000000000000, -21.09556051177057867 ) ) ;
#1566 = ADVANCED_FACE ( 'NONE', ( #5333 ), #9322, .T. ) ;
#1567 = VERTEX_POINT ( 'NONE', #7624 ) ;
#1568 = AXIS2_PLACEMENT_3D ( 'NONE', #5912, #9904, #904 ) ;
#1569 = ORIENTED_EDGE ( 'NONE', *, *, #6783, .F. ) ;
#1570 = CARTESIAN_POINT ( 'NONE',  ( -38.17640687119307330, 71.57359312880737434, -72.00000000000001421 ) ) ;
#1571 = DIRECTION ( 'NONE',  ( 0.000000000000000000, 0.000000000000000000, -1.000000000000000000 ) ) ;
#1572 = DIRECTION ( 'NONE',  ( -1.000000000000000000, 0.000000000000000000, 0.000000000000000000 ) ) ;
#1573 = DIRECTION ( 'NONE',  ( 1.000000000000000000, 0.000000000000000000, 0.000000000000000000 ) ) ;
#1574 = ORIENTED_EDGE ( 'NONE', *, *, #1129, .F. ) ;
#1575 = CARTESIAN_POINT ( 'NONE',  ( 45.82640687119276635, -42.42640687119292409, -18.00000000000000355 ) ) ;
#1576 = ORIENTED_EDGE ( 'NONE', *, *, #4628, .T. ) ;
#1577 = CARTESIAN_POINT ( 'NONE',  ( 34.43466739629280937, 71.84752362668099579, 11.49999999999999645 ) ) ;
#1578 = ORIENTED_EDGE ( 'NONE', *, *, #6097, .T. ) ;
#1579 = DIRECTION ( 'NONE',  ( -0.8571673007021108903, 1.049727191138616847E-16, 0.5150380749100565980 ) ) ;
#1580 = DIRECTION ( 'NONE',  ( 0.000000000000000000, 1.000000000000000000, 0.000000000000000000 ) ) ;
#1581 = ORIENTED_EDGE ( 'NONE', *, *, #4248, .F. ) ;
#1582 = LINE ( 'NONE', #9520, #11200 ) ;
#1583 = EDGE_CURVE ( 'NONE', #5211, #4191, #11688, .T. ) ;
#1584 = DIRECTION ( 'NONE',  ( -0.000000000000000000, -0.000000000000000000, 1.000000000000000000 ) ) ;
#1585 = ORIENTED_EDGE ( 'NONE', *, *, #2305, .F. ) ;
#1586 = DIRECTION ( 'NONE',  ( 0.000000000000000000, 0.000000000000000000, 1.000000000000000000 ) ) ;
#1587 = VERTEX_POINT ( 'NONE', #7811 ) ;
#1588 = ORIENTED_EDGE ( 'NONE', *, *, #7133, .F. ) ;
#1589 = DIRECTION ( 'NONE',  ( -1.000000000000000000, 0.000000000000000000, 0.000000000000000000 ) ) ;
#1590 = DIRECTION ( 'NONE',  ( -5.551115123125782702E-17, -1.386669559958809814E-32, -1.000000000000000000 ) ) ;
#1591 = EDGE_CURVE ( 'NONE', #8532, #6683, #3037, .T. ) ;
#1592 = DIRECTION ( 'NONE',  ( 0.000000000000000000, -1.000000000000000000, 0.000000000000000000 ) ) ;
#1593 = EDGE_CURVE ( 'NONE', #6847, #2381, #10795, .T. ) ;
#1594 = DIRECTION ( 'NONE',  ( 1.000000000000000000, 0.000000000000000000, 0.000000000000000000 ) ) ;
#1595 = CIRCLE ( 'NONE', #7882, 36.50000000000000000 ) ;
#1596 = CARTESIAN_POINT ( 'NONE',  ( 0.000000000000000000, 114.0000000000000000, -49.00000000000000000 ) ) ;
#1597 = CARTESIAN_POINT ( 'NONE',  ( -29.00000000000001066, 114.0000000000000000, -77.00000000000000000 ) ) ;
#1598 = FACE_OUTER_BOUND ( 'NONE', #4898, .T. ) ;
#1599 = EDGE_CURVE ( 'NONE', #8614, #1398, #9738, .T. ) ;
#1600 = ORIENTED_EDGE ( 'NONE', *, *, #3757, .F. ) ;
#1601 = EDGE_LOOP ( 'NONE', ( #9541, #12729, #995, #4009 ) ) ;
#1602 = CARTESIAN_POINT ( 'NONE',  ( -51.99999999999998579, 52.00000000000000711, 10.00000000000000000 ) ) ;
#1603 = CARTESIAN_POINT ( 'NONE',  ( -39.02640687119307472, -42.42640687119262566, 0.000000000000000000 ) ) ;
#1604 = ORIENTED_EDGE ( 'NONE', *, *, #6970, .F. ) ;
#1605 = EDGE_CURVE ( 'NONE', #4183, #4744, #6830, .T. ) ;
#1606 = CARTESIAN_POINT ( 'NONE',  ( 22.14000000000005031, -38.19999999999998863, 10.00000000000000000 ) ) ;
#1607 = ADVANCED_FACE ( 'NONE', ( #5661 ), #8604, .F. ) ;
#1608 = DIRECTION ( 'NONE',  ( -0.000000000000000000, -0.000000000000000000, 1.000000000000000000 ) ) ;
#1609 = VECTOR ( 'NONE', #12592, 1000.000000000000000 ) ;
#1610 = DATE_TIME_ROLE ( 'classification_date' ) ;
#1611 = CARTESIAN_POINT ( 'NONE',  ( -28.87693130457876478, -39.12398950069062664, 10.00000000000000000 ) ) ;
#1612 = VECTOR ( 'NONE', #4956, 1000.000000000000000 ) ;
#1613 = DIRECTION ( 'NONE',  ( -0.000000000000000000, -0.000000000000000000, 1.000000000000000000 ) ) ;
#1614 = VERTEX_POINT ( 'NONE', #5782 ) ;
#1615 = CARTESIAN_POINT ( 'NONE',  ( 0.000000000000000000, 114.0000000000000000, -3.150000000000003464 ) ) ;
#1616 = ORIENTED_EDGE ( 'NONE', *, *, #1783, .F. ) ;
#1617 = DIRECTION ( 'NONE',  ( -0.000000000000000000, -0.000000000000000000, -1.000000000000000000 ) ) ;
#1618 = ORIENTED_EDGE ( 'NONE', *, *, #7788, .T. ) ;
#1619 = AXIS2_PLACEMENT_3D ( 'NONE', #8756, #6798, #11721 ) ;
#1620 = CIRCLE ( 'NONE', #8954, 6.800000000000007816 ) ;
#1621 = CARTESIAN_POINT ( 'NONE',  ( 42.42640687119283882, 42.42640687119283882, 9.999999999999992895 ) ) ;
#1622 = DIRECTION ( 'NONE',  ( 0.000000000000000000, -0.000000000000000000, -1.000000000000000000 ) ) ;
#1623 = EDGE_CURVE ( 'NONE', #12425, #12586, #10603, .T. ) ;
#1624 = AXIS2_PLACEMENT_3D ( 'NONE', #1292, #12390, #6480 ) ;
#1625 = DIRECTION ( 'NONE',  ( -1.000000000000000000, 0.000000000000000000, 0.000000000000000000 ) ) ;
#1626 = ADVANCED_FACE ( 'NONE', ( #2866 ), #8726, .T. ) ;
#1627 = ORIENTED_EDGE ( 'NONE', *, *, #12678, .T. ) ;
#1628 = CIRCLE ( 'NONE', #3713, 6.499999999999999112 ) ;
#1629 = LINE ( 'NONE', #8845, #12680 ) ;
#1630 = DIRECTION ( 'NONE',  ( 0.000000000000000000, 0.000000000000000000, -1.000000000000000000 ) ) ;
#1631 = ORIENTED_EDGE ( 'NONE', *, *, #1866, .F. ) ;
#1632 = EDGE_CURVE ( 'NONE', #6680, #3125, #9711, .T. ) ;
#1633 = ORIENTED_EDGE ( 'NONE', *, *, #7443, .T. ) ;
#1634 = DIRECTION ( 'NONE',  ( -0.1358808089250767570, -0.9907251918498221066, 0.000000000000000000 ) ) ;
#1635 = AXIS2_PLACEMENT_3D ( 'NONE', #6755, #3779, #7799 ) ;
#1636 = CARTESIAN_POINT ( 'NONE',  ( -51.50000000000000711, 4.500000000000013323, 25.29999999999998295 ) ) ;
#1637 = ORIENTED_EDGE ( 'NONE', *, *, #3896, .F. ) ;
#1638 = FACE_OUTER_BOUND ( 'NONE', #3181, .T. ) ;
#1639 = ADVANCED_FACE ( 'NONE', ( #719 ), #8476, .T. ) ;
#1640 = AXIS2_PLACEMENT_3D ( 'NONE', #10383, #5260, #6308 ) ;
#1641 = ORIENTED_EDGE ( 'NONE', *, *, #9775, .F. ) ;
#1642 = DIRECTION ( 'NONE',  ( -0.000000000000000000, -0.000000000000000000, 1.000000000000000000 ) ) ;
#1643 = ADVANCED_FACE ( 'NONE', ( #3609 ), #2614, .T. ) ;
#1644 = ORIENTED_EDGE ( 'NONE', *, *, #4108, .F. ) ;
#1645 = DIRECTION ( 'NONE',  ( 0.8571673007021114454, 1.049727191138617586E-16, -0.5150380749100555988 ) ) ;
#1646 = DIRECTION ( 'NONE',  ( 0.000000000000000000, 1.000000000000000000, 0.000000000000000000 ) ) ;
#1647 = VERTEX_POINT ( 'NONE', #10644 ) ;
#1648 = EDGE_LOOP ( 'NONE', ( #946, #11390, #9449, #8653 ) ) ;
#1649 = VECTOR ( 'NONE', #4174, 1000.000000000000000 ) ;
#1650 = DIRECTION ( 'NONE',  ( 0.000000000000000000, 0.000000000000000000, -1.000000000000000000 ) ) ;
#1651 = FACE_OUTER_BOUND ( 'NONE', #6363, .T. ) ;
#1652 = ORIENTED_EDGE ( 'NONE', *, *, #247, .F. ) ;
#1653 = DIRECTION ( 'NONE',  ( 0.000000000000000000, 1.000000000000000000, 0.000000000000000000 ) ) ;
#1654 = CARTESIAN_POINT ( 'NONE',  ( 0.000000000000000000, 114.0000000000000000, -15.50000000000000533 ) ) ;
#1655 = VECTOR ( 'NONE', #3221, 1000.000000000000000 ) ;
#1656 = CARTESIAN_POINT ( 'NONE',  ( -27.03999999999999559, 73.14000000000000057, -69.99999999999998579 ) ) ;
#1657 = DIRECTION ( 'NONE',  ( 1.000000000000000000, 0.000000000000000000, 0.000000000000000000 ) ) ;
#1658 = EDGE_CURVE ( 'NONE', #3226, #11457, #10804, .T. ) ;
#1659 = PLANE ( 'NONE',  #12125 ) ;
#1660 = CARTESIAN_POINT ( 'NONE',  ( -42.42999999999999261, 156.4300000000000068, 6.499999999999996447 ) ) ;
#1661 = AXIS2_PLACEMENT_3D ( 'NONE', #6446, #12485, #10452 ) ;
#1662 = CARTESIAN_POINT ( 'NONE',  ( 45.00000000000001421, -22.14000000000008583, 112.0000000000000000 ) ) ;
#1663 = CYLINDRICAL_SURFACE ( 'NONE', #9845, 4.500000000000017764 ) ;
#1664 = ORIENTED_EDGE ( 'NONE', *, *, #2503, .F. ) ;
#1665 = DIRECTION ( 'NONE',  ( 1.000000000000000000, 0.000000000000000000, 0.000000000000000000 ) ) ;
#1666 = CARTESIAN_POINT ( 'NONE',  ( 39.12398950069061243, -28.87693130457877189, 112.0000000000000000 ) ) ;
#1667 = EDGE_CURVE ( 'NONE', #4711, #878, #11856, .T. ) ;
#1668 = VERTEX_POINT ( 'NONE', #649 ) ;
#1669 = EDGE_CURVE ( 'NONE', #9815, #2231, #4648, .T. ) ;
#1670 = CIRCLE ( 'NONE', #2703, 47.00000000000000000 ) ;
#1671 = CARTESIAN_POINT ( 'NONE',  ( -13.07735026918962795, 114.0000000000000000, -79.00000000000001421 ) ) ;
#1672 = CIRCLE ( 'NONE', #11940, 36.50000000000000000 ) ;
#1673 = ADVANCED_FACE ( 'NONE', ( #12741 ), #10895, .T. ) ;
#1674 = EDGE_CURVE ( 'NONE', #11626, #3731, #8793, .T. ) ;
#1675 = CARTESIAN_POINT ( 'NONE',  ( 0.000000000000000000, 114.0000000000000000, -57.50000000000000000 ) ) ;
#1676 = COORDINATED_UNIVERSAL_TIME_OFFSET ( 9, 0, .AHEAD. ) ;
#1677 = CARTESIAN_POINT ( 'NONE',  ( -28.08750000000000213, 114.0000000000000000, -21.09556051177057867 ) ) ;
#1678 = DIRECTION ( 'NONE',  ( 1.000000000000000000, 0.000000000000000000, 0.000000000000000000 ) ) ;
#1679 = VERTEX_POINT ( 'NONE', #6891 ) ;
#1680 = AXIS2_PLACEMENT_3D ( 'NONE', #11374, #266, #10255 ) ;
#1681 = CARTESIAN_POINT ( 'NONE',  ( -4.000000000000000888, 126.0457129318597111, 9.833107568947360377 ) ) ;
#1682 = EDGE_CURVE ( 'NONE', #4183, #5934, #1834, .T. ) ;
#1683 = AXIS2_PLACEMENT_3D ( 'NONE', #5080, #6069, #11846 ) ;
#1684 = EDGE_CURVE ( 'NONE', #9494, #10321, #11202, .T. ) ;
#1685 = EDGE_LOOP ( 'NONE', ( #11309, #552, #7608, #10021 ) ) ;
#1686 = DIRECTION ( 'NONE',  ( -1.000000000000000000, 0.000000000000000000, 0.000000000000000000 ) ) ;
#1687 = ORIENTED_EDGE ( 'NONE', *, *, #4320, .T. ) ;
#1688 = DIRECTION ( 'NONE',  ( -1.000000000000000000, 0.000000000000000000, 0.000000000000000000 ) ) ;
#1689 = DIRECTION ( 'NONE',  ( -0.000000000000000000, 0.000000000000000000, -1.000000000000000000 ) ) ;
#1690 = LOCAL_TIME ( 11, 39, 17.00000000000000000, #6610 ) ;
#1691 = DIRECTION ( 'NONE',  ( 1.000000000000000000, 1.334402673828311121E-16, -0.000000000000000000 ) ) ;
#1692 = CIRCLE ( 'NONE', #13013, 4.499999999999997335 ) ;
#1693 = DIRECTION ( 'NONE',  ( -0.000000000000000000, -0.000000000000000000, 1.000000000000000000 ) ) ;
#1694 = CARTESIAN_POINT ( 'NONE',  ( -22.50000000000000000, 114.0000000000000000, -24.00000000000000711 ) ) ;
#1695 = VERTEX_POINT ( 'NONE', #6099 ) ;
#1696 = EDGE_CURVE ( 'NONE', #12687, #5647, #5114, .T. ) ;
#1697 = VERTEX_POINT ( 'NONE', #10167 ) ;
#1698 = CARTESIAN_POINT ( 'NONE',  ( -35.92640687119284593, -42.42640687119285303, 9.999999999999992895 ) ) ;
#1699 = EDGE_CURVE ( 'NONE', #2533, #4843, #9746, .T. ) ;
#1700 = DIRECTION ( 'NONE',  ( -0.000000000000000000, -0.000000000000000000, 1.000000000000000000 ) ) ;
#1701 = VERTEX_POINT ( 'NONE', #6038 ) ;
#1702 = CIRCLE ( 'NONE', #7361, 9.500000000000001776 ) ;
#1703 = ADVANCED_FACE ( 'NONE', ( #11945 ), #11090, .T. ) ;
#1704 = DIRECTION ( 'NONE',  ( 0.000000000000000000, 0.000000000000000000, 1.000000000000000000 ) ) ;
#1705 = ORIENTED_EDGE ( 'NONE', *, *, #1632, .T. ) ;
#1706 = FACE_BOUND ( 'NONE', #6537, .T. ) ;
#1707 = EDGE_LOOP ( 'NONE', ( #11059, #3907, #3007, #8602 ) ) ;
#1708 = CARTESIAN_POINT ( 'NONE',  ( 0.000000000000000000, 114.0000000000000000, -65.50000000000000000 ) ) ;
#1709 = AXIS2_PLACEMENT_3D ( 'NONE', #3548, #7565, #11697 ) ;
#1710 = DIRECTION ( 'NONE',  ( 1.000000000000000000, 0.000000000000000000, 0.000000000000000000 ) ) ;
#1711 = ORIENTED_EDGE ( 'NONE', *, *, #9318, .T. ) ;
#1712 = DIRECTION ( 'NONE',  ( -1.000000000000000000, 0.000000000000000000, 0.000000000000000000 ) ) ;
#1713 = CARTESIAN_POINT ( 'NONE',  ( -34.43466739629280937, 71.84752362668099579, 11.49999999999999645 ) ) ;
#1714 = EDGE_CURVE ( 'NONE', #11489, #10004, #7871, .T. ) ;
#1715 = ORIENTED_EDGE ( 'NONE', *, *, #9855, .T. ) ;
#1716 = DIRECTION ( 'NONE',  ( -0.000000000000000000, -0.000000000000000000, 1.000000000000000000 ) ) ;
#1717 = EDGE_CURVE ( 'NONE', #3663, #7835, #10782, .T. ) ;
#1718 = PLANE ( 'NONE',  #9924 ) ;
#1719 = AXIS2_PLACEMENT_3D ( 'NONE', #10623, #7534, #8454 ) ;
#1720 = CARTESIAN_POINT ( 'NONE',  ( 27.04000000000000270, 73.14000000000001478, -2.000000000000004441 ) ) ;
#1721 = LINE ( 'NONE', #3740, #7604 ) ;
#1722 = DIRECTION ( 'NONE',  ( -1.000000000000000000, 0.000000000000000000, 0.000000000000000000 ) ) ;
#1723 = CARTESIAN_POINT ( 'NONE',  ( -33.46499999999999631, 114.0000000000000000, -44.90443948822942843 ) ) ;
#1724 = CIRCLE ( 'NONE', #4234, 20.00000000000000355 ) ;
#1725 = DIRECTION ( 'NONE',  ( -0.1358808089250767570, -0.9907251918498221066, 0.000000000000000000 ) ) ;
#1726 = CIRCLE ( 'NONE', #9481, 12.50000000000000000 ) ;
#1727 = CARTESIAN_POINT ( 'NONE',  ( -35.75089393306191710, -29.33956106112635354, 112.0000000000000000 ) ) ;
#1728 = EDGE_CURVE ( 'NONE', #2014, #5150, #5553, .T. ) ;
#1729 = EDGE_LOOP ( 'NONE', ( #11194, #464, #12617, #3051 ) ) ;
#1730 = ORIENTED_EDGE ( 'NONE', *, *, #2183, .F. ) ;
#1731 = DIRECTION ( 'NONE',  ( -0.000000000000000000, -0.000000000000000000, 1.000000000000000000 ) ) ;
#1732 = EDGE_LOOP ( 'NONE', ( #152, #9788, #7532, #6029 ) ) ;
#1733 = AXIS2_PLACEMENT_3D ( 'NONE', #4240, #2463, #12518 ) ;
#1734 = VECTOR ( 'NONE', #4472, 1000.000000000000000 ) ;
#1735 = DIRECTION ( 'NONE',  ( 0.1358808089250893303, -0.9907251918498203302, 2.095250037129522688E-17 ) ) ;
#1736 = DIRECTION ( 'NONE',  ( 1.000000000000000000, 0.000000000000000000, 0.000000000000000000 ) ) ;
#1737 = DIRECTION ( 'NONE',  ( 0.000000000000000000, 0.000000000000000000, -1.000000000000000000 ) ) ;
#1738 = CARTESIAN_POINT ( 'NONE',  ( 0.000000000000000000, 114.0000000000000000, -0.4999999999999987232 ) ) ;
#1739 = CIRCLE ( 'NONE', #11182, 23.50000000000000355 ) ;
#1740 = ORIENTED_EDGE ( 'NONE', *, *, #6931, .T. ) ;
#1741 = DIRECTION ( 'NONE',  ( 0.000000000000000000, 0.000000000000000000, -1.000000000000000000 ) ) ;
#1742 = EDGE_CURVE ( 'NONE', #10484, #9232, #2172, .T. ) ;
#1743 = EDGE_CURVE ( 'NONE', #2285, #8805, #12886, .T. ) ;
#1744 = ORIENTED_EDGE ( 'NONE', *, *, #6509, .T. ) ;
#1745 = CYLINDRICAL_SURFACE ( 'NONE', #9442, 4.250000000000003553 ) ;
#1746 = VERTEX_POINT ( 'NONE', #7084 ) ;
#1747 = ORIENTED_EDGE ( 'NONE', *, *, #3667, .F. ) ;
#1748 = PLANE ( 'NONE',  #7596 ) ;
#1749 = DIRECTION ( 'NONE',  ( 1.000000000000000000, 0.000000000000000000, 0.000000000000000000 ) ) ;
#1750 = EDGE_CURVE ( 'NONE', #5901, #3480, #11027, .T. ) ;
#1751 = VECTOR ( 'NONE', #12975, 1000.000000000000000 ) ;
#1752 = DIRECTION ( 'NONE',  ( 0.000000000000000000, -1.000000000000000000, 0.000000000000000000 ) ) ;
#1753 = EDGE_CURVE ( 'NONE', #10757, #5002, #12201, .T. ) ;
#1754 = EDGE_CURVE ( 'NONE', #2231, #5759, #8488, .T. ) ;
#1755 = ORIENTED_EDGE ( 'NONE', *, *, #5546, .T. ) ;
#1756 = DIRECTION ( 'NONE',  ( 0.000000000000000000, -1.000000000000000000, 0.000000000000000000 ) ) ;
#1757 = CARTESIAN_POINT ( 'NONE',  ( -22.14000000000007518, -45.00000000000002132, 112.0000000000000000 ) ) ;
#1758 = ORIENTED_EDGE ( 'NONE', *, *, #12786, .F. ) ;
#1759 = VECTOR ( 'NONE', #9976, 1000.000000000000000 ) ;
#1760 = EDGE_CURVE ( 'NONE', #11936, #8973, #10033, .T. ) ;
#1761 = EDGE_LOOP ( 'NONE', ( #4700, #1744, #2053 ) ) ;
#1762 = PLANE ( 'NONE',  #5112 ) ;
#1763 = EDGE_CURVE ( 'NONE', #2297, #8050, #6609, .T. ) ;
#1764 = LINE ( 'NONE', #9823, #8642 ) ;
#1765 = AXIS2_PLACEMENT_3D ( 'NONE', #9177, #173, #12016 ) ;
#1766 = ORIENTED_EDGE ( 'NONE', *, *, #10276, .T. ) ;
#1767 = CARTESIAN_POINT ( 'NONE',  ( -34.43466739629280937, 71.84752362668099579, 6.499999999999996447 ) ) ;
#1768 = ORIENTED_EDGE ( 'NONE', *, *, #9401, .T. ) ;
#1769 = CARTESIAN_POINT ( 'NONE',  ( 23.08553905074118262, 157.1196836433888393, 62.93607486307095655 ) ) ;
#1770 = ORIENTED_EDGE ( 'NONE', *, *, #4955, .T. ) ;
#1771 = EDGE_CURVE ( 'NONE', #10433, #8911, #10372, .T. ) ;
#1772 = CARTESIAN_POINT ( 'NONE',  ( -42.42640687119307330, 71.57359312880737434, -72.00000000000001421 ) ) ;
#1773 = DIRECTION ( 'NONE',  ( 1.000000000000000000, 0.000000000000000000, 0.000000000000000000 ) ) ;
#1774 = ORIENTED_EDGE ( 'NONE', *, *, #5337, .F. ) ;
#1775 = ORIENTED_EDGE ( 'NONE', *, *, #5457, .F. ) ;
#1776 = CARTESIAN_POINT ( 'NONE',  ( 45.00000000000001421, -22.14000000000008583, 10.00000000000000000 ) ) ;
#1777 = CARTESIAN_POINT ( 'NONE',  ( -28.87693130457883939, 39.12398950069048453, 112.0000000000000000 ) ) ;
#1778 = ORIENTED_EDGE ( 'NONE', *, *, #9292, .T. ) ;
#1779 = DIRECTION ( 'NONE',  ( 0.000000000000000000, -1.000000000000000000, 0.000000000000000000 ) ) ;
#1780 = CARTESIAN_POINT ( 'NONE',  ( 28.87693130457876478, 39.12398950069061243, 112.0000000000000000 ) ) ;
#1781 = CARTESIAN_POINT ( 'NONE',  ( -27.03999999999999559, 73.14000000000000057, -61.49999999999999289 ) ) ;
#1782 = DIRECTION ( 'NONE',  ( 1.000000000000000000, 0.000000000000000000, 0.000000000000000000 ) ) ;
#1783 = EDGE_CURVE ( 'NONE', #10852, #9478, #5173, .T. ) ;
#1784 = EDGE_CURVE ( 'NONE', #161, #11750, #8193, .T. ) ;
#1785 = LINE ( 'NONE', #5739, #10239 ) ;
#1786 = EDGE_CURVE ( 'NONE', #2469, #6217, #2594, .T. ) ;
#1787 = CARTESIAN_POINT ( 'NONE',  ( -4.000000000000000888, 126.4743737317750885, 14.20569654897112244 ) ) ;
#1788 = DIRECTION ( 'NONE',  ( 0.000000000000000000, -1.000000000000000000, 0.000000000000000000 ) ) ;
#1789 = CARTESIAN_POINT ( 'NONE',  ( -22.50000000000000000, 114.0000000000000000, -50.50000000000000000 ) ) ;
#1790 = ORIENTED_EDGE ( 'NONE', *, *, #1791, .F. ) ;
#1791 = EDGE_CURVE ( 'NONE', #4467, #2727, #10594, .T. ) ;
#1792 = EDGE_LOOP ( 'NONE', ( #51, #8530, #9814, #12864 ) ) ;
#1793 = CARTESIAN_POINT ( 'NONE',  ( 46.67640687119308041, 71.57359312880737434, -72.00000000000001421 ) ) ;
#1794 = VERTEX_POINT ( 'NONE', #5379 ) ;
#1795 = CARTESIAN_POINT ( 'NONE',  ( -51.50000000000000711, 1.561251128379126385E-14, 40.29999999999998295 ) ) ;
#1796 = AXIS2_PLACEMENT_3D ( 'NONE', #192, #2222, #11042 ) ;
#1797 = CARTESIAN_POINT ( 'NONE',  ( 0.000000000000000000, 114.0000000000000000, -8.500000000000003553 ) ) ;
#1798 = ADVANCED_FACE ( 'NONE', ( #6496 ), #8398, .F. ) ;
#1799 = DIRECTION ( 'NONE',  ( 1.000000000000000000, 0.000000000000000000, 0.000000000000000000 ) ) ;
#1800 = DIRECTION ( 'NONE',  ( 0.000000000000000000, -1.000000000000000000, 0.000000000000000000 ) ) ;
#1801 = FACE_OUTER_BOUND ( 'NONE', #8879, .T. ) ;
#1802 = ORIENTED_EDGE ( 'NONE', *, *, #3063, .T. ) ;
#1803 = CARTESIAN_POINT ( 'NONE',  ( 0.000000000000000000, 114.0000000000000000, -21.09556051177057867 ) ) ;
#1804 = DIRECTION ( 'NONE',  ( 0.000000000000000000, 1.000000000000000000, 2.668805347656626678E-16 ) ) ;
#1805 = ORIENTED_EDGE ( 'NONE', *, *, #7300, .T. ) ;
#1806 = CYLINDRICAL_SURFACE ( 'NONE', #4828, 9.000000000000001776 ) ;
#1807 = EDGE_LOOP ( 'NONE', ( #2901, #10256, #8072, #3313, #11994, #2647, #90, #4994 ) ) ;
#1808 = DIRECTION ( 'NONE',  ( 0.000000000000000000, 0.000000000000000000, -1.000000000000000000 ) ) ;
#1809 = CIRCLE ( 'NONE', #6652, 12.50000000000000000 ) ;
#1810 = DIRECTION ( 'NONE',  ( 0.000000000000000000, 0.000000000000000000, -1.000000000000000000 ) ) ;
#1811 = DIRECTION ( 'NONE',  ( 1.000000000000000000, 0.000000000000000000, 0.000000000000000000 ) ) ;
#1812 = EDGE_LOOP ( 'NONE', ( #10073, #2622 ) ) ;
#1813 = EDGE_CURVE ( 'NONE', #11407, #7944, #5448, .T. ) ;
#1814 = ORIENTED_EDGE ( 'NONE', *, *, #3319, .F. ) ;
#1815 = CARTESIAN_POINT ( 'NONE',  ( 29.33956106112633933, -35.75089393306192420, 19.60000000000000497 ) ) ;
#1816 = ORIENTED_EDGE ( 'NONE', *, *, #1750, .T. ) ;
#1817 = CARTESIAN_POINT ( 'NONE',  ( 0.000000000000000000, 0.000000000000000000, -25.00000000000000000 ) ) ;
#1818 = ORIENTED_EDGE ( 'NONE', *, *, #228, .T. ) ;
#1819 = VECTOR ( 'NONE', #6812, 1000.000000000000000 ) ;
#1820 = ORIENTED_EDGE ( 'NONE', *, *, #4733, .F. ) ;
#1821 = FACE_BOUND ( 'NONE', #11998, .T. ) ;
#1822 = PLANE ( 'NONE',  #4237 ) ;
#1823 = ORIENTED_EDGE ( 'NONE', *, *, #11631, .T. ) ;
#1824 = ORIENTED_EDGE ( 'NONE', *, *, #6771, .T. ) ;
#1825 = FACE_OUTER_BOUND ( 'NONE', #12648, .T. ) ;
#1826 = VERTEX_POINT ( 'NONE', #2206 ) ;
#1827 = DIRECTION ( 'NONE',  ( 0.000000000000000000, 0.000000000000000000, -1.000000000000000000 ) ) ;
#1828 = AXIS2_PLACEMENT_3D ( 'NONE', #8632, #9349, #8569 ) ;
#1829 = CARTESIAN_POINT ( 'NONE',  ( 26.75000000000000000, 114.0000000000000000, -51.50000000000000000 ) ) ;
#1830 = VECTOR ( 'NONE', #12380, 1000.000000000000000 ) ;
#1831 = ADVANCED_FACE ( 'NONE', ( #1440 ), #6220, .F. ) ;
#1832 = EDGE_CURVE ( 'NONE', #8778, #12737, #4492, .T. ) ;
#1833 = CARTESIAN_POINT ( 'NONE',  ( 51.99999999999993605, 165.9999999999999716, 0.000000000000000000 ) ) ;
#1834 = LINE ( 'NONE', #1035, #2797 ) ;
#1835 = ORIENTED_EDGE ( 'NONE', *, *, #1583, .F. ) ;
#1836 = VERTEX_POINT ( 'NONE', #4509 ) ;
#1837 = DIRECTION ( 'NONE',  ( 1.156482317317871478E-16, 0.000000000000000000, -1.000000000000000000 ) ) ;
#1838 = DIRECTION ( 'NONE',  ( 1.000000000000000000, 0.000000000000000000, 0.000000000000000000 ) ) ;
#1839 = ORIENTED_EDGE ( 'NONE', *, *, #12918, .F. ) ;
#1840 = DIRECTION ( 'NONE',  ( -0.000000000000000000, -0.000000000000000000, 1.000000000000000000 ) ) ;
#1841 = EDGE_CURVE ( 'NONE', #1216, #10792, #3403, .T. ) ;
#1842 = AXIS2_PLACEMENT_3D ( 'NONE', #7570, #273, #12363 ) ;
#1843 = EDGE_CURVE ( 'NONE', #10565, #4643, #1307, .T. ) ;
#1844 = DIRECTION ( 'NONE',  ( -0.000000000000000000, -0.000000000000000000, 1.000000000000000000 ) ) ;
#1845 = LINE ( 'NONE', #2945, #5088 ) ;
#1846 = DIRECTION ( 'NONE',  ( 0.000000000000000000, 0.000000000000000000, -1.000000000000000000 ) ) ;
#1847 = CIRCLE ( 'NONE', #5837, 21.00000000000000355 ) ;
#1848 = DIRECTION ( 'NONE',  ( -0.000000000000000000, -0.000000000000000000, 1.000000000000000000 ) ) ;
#1849 = DIRECTION ( 'NONE',  ( -1.000000000000000000, 0.000000000000000000, 0.000000000000000000 ) ) ;
#1850 = CARTESIAN_POINT ( 'NONE',  ( 0.000000000000000000, 114.0000000000000000, 9.499999999999994671 ) ) ;
#1851 = ADVANCED_FACE ( 'NONE', ( #11422 ), #6426, .F. ) ;
#1852 = ORIENTED_EDGE ( 'NONE', *, *, #3396, .F. ) ;
#1853 = DIRECTION ( 'NONE',  ( 0.000000000000000000, 0.000000000000000000, 1.000000000000000000 ) ) ;
#1854 = ADVANCED_FACE ( 'NONE', ( #9308 ), #439, .F. ) ;
#1855 = ORIENTED_EDGE ( 'NONE', *, *, #3841, .T. ) ;
#1856 = ORIENTED_EDGE ( 'NONE', *, *, #6600, .T. ) ;
#1857 = LINE ( 'NONE', #12767, #4233 ) ;
#1858 = DIRECTION ( 'NONE',  ( 1.000000000000000000, 0.000000000000000000, 0.000000000000000000 ) ) ;
#1859 = CARTESIAN_POINT ( 'NONE',  ( 0.000000000000000000, 114.0000000000000000, -57.50000000000000000 ) ) ;
#1860 = VECTOR ( 'NONE', #9728, 1000.000000000000000 ) ;
#1861 = DIRECTION ( 'NONE',  ( 0.000000000000000000, 0.000000000000000000, -1.000000000000000000 ) ) ;
#1862 = CARTESIAN_POINT ( 'NONE',  ( -44.99999999999998579, -22.14000000000005386, 112.0000000000000000 ) ) ;
#1863 = ORIENTED_EDGE ( 'NONE', *, *, #6112, .F. ) ;
#1864 = DIRECTION ( 'NONE',  ( -1.000000000000000000, 0.000000000000000000, 0.000000000000000000 ) ) ;
#1865 = CARTESIAN_POINT ( 'NONE',  ( -22.39999999999999858, 114.0000000000000000, -36.50000000000000711 ) ) ;
#1866 = EDGE_CURVE ( 'NONE', #10681, #1512, #11838, .T. ) ;
#1867 = EDGE_LOOP ( 'NONE', ( #7566, #5812, #4054, #7250 ) ) ;
#1868 = LINE ( 'NONE', #750, #6101 ) ;
#1869 = ORIENTED_EDGE ( 'NONE', *, *, #2383, .T. ) ;
#1870 = CIRCLE ( 'NONE', #2490, 4.250000000000003553 ) ;
#1871 = AXIS2_PLACEMENT_3D ( 'NONE', #4231, #1221, #6146 ) ;
#1872 = AXIS2_PLACEMENT_3D ( 'NONE', #3041, #12052, #8162 ) ;
#1873 = LINE ( 'NONE', #3767, #667 ) ;
#1874 = AXIS2_PLACEMENT_3D ( 'NONE', #11549, #6561, #2919 ) ;
#1875 = LINE ( 'NONE', #8769, #11403 ) ;
#1876 = DIRECTION ( 'NONE',  ( 1.000000000000000000, 0.000000000000000000, 0.000000000000000000 ) ) ;
#1877 = ORIENTED_EDGE ( 'NONE', *, *, #12792, .T. ) ;
#1878 = AXIS2_PLACEMENT_3D ( 'NONE', #8402, #1571, #2604 ) ;
#1879 = VECTOR ( 'NONE', #7316, 1000.000000000000000 ) ;
#1880 = CYLINDRICAL_SURFACE ( 'NONE', #11680, 7.499999999999985789 ) ;
#1881 = CARTESIAN_POINT ( 'NONE',  ( -45.50000000000000711, 0.000000000000000000, 58.79999999999997584 ) ) ;
#1882 = VERTEX_POINT ( 'NONE', #4445 ) ;
#1883 = ORIENTED_EDGE ( 'NONE', *, *, #8581, .T. ) ;
#1884 = CARTESIAN_POINT ( 'NONE',  ( -45.50000000000006395, 165.9999999999999716, -313.5367466867102166 ) ) ;
#1885 = VERTEX_POINT ( 'NONE', #242 ) ;
#1886 = CYLINDRICAL_SURFACE ( 'NONE', #5078, 7.499999999999985789 ) ;
#1887 = ORIENTED_EDGE ( 'NONE', *, *, #7162, .F. ) ;
#1888 = ORIENTED_EDGE ( 'NONE', *, *, #8901, .F. ) ;
#1889 = FACE_OUTER_BOUND ( 'NONE', #11468, .T. ) ;
#1890 = AXIS2_PLACEMENT_3D ( 'NONE', #10584, #9575, #7810 ) ;
#1891 = CIRCLE ( 'NONE', #10281, 9.500000000000001776 ) ;
#1892 = CARTESIAN_POINT ( 'NONE',  ( 45.00000000000001421, -45.00000000000000000, 19.60000000000000497 ) ) ;
#1893 = CARTESIAN_POINT ( 'NONE',  ( 36.77000000000000313, -36.76999999999998181, 112.0000000000000000 ) ) ;
#1894 = CARTESIAN_POINT ( 'NONE',  ( 28.87693130457883584, -39.12398950069050585, 112.0000000000000000 ) ) ;
#1895 = DIRECTION ( 'NONE',  ( 0.000000000000000000, 0.000000000000000000, 1.000000000000000000 ) ) ;
#1896 = ORIENTED_EDGE ( 'NONE', *, *, #4784, .T. ) ;
#1897 = EDGE_LOOP ( 'NONE', ( #6353, #12427, #12284, #2576 ) ) ;
#1898 = CIRCLE ( 'NONE', #9239, 7.000000000000000000 ) ;
#1899 = DIRECTION ( 'NONE',  ( 0.000000000000000000, 0.000000000000000000, -1.000000000000000000 ) ) ;
#1900 = DIRECTION ( 'NONE',  ( -5.551115123125782702E-17, -1.386669559958809814E-32, -1.000000000000000000 ) ) ;
#1901 = CARTESIAN_POINT ( 'NONE',  ( -28.28999999999998138, 73.14000000000000057, -69.99999999999998579 ) ) ;
#1902 = ORIENTED_EDGE ( 'NONE', *, *, #12929, .F. ) ;
#1903 = CARTESIAN_POINT ( 'NONE',  ( -25.79000000000000270, 154.8599999999999852, 6.499999999999996447 ) ) ;
#1904 = EDGE_CURVE ( 'NONE', #12813, #8056, #9434, .T. ) ;
#1905 = EDGE_CURVE ( 'NONE', #5159, #11761, #12267, .T. ) ;
#1906 = FACE_OUTER_BOUND ( 'NONE', #9773, .T. ) ;
#1907 = AXIS2_PLACEMENT_3D ( 'NONE', #4003, #2273, #2472 ) ;
#1908 = CARTESIAN_POINT ( 'NONE',  ( 0.000000000000000000, 114.0000000000000000, 14.20569654897112244 ) ) ;
#1909 = VECTOR ( 'NONE', #5788, 1000.000000000000000 ) ;
#1910 = CIRCLE ( 'NONE', #220, 8.999999999999994671 ) ;
#1911 = DIRECTION ( 'NONE',  ( -0.000000000000000000, -0.000000000000000000, -1.000000000000000000 ) ) ;
#1912 = ADVANCED_FACE ( 'NONE', ( #507 ), #9371, .T. ) ;
#1913 = ADVANCED_FACE ( 'NONE', ( #4378 ), #6296, .F. ) ;
#1914 = DIRECTION ( 'NONE',  ( -0.000000000000000000, -0.000000000000000000, 1.000000000000000000 ) ) ;
#1915 = ORIENTED_EDGE ( 'NONE', *, *, #9776, .F. ) ;
#1916 = CARTESIAN_POINT ( 'NONE',  ( 5.755839955992559063E-15, -46.99999999999999289, 0.000000000000000000 ) ) ;
#1917 = FACE_OUTER_BOUND ( 'NONE', #1203, .T. ) ;
#1918 = EDGE_LOOP ( 'NONE', ( #7793, #11612, #10667, #1332, #6668, #7824, #10304, #11755 ) ) ;
#1920 = ORIENTED_EDGE ( 'NONE', *, *, #1314, .T. ) ;
#1919 = AXIS2_PLACEMENT_3D ( 'NONE', #7485, #6505, #11619 ) ;
#1921 = CARTESIAN_POINT ( 'NONE',  ( -22.14000000000005031, 38.19999999999997442, 19.59999999999999076 ) ) ;
#1922 = ORIENTED_EDGE ( 'NONE', *, *, #3065, .T. ) ;
#1923 = ORIENTED_EDGE ( 'NONE', *, *, #8889, .T. ) ;
#1924 = DIRECTION ( 'NONE',  ( 0.000000000000000000, 0.000000000000000000, -1.000000000000000000 ) ) ;
#1925 = CARTESIAN_POINT ( 'NONE',  ( 32.17016143302159747, 150.9605291273451542, -72.00000000000001421 ) ) ;
#1926 = LINE ( 'NONE', #7717, #558 ) ;
#1927 = VECTOR ( 'NONE', #6971, 1000.000000000000000 ) ;
#1928 = AXIS2_PLACEMENT_3D ( 'NONE', #11246, #401, #5344 ) ;
#1929 = VECTOR ( 'NONE', #6028, 1000.000000000000000 ) ;
#1930 = EDGE_CURVE ( 'NONE', #10605, #8460, #12469, .T. ) ;
#1931 = CARTESIAN_POINT ( 'NONE',  ( -57.49999999999988631, 10.37044135009633017, 66.92242150232482345 ) ) ;
#1932 = LINE ( 'NONE', #8957, #13008 ) ;
#1933 = VERTEX_POINT ( 'NONE', #3331 ) ;
#1934 = DIRECTION ( 'NONE',  ( -0.000000000000000000, -0.000000000000000000, 1.000000000000000000 ) ) ;
#1935 = DIRECTION ( 'NONE',  ( 1.000000000000000000, 0.000000000000000000, 0.000000000000000000 ) ) ;
#1936 = VERTEX_POINT ( 'NONE', #11352 ) ;
#1937 = DIRECTION ( 'NONE',  ( 1.000000000000000000, 0.000000000000000000, -0.000000000000000000 ) ) ;
#1938 = VECTOR ( 'NONE', #9931, 1000.000000000000000 ) ;
#1939 = AXIS2_PLACEMENT_3D ( 'NONE', #10842, #8807, #11766 ) ;
#1940 = ORIENTED_EDGE ( 'NONE', *, *, #4708, .T. ) ;
#1941 = AXIS2_PLACEMENT_3D ( 'NONE', #4638, #6699, #3906 ) ;
#1942 = DIRECTION ( 'NONE',  ( -0.000000000000000000, -0.000000000000000000, 1.000000000000000000 ) ) ;
#1943 = CARTESIAN_POINT ( 'NONE',  ( -28.08750000000000213, 114.0000000000000000, -51.50000000000000000 ) ) ;
#1944 = DIRECTION ( 'NONE',  ( -1.000000000000000000, 0.000000000000000000, 0.000000000000000000 ) ) ;
#1945 = ORIENTED_EDGE ( 'NONE', *, *, #3441, .F. ) ;
#1946 = ADVANCED_FACE ( 'NONE', ( #11486 ), #2471, .T. ) ;
#1947 = ORIENTED_EDGE ( 'NONE', *, *, #449, .F. ) ;
#1948 = CARTESIAN_POINT ( 'NONE',  ( -29.33956106112633933, -35.75089393306184604, 112.0000000000000000 ) ) ;
#1949 = FACE_OUTER_BOUND ( 'NONE', #4074, .T. ) ;
#1950 = ORIENTED_EDGE ( 'NONE', *, *, #3011, .T. ) ;
#1951 = CARTESIAN_POINT ( 'NONE',  ( 42.42640687119288856, -46.67640687119281750, 10.00099999999999945 ) ) ;
#1952 = ORIENTED_EDGE ( 'NONE', *, *, #2550, .T. ) ;
#1953 = CYLINDRICAL_SURFACE ( 'NONE', #12212, 34.50000000000000000 ) ;
#1954 = CIRCLE ( 'NONE', #5746, 4.250000000000003553 ) ;
#1955 = VERTEX_POINT ( 'NONE', #10630 ) ;
#1956 = ORIENTED_EDGE ( 'NONE', *, *, #9047, .F. ) ;
#1957 = FACE_OUTER_BOUND ( 'NONE', #7989, .T. ) ;
#1958 = CIRCLE ( 'NONE', #3206, 12.50000000000000000 ) ;
#1959 = ORIENTED_EDGE ( 'NONE', *, *, #8815, .T. ) ;
#1960 = LINE ( 'NONE', #11023, #1326 ) ;
#1961 = CARTESIAN_POINT ( 'NONE',  ( 0.000000000000000000, 140.7500000000000000, -14.50000000000000711 ) ) ;
#1962 = EDGE_CURVE ( 'NONE', #12823, #9745, #4910, .T. ) ;
#1963 = CARTESIAN_POINT ( 'NONE',  ( 35.92640687119283882, 42.42640687119283882, 9.999999999999992895 ) ) ;
#1964 = DIRECTION ( 'NONE',  ( -1.224646799147353207E-16, 1.000000000000000000, 0.000000000000000000 ) ) ;
#1965 = ORIENTED_EDGE ( 'NONE', *, *, #9869, .T. ) ;
#1966 = VECTOR ( 'NONE', #9304, 1000.000000000000000 ) ;
#1967 = FACE_OUTER_BOUND ( 'NONE', #4136, .T. ) ;
#1968 = DIRECTION ( 'NONE',  ( 0.000000000000000000, 0.000000000000000000, -1.000000000000000000 ) ) ;
#1969 = PLANE ( 'NONE',  #1238 ) ;
#1970 = EDGE_LOOP ( 'NONE', ( #4289, #6640, #5556, #9014 ) ) ;
#1971 = DIRECTION ( 'NONE',  ( 0.000000000000000000, 1.000000000000000000, 0.000000000000000000 ) ) ;
#1972 = DIRECTION ( 'NONE',  ( -1.000000000000000000, 0.000000000000000000, 0.000000000000000000 ) ) ;
#1973 = CARTESIAN_POINT ( 'NONE',  ( -42.42640687119284593, -42.42640687119285303, 9.999999999999992895 ) ) ;
#1974 = AXIS2_PLACEMENT_3D ( 'NONE', #4309, #2343, #1500 ) ;
#1975 = DIRECTION ( 'NONE',  ( 0.000000000000000000, 0.000000000000000000, -1.000000000000000000 ) ) ;
#1976 = EDGE_CURVE ( 'NONE', #8317, #2667, #8713, .T. ) ;
#1977 = CARTESIAN_POINT ( 'NONE',  ( -45.00000000000001421, 22.14000000000006452, 112.0000000000000000 ) ) ;
#1978 = ADVANCED_FACE ( 'NONE', ( #12724 ), #11548, .F. ) ;
#1979 = DIRECTION ( 'NONE',  ( 0.000000000000000000, 0.000000000000000000, 1.000000000000000000 ) ) ;
#1980 = LINE ( 'NONE', #7706, #5376 ) ;
#1981 = DIRECTION ( 'NONE',  ( 1.000000000000000000, 0.000000000000000000, 0.000000000000000000 ) ) ;
#1982 = VECTOR ( 'NONE', #10773, 1000.000000000000000 ) ;
#1983 = ORIENTED_EDGE ( 'NONE', *, *, #4619, .F. ) ;
#1984 = CARTESIAN_POINT ( 'NONE',  ( 0.000000000000000000, 114.0000000000000000, -49.00000000000000000 ) ) ;
#1985 = ORIENTED_EDGE ( 'NONE', *, *, #7853, .F. ) ;
#1986 = ORIENTED_EDGE ( 'NONE', *, *, #7652, .T. ) ;
#1987 = CARTESIAN_POINT ( 'NONE',  ( 0.000000000000000000, 114.0000000000000000, 10.99999999999999645 ) ) ;
#1988 = EDGE_CURVE ( 'NONE', #3705, #6700, #571, .T. ) ;
#1989 = CARTESIAN_POINT ( 'NONE',  ( 45.00000000000000000, -45.00000000000000000, 112.0000000000000000 ) ) ;
#1990 = DIRECTION ( 'NONE',  ( 0.000000000000000000, 1.000000000000000000, -4.270088556250602685E-15 ) ) ;
#1991 = VECTOR ( 'NONE', #9837, 1000.000000000000000 ) ;
#1992 = EDGE_CURVE ( 'NONE', #9216, #10639, #6560, .T. ) ;
#1993 = CARTESIAN_POINT ( 'NONE',  ( -51.50000000000000711, -4.999999999999984901, 40.29999999999998295 ) ) ;
#1994 = DIRECTION ( 'NONE',  ( 0.000000000000000000, 1.000000000000000000, 0.000000000000000000 ) ) ;
#1995 = ORIENTED_EDGE ( 'NONE', *, *, #8089, .T. ) ;
#1996 = CARTESIAN_POINT ( 'NONE',  ( 0.000000000000000000, 114.0000000000000000, -51.50000000000000000 ) ) ;
#1997 = CARTESIAN_POINT ( 'NONE',  ( 42.42640687119307330, 71.57359312880737434, -72.00000000000001421 ) ) ;
#1998 = ORIENTED_EDGE ( 'NONE', *, *, #11332, .T. ) ;
#1999 = DIRECTION ( 'NONE',  ( -0.000000000000000000, 1.000000000000000000, 0.000000000000000000 ) ) ;
#2000 = EDGE_LOOP ( 'NONE', ( #8042, #7405, #8733, #231 ) ) ;
#2001 = EDGE_CURVE ( 'NONE', #21, #6847, #8652, .T. ) ;
#2002 = EDGE_CURVE ( 'NONE', #425, #4205, #1629, .T. ) ;
#2003 = ORIENTED_EDGE ( 'NONE', *, *, #4011, .F. ) ;
#2004 = LINE ( 'NONE', #5274, #40 ) ;
#2005 = CYLINDRICAL_SURFACE ( 'NONE', #10781, 1.999999999999980904 ) ;
#2006 = ORIENTED_EDGE ( 'NONE', *, *, #3156, .T. ) ;
#2007 = CARTESIAN_POINT ( 'NONE',  ( -45.00000000000000711, -10.94588963949482086, 53.29999999999997584 ) ) ;
#2008 = ORIENTED_EDGE ( 'NONE', *, *, #3770, .T. ) ;
#2009 = EDGE_LOOP ( 'NONE', ( #8355, #10001, #1261, #5895 ) ) ;
#2010 = DIRECTION ( 'NONE',  ( 1.000000000000000000, 0.000000000000000000, 0.000000000000000000 ) ) ;
#2011 = DIRECTION ( 'NONE',  ( -0.000000000000000000, -0.000000000000000000, 1.000000000000000000 ) ) ;
#2012 = ORIENTED_EDGE ( 'NONE', *, *, #3749, .F. ) ;
#2013 = CARTESIAN_POINT ( 'NONE',  ( 28.87693130457883584, -39.12398950069050585, 112.0000000000000000 ) ) ;
#2014 = VERTEX_POINT ( 'NONE', #9628 ) ;
#2015 = CARTESIAN_POINT ( 'NONE',  ( 45.00000000000001421, 45.00000000000000000, 19.60000000000000497 ) ) ;
#2016 = EDGE_CURVE ( 'NONE', #12006, #9938, #1355, .T. ) ;
#2017 = VERTEX_POINT ( 'NONE', #9695 ) ;
#2018 = FACE_OUTER_BOUND ( 'NONE', #956, .T. ) ;
#2019 = DIRECTION ( 'NONE',  ( 0.000000000000000000, 1.000000000000000000, 0.000000000000000000 ) ) ;
#2020 = ADVANCED_FACE ( 'NONE', ( #636 ), #3838, .T. ) ;
#2021 = FACE_BOUND ( 'NONE', #7301, .T. ) ;
#2022 = CARTESIAN_POINT ( 'NONE',  ( -52.00000000000005684, 165.9999999999999716, -48.80000000000001137 ) ) ;
#2023 = DIRECTION ( 'NONE',  ( -1.000000000000000000, 0.000000000000000000, 0.000000000000000000 ) ) ;
#2024 = TOROIDAL_SURFACE ( 'NONE', #11877, 23.50000000000000000, 1.000000000000000666 ) ;
#2025 = DIRECTION ( 'NONE',  ( 0.000000000000000000, 0.000000000000000000, 1.000000000000000000 ) ) ;
#2026 = VERTEX_POINT ( 'NONE', #4572 ) ;
#2027 = CARTESIAN_POINT ( 'NONE',  ( 0.000000000000000000, 114.0000000000000000, -36.50000000000000711 ) ) ;
#2028 = CARTESIAN_POINT ( 'NONE',  ( -38.19999999999998153, -22.14000000000005386, 112.0000000000000000 ) ) ;
#2029 = DIRECTION ( 'NONE',  ( 0.000000000000000000, 0.000000000000000000, -1.000000000000000000 ) ) ;
#2030 = LINE ( 'NONE', #6960, #9248 ) ;
#2031 = EDGE_CURVE ( 'NONE', #11351, #11691, #4630, .T. ) ;
#2032 = CARTESIAN_POINT ( 'NONE',  ( 26.00000000000001066, 114.0000000000000000, -66.50000000000000000 ) ) ;
#2033 = AXIS2_PLACEMENT_3D ( 'NONE', #11909, #4800, #7971 ) ;
#2034 = CIRCLE ( 'NONE', #347, 7.499999999999985789 ) ;
#2035 = CARTESIAN_POINT ( 'NONE',  ( 0.000000000000000000, 114.0000000000000000, -65.35000000000000853 ) ) ;
#2036 = CARTESIAN_POINT ( 'NONE',  ( -52.00000000000008527, -52.00000000000000000, -313.5367466867102166 ) ) ;
#2037 = CARTESIAN_POINT ( 'NONE',  ( -39.12398950069062664, 28.87693130457875412, 112.0000000000000000 ) ) ;
#2038 = ORIENTED_EDGE ( 'NONE', *, *, #2955, .F. ) ;
#2039 = CARTESIAN_POINT ( 'NONE',  ( 45.50000000000002842, 61.99999999999999289, 11.50000000000001066 ) ) ;
#2040 = VECTOR ( 'NONE', #3787, 1000.000000000000000 ) ;
#2041 = CARTESIAN_POINT ( 'NONE',  ( 0.000000000000000000, 114.0000000000000000, -69.99999999999998579 ) ) ;
#2042 = ORIENTED_EDGE ( 'NONE', *, *, #12026, .F. ) ;
#2043 = CARTESIAN_POINT ( 'NONE',  ( -35.27624999999999744, 114.0000000000000000, -8.500000000000003553 ) ) ;
#2044 = VECTOR ( 'NONE', #12319, 1000.000000000000000 ) ;
#2045 = ORIENTED_EDGE ( 'NONE', *, *, #9191, .T. ) ;
#2046 = ORIENTED_EDGE ( 'NONE', *, *, #11336, .F. ) ;
#2047 = CARTESIAN_POINT ( 'NONE',  ( 0.000000000000000000, 114.0000000000000000, 29.09545482057523813 ) ) ;
#2048 = DIRECTION ( 'NONE',  ( -1.000000000000000000, 0.000000000000000000, 0.000000000000000000 ) ) ;
#2049 = CARTESIAN_POINT ( 'NONE',  ( 0.000000000000000000, 114.0000000000000000, -53.76762496022975313 ) ) ;
#2050 = EDGE_CURVE ( 'NONE', #5150, #11277, #7733, .T. ) ;
#2051 = DIRECTION ( 'NONE',  ( 0.000000000000000000, 0.000000000000000000, -1.000000000000000000 ) ) ;
#2052 = FACE_BOUND ( 'NONE', #8250, .T. ) ;
#2053 = ORIENTED_EDGE ( 'NONE', *, *, #3500, .T. ) ;
#2054 = CARTESIAN_POINT ( 'NONE',  ( 22.14000000000004320, -44.99999999999999289, 73.39999999999999147 ) ) ;
#2055 = CARTESIAN_POINT ( 'NONE',  ( -51.50000000000001421, -6.947747786280440430, 40.52230724711827747 ) ) ;
#2056 = EDGE_LOOP ( 'NONE', ( #7963, #9983, #5226, #9296 ) ) ;
#2057 = CARTESIAN_POINT ( 'NONE',  ( -42.42640687119307330, 71.57359312880737434, -77.00000000000000000 ) ) ;
#2058 = EDGE_CURVE ( 'NONE', #6507, #7866, #12597, .T. ) ;
#2059 = EDGE_CURVE ( 'NONE', #8421, #12218, #11882, .T. ) ;
#2060 = AXIS2_PLACEMENT_3D ( 'NONE', #7962, #792, #6975 ) ;
#2061 = DIRECTION ( 'NONE',  ( 0.000000000000000000, 0.000000000000000000, -1.000000000000000000 ) ) ;
#2062 = VECTOR ( 'NONE', #2508, 1000.000000000000000 ) ;
#2063 = CARTESIAN_POINT ( 'NONE',  ( -39.12398950069049874, -28.87693130457884649, 112.0000000000000000 ) ) ;
#2064 = ORIENTED_EDGE ( 'NONE', *, *, #11733, .F. ) ;
#2065 = EDGE_CURVE ( 'NONE', #7665, #10881, #9566, .T. ) ;
#2066 = LINE ( 'NONE', #1948, #10834 ) ;
#2067 = ADVANCED_FACE ( 'NONE', ( #8774, #4697 ), #6750, .F. ) ;
#2068 = CARTESIAN_POINT ( 'NONE',  ( 0.000000000000000000, 114.0000000000000000, -24.00000000000000711 ) ) ;
#2069 = ORIENTED_EDGE ( 'NONE', *, *, #1728, .T. ) ;
#2070 = VECTOR ( 'NONE', #9579, 1000.000000000000000 ) ;
#2071 = CARTESIAN_POINT ( 'NONE',  ( -42.42640687119281750, 42.42640687119286014, 0.000000000000000000 ) ) ;
#2072 = VECTOR ( 'NONE', #5916, 1000.000000000000000 ) ;
#2073 = DIRECTION ( 'NONE',  ( 6.672013369141565463E-17, 1.000000000000000000, 0.000000000000000000 ) ) ;
#2074 = ORIENTED_EDGE ( 'NONE', *, *, #1482, .F. ) ;
#2075 = ORIENTED_EDGE ( 'NONE', *, *, #12250, .F. ) ;
#2076 = CARTESIAN_POINT ( 'NONE',  ( 42.42640687119288856, -38.17640687119282461, 10.00099999999999945 ) ) ;
#2077 = FACE_OUTER_BOUND ( 'NONE', #11047, .T. ) ;
#2078 = EDGE_CURVE ( 'NONE', #7253, #10959, #12733, .T. ) ;
#2079 = VERTEX_POINT ( 'NONE', #12856 ) ;
#2080 = CARTESIAN_POINT ( 'NONE',  ( -51.50000000000001421, 6.947747786280480398, 40.52230724711836984 ) ) ;
#2081 = CARTESIAN_POINT ( 'NONE',  ( -42.42640687119307330, 71.57359312880737434, 11.50000000000001066 ) ) ;
#2082 = TOROIDAL_SURFACE ( 'NONE', #3754, 30.77624999999999744, 4.499999999999997335 ) ;
#2083 = DIRECTION ( 'NONE',  ( 0.000000000000000000, 0.000000000000000000, -1.000000000000000000 ) ) ;
#2084 = EDGE_CURVE ( 'NONE', #7037, #8688, #12305, .T. ) ;
#2085 = ORIENTED_EDGE ( 'NONE', *, *, #7921, .F. ) ;
#2086 = DIRECTION ( 'NONE',  ( 0.000000000000000000, 0.000000000000000000, -1.000000000000000000 ) ) ;
#2087 = FACE_OUTER_BOUND ( 'NONE', #795, .T. ) ;
#2088 = CARTESIAN_POINT ( 'NONE',  ( 45.00000000000000000, 45.00000000000000000, 112.0000000000000000 ) ) ;
#2089 = CIRCLE ( 'NONE', #9640, 1.249999999999997558 ) ;
#2090 = CYLINDRICAL_SURFACE ( 'NONE', #9871, 28.08750000000000213 ) ;
#2091 = DIRECTION ( 'NONE',  ( 1.000000000000000000, 0.000000000000000000, 0.000000000000000000 ) ) ;
#2092 = VERTEX_POINT ( 'NONE', #6021 ) ;
#2093 = CARTESIAN_POINT ( 'NONE',  ( -22.39999999999999858, 114.0000000000000000, 14.20569654897112244 ) ) ;
#2094 = AXIS2_PLACEMENT_3D ( 'NONE', #10031, #3987, #6159 ) ;
#2095 = DIRECTION ( 'NONE',  ( -1.000000000000000000, 0.000000000000000000, 0.000000000000000000 ) ) ;
#2096 = AXIS2_PLACEMENT_3D ( 'NONE', #5268, #11305, #3089 ) ;
#2097 = DIRECTION ( 'NONE',  ( 1.000000000000000000, 0.000000000000000000, 0.000000000000000000 ) ) ;
#2098 = EDGE_CURVE ( 'NONE', #4317, #8421, #338, .T. ) ;
#2099 = DIRECTION ( 'NONE',  ( -0.1358808089250767570, -0.9907251918498221066, 0.000000000000000000 ) ) ;
#2100 = DIRECTION ( 'NONE',  ( 0.000000000000000000, 0.000000000000000000, 1.000000000000000000 ) ) ;
#2101 = ADVANCED_FACE ( 'NONE', ( #2918 ), #11926, .T. ) ;
#2102 = EDGE_LOOP ( 'NONE', ( #5154, #7294, #4197, #7675 ) ) ;
#2103 = CARTESIAN_POINT ( 'NONE',  ( 22.14000000000007162, 45.00000000000001421, 112.0000000000000000 ) ) ;
#2104 = ORIENTED_EDGE ( 'NONE', *, *, #1404, .F. ) ;
#2105 = VERTEX_POINT ( 'NONE', #3900 ) ;
#2106 = AXIS2_PLACEMENT_3D ( 'NONE', #4085, #3960, #12114 ) ;
#2107 = CARTESIAN_POINT ( 'NONE',  ( 0.000000000000000000, 137.5000000000000000, -0.5000000000000038858 ) ) ;
#2108 = DIRECTION ( 'NONE',  ( 1.000000000000000000, 0.000000000000000000, 0.000000000000000000 ) ) ;
#2109 = AXIS2_PLACEMENT_3D ( 'NONE', #3743, #8741, #1979 ) ;
#2110 = CARTESIAN_POINT ( 'NONE',  ( 28.43660512956202169, 156.0000000000000000, 6.499999999999996447 ) ) ;
#2111 = EDGE_CURVE ( 'NONE', #1695, #8844, #5029, .T. ) ;
#2112 = LINE ( 'NONE', #9084, #11698 ) ;
#2113 = CIRCLE ( 'NONE', #7381, 6.800000000000000711 ) ;
#2114 = PLANE ( 'NONE',  #10904 ) ;
#2115 = ORIENTED_EDGE ( 'NONE', *, *, #5424, .T. ) ;
#2116 = CARTESIAN_POINT ( 'NONE',  ( 0.000000000000000000, 114.0000000000000000, 14.20569654897112244 ) ) ;
#2117 = CARTESIAN_POINT ( 'NONE',  ( 28.43660512957058017, 161.0000000000013642, 6.499999999999996447 ) ) ;
#2118 = EDGE_LOOP ( 'NONE', ( #9344, #5826, #5680, #9341 ) ) ;
#2119 = CARTESIAN_POINT ( 'NONE',  ( -57.49999999999997868, -1.481587030807461874E-15, 46.70192378864662430 ) ) ;
#2120 = ORIENTED_EDGE ( 'NONE', *, *, #3380, .F. ) ;
#2121 = AXIS2_PLACEMENT_3D ( 'NONE', #2208, #5050, #8004 ) ;
#2122 = AXIS2_PLACEMENT_3D ( 'NONE', #7154, #11162, #2154 ) ;
#2123 = DIRECTION ( 'NONE',  ( 0.000000000000000000, -1.000000000000000000, 0.000000000000000000 ) ) ;
#2124 = ORIENTED_EDGE ( 'NONE', *, *, #12465, .T. ) ;
#2125 = DIRECTION ( 'NONE',  ( 0.000000000000000000, -1.000000000000000000, 0.000000000000000000 ) ) ;
#2126 = ORIENTED_EDGE ( 'NONE', *, *, #12995, .T. ) ;
#2127 = ORIENTED_EDGE ( 'NONE', *, *, #7954, .F. ) ;
#2128 = PLANE ( 'NONE',  #9673 ) ;
#2129 = ADVANCED_FACE ( 'NONE', ( #8052 ), #6939, .F. ) ;
#2130 = CARTESIAN_POINT ( 'NONE',  ( 29.33956106112633577, 35.75089393306183894, 53.29999999999999005 ) ) ;
#2131 = ORIENTED_EDGE ( 'NONE', *, *, #5618, .F. ) ;
#2132 = EDGE_CURVE ( 'NONE', #596, #605, #10947, .T. ) ;
#2133 = CIRCLE ( 'NONE', #1928, 46.99999999999999289 ) ;
#2134 = ORIENTED_EDGE ( 'NONE', *, *, #2338, .F. ) ;
#2135 = DIRECTION ( 'NONE',  ( 1.000000000000000000, 0.000000000000000000, 0.000000000000000000 ) ) ;
#2136 = VECTOR ( 'NONE', #642, 1000.000000000000000 ) ;
#2137 = VERTEX_POINT ( 'NONE', #11996 ) ;
#2138 = DIRECTION ( 'NONE',  ( 0.000000000000000000, 0.000000000000000000, -1.000000000000000000 ) ) ;
#2139 = DIRECTION ( 'NONE',  ( 0.000000000000000000, 0.000000000000000000, -1.000000000000000000 ) ) ;
#2140 = LINE ( 'NONE', #6154, #6885 ) ;
#2141 = FACE_OUTER_BOUND ( 'NONE', #12171, .T. ) ;
#2142 = EDGE_CURVE ( 'NONE', #2636, #1563, #2066, .T. ) ;
#2143 = CIRCLE ( 'NONE', #470, 1.249999999999987121 ) ;
#2144 = AXIS2_PLACEMENT_3D ( 'NONE', #52, #3016, #10907 ) ;
#2145 = CARTESIAN_POINT ( 'NONE',  ( -29.33956106112635354, 35.75089393306190289, 112.0000000000000000 ) ) ;
#2146 = CARTESIAN_POINT ( 'NONE',  ( 25.79000000000000270, 73.14000000000001478, -2.000000000000004441 ) ) ;
#2147 = DIRECTION ( 'NONE',  ( 1.000000000000000000, 0.000000000000000000, 0.000000000000000000 ) ) ;
#2148 = EDGE_CURVE ( 'NONE', #8994, #11208, #9034, .T. ) ;
#2149 = DIRECTION ( 'NONE',  ( -1.000000000000000000, 0.000000000000000000, 0.000000000000000000 ) ) ;
#2150 = ORIENTED_EDGE ( 'NONE', *, *, #11069, .F. ) ;
#2151 = FACE_OUTER_BOUND ( 'NONE', #9703, .T. ) ;
#2152 = CARTESIAN_POINT ( 'NONE',  ( 52.00000000000012079, -45.49999999999998579, -313.5367466867102166 ) ) ;
#2153 = VECTOR ( 'NONE', #7289, 1000.000000000000114 ) ;
#2154 = DIRECTION ( 'NONE',  ( -1.000000000000000000, 0.000000000000000000, 0.000000000000000000 ) ) ;
#2155 = FACE_OUTER_BOUND ( 'NONE', #12257, .T. ) ;
#2156 = ORIENTED_EDGE ( 'NONE', *, *, #10509, .F. ) ;
#2157 = CARTESIAN_POINT ( 'NONE',  ( 4.000000000000000888, 125.8427192823270104, -65.35000000000000853 ) ) ;
#2158 = EDGE_CURVE ( 'NONE', #2764, #8230, #3054, .T. ) ;
#2159 = CIRCLE ( 'NONE', #3211, 37.49999999999999289 ) ;
#2160 = VECTOR ( 'NONE', #11552, 1000.000000000000114 ) ;
#2161 = LINE ( 'NONE', #981, #10864 ) ;
#2162 = AXIS2_PLACEMENT_3D ( 'NONE', #7599, #1810, #6811 ) ;
#2163 = CYLINDRICAL_SURFACE ( 'NONE', #9061, 22.50000000000000000 ) ;
#2164 = VERTEX_POINT ( 'NONE', #4095 ) ;
#2165 = CARTESIAN_POINT ( 'NONE',  ( 0.000000000000000000, 114.0000000000000000, -3.150000000000003908 ) ) ;
#2166 = LINE ( 'NONE', #5336, #6697 ) ;
#2167 = ORIENTED_EDGE ( 'NONE', *, *, #6354, .F. ) ;
#2168 = CARTESIAN_POINT ( 'NONE',  ( 45.49999999999994316, 159.4999999999999716, -72.00000000000001421 ) ) ;
#2169 = AXIS2_PLACEMENT_3D ( 'NONE', #10104, #6956, #10968 ) ;
#2170 = ORIENTED_EDGE ( 'NONE', *, *, #1189, .F. ) ;
#2171 = VERTEX_POINT ( 'NONE', #12300 ) ;
#2172 = CIRCLE ( 'NONE', #3846, 7.499999999999985789 ) ;
#2173 = DIRECTION ( 'NONE',  ( 1.000000000000000000, 0.000000000000000000, 0.000000000000000000 ) ) ;
#2174 = EDGE_CURVE ( 'NONE', #8985, #11127, #7005, .T. ) ;
#2175 = CARTESIAN_POINT ( 'NONE',  ( 0.000000000000000000, 114.0000000000000000, -44.90443948822942843 ) ) ;
#2176 = LINE ( 'NONE', #5279, #3553 ) ;
#2177 = VECTOR ( 'NONE', #3524, 1000.000000000000000 ) ;
#2178 = DIRECTION ( 'NONE',  ( -0.000000000000000000, -0.000000000000000000, 1.000000000000000000 ) ) ;
#2179 = ORIENTED_EDGE ( 'NONE', *, *, #53, .T. ) ;
#2180 = CARTESIAN_POINT ( 'NONE',  ( 0.000000000000000000, 114.0000000000000000, -12.23237503977025575 ) ) ;
#2181 = CARTESIAN_POINT ( 'NONE',  ( 39.12398950069061243, -28.87693130457877189, 112.0000000000000000 ) ) ;
#2182 = EDGE_LOOP ( 'NONE', ( #6864, #8087, #1439, #1902 ) ) ;
#2183 = EDGE_CURVE ( 'NONE', #1385, #5135, #7063, .T. ) ;
#2184 = CARTESIAN_POINT ( 'NONE',  ( 45.50000000000013500, -45.49999999999998579, -313.5367466867102166 ) ) ;
#2185 = EDGE_LOOP ( 'NONE', ( #11551, #10577 ) ) ;
#2186 = ORIENTED_EDGE ( 'NONE', *, *, #4011, .T. ) ;
#2187 = EDGE_CURVE ( 'NONE', #7670, #196, #5896, .T. ) ;
#2188 = DIRECTION ( 'NONE',  ( 0.000000000000000000, 0.000000000000000000, -1.000000000000000000 ) ) ;
#2189 = VECTOR ( 'NONE', #4325, 1000.000000000000000 ) ;
#2190 = ORIENTED_EDGE ( 'NONE', *, *, #10783, .T. ) ;
#2191 = DIRECTION ( 'NONE',  ( -1.000000000000000000, 0.000000000000000000, 0.000000000000000000 ) ) ;
#2192 = VERTEX_POINT ( 'NONE', #6329 ) ;
#2193 = LINE ( 'NONE', #1083, #5506 ) ;
#2194 = DIRECTION ( 'NONE',  ( 0.000000000000000000, 0.000000000000000000, -1.000000000000000000 ) ) ;
#2195 = VERTEX_POINT ( 'NONE', #3970 ) ;
#2196 = DIRECTION ( 'NONE',  ( -0.000000000000000000, 0.000000000000000000, 1.000000000000000000 ) ) ;
#2197 = ORIENTED_EDGE ( 'NONE', *, *, #10306, .F. ) ;
#2198 = LINE ( 'NONE', #10087, #5515 ) ;
#2199 = ORIENTED_EDGE ( 'NONE', *, *, #4993, .T. ) ;
#2200 = DIRECTION ( 'NONE',  ( -0.000000000000000000, -0.000000000000000000, 1.000000000000000000 ) ) ;
#2201 = CARTESIAN_POINT ( 'NONE',  ( -59.00000000000000711, 6.627408258997474100, 40.99593927063136078 ) ) ;
#2202 = EDGE_CURVE ( 'NONE', #7056, #12596, #11075, .T. ) ;
#2203 = CARTESIAN_POINT ( 'NONE',  ( -51.50000000000000711, -12.81007243446770438, 54.53947840943258996 ) ) ;
#2204 = ORIENTED_EDGE ( 'NONE', *, *, #3275, .F. ) ;
#2205 = ORIENTED_EDGE ( 'NONE', *, *, #12933, .T. ) ;
#2206 = CARTESIAN_POINT ( 'NONE',  ( 29.33956106112633577, 35.75089393306183894, 73.39999999999999147 ) ) ;
#2207 = DIRECTION ( 'NONE',  ( 1.000000000000000000, 0.000000000000000000, 0.000000000000000000 ) ) ;
#2208 = CARTESIAN_POINT ( 'NONE',  ( 42.42640687119288856, -42.42640687119281750, 10.00000000000000000 ) ) ;
#2209 = EDGE_CURVE ( 'NONE', #3774, #5211, #12091, .T. ) ;
#2210 = ORIENTED_EDGE ( 'NONE', *, *, #10785, .F. ) ;
#2211 = PLANE ( 'NONE',  #404 ) ;
#2212 = CARTESIAN_POINT ( 'NONE',  ( -27.04000000000000270, 154.8599999999999852, 6.499999999999996447 ) ) ;
#2213 = FACE_OUTER_BOUND ( 'NONE', #12766, .T. ) ;
#2214 = CARTESIAN_POINT ( 'NONE',  ( -45.50000000000409273, 68.50000000000835598, -72.00000000000001421 ) ) ;
#2215 = LINE ( 'NONE', #10243, #8457 ) ;
#2216 = ADVANCED_FACE ( 'NONE', ( #7315 ), #1880, .F. ) ;
#2217 = ADVANCED_FACE ( 'NONE', ( #5348, #9886 ), #887, .F. ) ;
#2218 = ORIENTED_EDGE ( 'NONE', *, *, #8083, .F. ) ;
#2219 = CARTESIAN_POINT ( 'NONE',  ( -45.50000000000409273, 62.00000000000834888, -72.00000000000001421 ) ) ;
#2220 = DIRECTION ( 'NONE',  ( 0.000000000000000000, 1.000000000000000000, 0.000000000000000000 ) ) ;
#2221 = ORIENTED_EDGE ( 'NONE', *, *, #12231, .T. ) ;
#2222 = DIRECTION ( 'NONE',  ( -0.000000000000000000, -0.000000000000000000, 1.000000000000000000 ) ) ;
#2223 = EDGE_CURVE ( 'NONE', #760, #10231, #7922, .T. ) ;
#2224 = CARTESIAN_POINT ( 'NONE',  ( -22.13999999999997925, -38.20000000000001705, 112.0000000000000000 ) ) ;
#2225 = EDGE_CURVE ( 'NONE', #625, #810, #2434, .T. ) ;
#2226 = ORIENTED_EDGE ( 'NONE', *, *, #1390, .F. ) ;
#2227 = AXIS2_PLACEMENT_3D ( 'NONE', #8824, #7899, #1799 ) ;
#2228 = AXIS2_PLACEMENT_3D ( 'NONE', #4573, #5708, #9696 ) ;
#2229 = DIRECTION ( 'NONE',  ( 0.000000000000000000, 0.000000000000000000, -1.000000000000000000 ) ) ;
#2230 = ORIENTED_EDGE ( 'NONE', *, *, #8369, .T. ) ;
#2231 = VERTEX_POINT ( 'NONE', #5550 ) ;
#2232 = FACE_OUTER_BOUND ( 'NONE', #11041, .T. ) ;
#2233 = CARTESIAN_POINT ( 'NONE',  ( 47.25000000001955414, 85.56884280932308684, 11.49999999999999645 ) ) ;
#2234 = DIRECTION ( 'NONE',  ( -0.000000000000000000, -0.000000000000000000, 1.000000000000000000 ) ) ;
#2235 = FACE_OUTER_BOUND ( 'NONE', #291, .T. ) ;
#2236 = VECTOR ( 'NONE', #403, 1000.000000000000000 ) ;
#2237 = AXIS2_PLACEMENT_3D ( 'NONE', #8029, #12044, #1064 ) ;
#2238 = ADVANCED_FACE ( 'NONE', ( #1534 ), #2505, .T. ) ;
#2239 = DIRECTION ( 'NONE',  ( 1.000000000000000000, 0.000000000000000000, 0.000000000000000000 ) ) ;
#2240 = CARTESIAN_POINT ( 'NONE',  ( 29.33956106112634643, -35.75089393306192420, 19.60000000000000497 ) ) ;
#2241 = ADVANCED_FACE ( 'NONE', ( #10465 ), #11582, .F. ) ;
#2242 = CIRCLE ( 'NONE', #363, 9.499999999999994671 ) ;
#2243 = ORIENTED_EDGE ( 'NONE', *, *, #123, .F. ) ;
#2244 = DIRECTION ( 'NONE',  ( 1.000000000000000000, 0.000000000000000000, 0.000000000000000000 ) ) ;
#2245 = CARTESIAN_POINT ( 'NONE',  ( -51.50000000000004263, -6.212211885552809676, 70.92824319768958219 ) ) ;
#2246 = VERTEX_POINT ( 'NONE', #6660 ) ;
#2247 = DIRECTION ( 'NONE',  ( 0.000000000000000000, 0.000000000000000000, -1.000000000000000000 ) ) ;
#2248 = AXIS2_PLACEMENT_3D ( 'NONE', #4194, #6113, #2095 ) ;
#2249 = CIRCLE ( 'NONE', #5632, 4.599999999999996092 ) ;
#2250 = ORIENTED_EDGE ( 'NONE', *, *, #8581, .F. ) ;
#2251 = CARTESIAN_POINT ( 'NONE',  ( 34.50000000000000000, 114.0000000000000000, -21.09556051177057867 ) ) ;
#2252 = DIRECTION ( 'NONE',  ( -0.000000000000000000, -0.000000000000000000, 1.000000000000000000 ) ) ;
#2253 = ORIENTED_EDGE ( 'NONE', *, *, #4091, .T. ) ;
#2254 = CARTESIAN_POINT ( 'NONE',  ( -51.50000000000000711, -4.499999999999982236, 25.29999999999998295 ) ) ;
#2255 = CIRCLE ( 'NONE', #8359, 6.019999999999993356 ) ;
#2256 = DIRECTION ( 'NONE',  ( 0.9907251918498221066, -0.1358808089250767570, 0.000000000000000000 ) ) ;
#2257 = ADVANCED_FACE ( 'NONE', ( #5483 ), #7383, .T. ) ;
#2258 = ORIENTED_EDGE ( 'NONE', *, *, #11385, .T. ) ;
#2259 = DIRECTION ( 'NONE',  ( 1.000000000000000000, 0.000000000000000000, 0.000000000000000000 ) ) ;
#2260 = VERTEX_POINT ( 'NONE', #1662 ) ;
#2261 = ORIENTED_EDGE ( 'NONE', *, *, #204, .F. ) ;
#2262 = DIRECTION ( 'NONE',  ( 0.000000000000000000, 0.000000000000000000, -1.000000000000000000 ) ) ;
#2263 = VERTEX_POINT ( 'NONE', #1597 ) ;
#2264 = CARTESIAN_POINT ( 'NONE',  ( -39.02640687119306762, -42.42640687119262566, -1.102182119232617788E-16 ) ) ;
#2265 = CARTESIAN_POINT ( 'NONE',  ( -22.14000000000005031, 38.19999999999997442, 112.0000000000000000 ) ) ;
#2266 = VERTEX_POINT ( 'NONE', #9472 ) ;
#2267 = CARTESIAN_POINT ( 'NONE',  ( -58.99999999999995737, 9.499682676886417099, 47.12041765112964953 ) ) ;
#2268 = DIRECTION ( 'NONE',  ( 0.000000000000000000, 1.000000000000000000, 0.000000000000000000 ) ) ;
#2269 = ORIENTED_EDGE ( 'NONE', *, *, #8164, .T. ) ;
#2270 = AXIS2_PLACEMENT_3D ( 'NONE', #11370, #11440, #5536 ) ;
#2271 = AXIS2_PLACEMENT_3D ( 'NONE', #9253, #2029, #9182 ) ;
#2272 = CARTESIAN_POINT ( 'NONE',  ( -52.00000000000005684, 165.9999999999999716, -313.5367466867102166 ) ) ;
#2273 = DIRECTION ( 'NONE',  ( 0.000000000000000000, 0.000000000000000000, -1.000000000000000000 ) ) ;
#2274 = ORIENTED_EDGE ( 'NONE', *, *, #12933, .F. ) ;
#2275 = LINE ( 'NONE', #3264, #12872 ) ;
#2276 = EDGE_LOOP ( 'NONE', ( #905, #4326, #256, #7070, #2489, #11601 ) ) ;
#2277 = DIRECTION ( 'NONE',  ( -1.156482317317871478E-16, -0.000000000000000000, 1.000000000000000000 ) ) ;
#2278 = ADVANCED_FACE ( 'NONE', ( #475 ), #8559, .F. ) ;
#2279 = DIRECTION ( 'NONE',  ( -0.000000000000000000, -0.000000000000000000, 1.000000000000000000 ) ) ;
#2280 = DIRECTION ( 'NONE',  ( -0.9907251918498221066, 0.1358808089250767570, -1.527674887594232876E-16 ) ) ;
#2281 = DIRECTION ( 'NONE',  ( 0.000000000000000000, 1.000000000000000000, 0.000000000000000000 ) ) ;
#2282 = EDGE_LOOP ( 'NONE', ( #8302, #285, #3160, #5148 ) ) ;
#2283 = AXIS2_PLACEMENT_3D ( 'NONE', #11015, #5961, #5099 ) ;
#2284 = DIRECTION ( 'NONE',  ( 0.000000000000000000, -0.000000000000000000, 1.000000000000000000 ) ) ;
#2285 = VERTEX_POINT ( 'NONE', #4543 ) ;
#2286 = LINE ( 'NONE', #7292, #1219 ) ;
#2287 = DIRECTION ( 'NONE',  ( 1.000000000000000000, 0.000000000000000000, -0.000000000000000000 ) ) ;
#2288 = ORIENTED_EDGE ( 'NONE', *, *, #8494, .T. ) ;
#2289 = ORIENTED_EDGE ( 'NONE', *, *, #9555, .T. ) ;
#2290 = AXIS2_PLACEMENT_3D ( 'NONE', #3159, #7370, #1127 ) ;
#2291 = DIRECTION ( 'NONE',  ( -0.000000000000000000, 0.000000000000000000, -1.000000000000000000 ) ) ;
#2292 = AXIS2_PLACEMENT_3D ( 'NONE', #12170, #5611, #476 ) ;
#2293 = ADVANCED_FACE ( 'NONE', ( #12498 ), #11646, .F. ) ;
#2294 = CARTESIAN_POINT ( 'NONE',  ( -42.42640687119306619, 42.42640687119262566, -18.00000000000000355 ) ) ;
#2295 = EDGE_CURVE ( 'NONE', #1512, #10681, #4114, .T. ) ;
#2296 = ADVANCED_FACE ( 'NONE', ( #3431 ), #8712, .T. ) ;
#2297 = VERTEX_POINT ( 'NONE', #8624 ) ;
#2298 = DIRECTION ( 'NONE',  ( -1.000000000000000000, 0.000000000000000000, 0.000000000000000000 ) ) ;
#2299 = VERTEX_POINT ( 'NONE', #3561 ) ;
#2300 = ORIENTED_EDGE ( 'NONE', *, *, #12836, .F. ) ;
#2301 = CARTESIAN_POINT ( 'NONE',  ( -52.00000000000007105, 61.99999999999998579, -1.000000000000000000 ) ) ;
#2302 = DIRECTION ( 'NONE',  ( -0.1358808089250767570, -0.9907251918498221066, -2.095250037129328554E-17 ) ) ;
#2303 = AXIS2_PLACEMENT_3D ( 'NONE', #4179, #1103, #2023 ) ;
#2304 = AXIS2_PLACEMENT_3D ( 'NONE', #4134, #3224, #1262 ) ;
#2305 = EDGE_CURVE ( 'NONE', #10757, #3527, #7045, .T. ) ;
#2306 = CARTESIAN_POINT ( 'NONE',  ( 0.000000000000000000, 114.0000000000000000, -0.5000000000000108802 ) ) ;
#2307 = ADVANCED_FACE ( 'NONE', ( #4346 ), #7575, .F. ) ;
#2308 = CARTESIAN_POINT ( 'NONE',  ( 0.000000000000000000, 114.0000000000000000, -49.50000000000000000 ) ) ;
#2309 = DIRECTION ( 'NONE',  ( -0.000000000000000000, -0.000000000000000000, 1.000000000000000000 ) ) ;
#2310 = DIRECTION ( 'NONE',  ( 0.000000000000000000, 0.000000000000000000, -1.000000000000000000 ) ) ;
#2311 = CARTESIAN_POINT ( 'NONE',  ( 0.000000000000000000, 114.0000000000000000, -72.00000000000000000 ) ) ;
#2312 = ADVANCED_FACE ( 'NONE', ( #6597 ), #10535, .T. ) ;
#2313 = ORIENTED_EDGE ( 'NONE', *, *, #12419, .T. ) ;
#2314 = DIRECTION ( 'NONE',  ( 0.1358808089250767570, 0.9907251918498221066, 0.000000000000000000 ) ) ;
#2315 = CARTESIAN_POINT ( 'NONE',  ( -51.50000000000014921, 13.47060853663947633, 60.85407270809616875 ) ) ;
#2316 = VERTEX_POINT ( 'NONE', #4604 ) ;
#2317 = CARTESIAN_POINT ( 'NONE',  ( -36.76999999999997470, -36.77000000000001023, 53.29999999999997584 ) ) ;
#2318 = CARTESIAN_POINT ( 'NONE',  ( -38.19999999999998153, -22.14000000000005386, 112.0000000000000000 ) ) ;
#2319 = ADVANCED_FACE ( 'NONE', ( #12368 ), #6638, .T. ) ;
#2320 = CARTESIAN_POINT ( 'NONE',  ( 19.90000000000000213, 114.0000000000000000, -0.4999999999999987232 ) ) ;
#2321 = AXIS2_PLACEMENT_3D ( 'NONE', #12749, #9911, #4774 ) ;
#2322 = VERTEX_POINT ( 'NONE', #6398 ) ;
#2323 = CARTESIAN_POINT ( 'NONE',  ( -51.49999999999998579, -8.187467664685996738, 42.99026466362873578 ) ) ;
#2324 = DIRECTION ( 'NONE',  ( -1.000000000000000000, 0.000000000000000000, 0.000000000000000000 ) ) ;
#2325 = EDGE_LOOP ( 'NONE', ( #12554, #9109, #5359, #12826 ) ) ;
#2326 = DIRECTION ( 'NONE',  ( 1.000000000000000000, 0.000000000000000000, 0.000000000000000000 ) ) ;
#2327 = VERTEX_POINT ( 'NONE', #2693 ) ;
#2328 = ORIENTED_EDGE ( 'NONE', *, *, #3442, .F. ) ;
#2329 = DIRECTION ( 'NONE',  ( 0.000000000000000000, 0.000000000000000000, -1.000000000000000000 ) ) ;
#2330 = ORIENTED_EDGE ( 'NONE', *, *, #8542, .F. ) ;
#2331 = VECTOR ( 'NONE', #11114, 1000.000000000000000 ) ;
#2332 = AXIS2_PLACEMENT_3D ( 'NONE', #10345, #4360, #12385 ) ;
#2333 = ORIENTED_EDGE ( 'NONE', *, *, #578, .T. ) ;
#2334 = CARTESIAN_POINT ( 'NONE',  ( 0.000000000000000000, 0.000000000000000000, -0.4999999999999900080 ) ) ;
#2335 = DIRECTION ( 'NONE',  ( 0.000000000000000000, 0.000000000000000000, 1.000000000000000000 ) ) ;
#2336 = B_SPLINE_CURVE_WITH_KNOTS ( 'NONE', 3,
 ( #10275, #5293, #2982, #24, #4032, #7584, #8568, #7394, #5356, #8305, #1417, #10406, #2443, #11397, #8441, #5624, #2513, #12447, #9604, #12571, #5423 ),
 .UNSPECIFIED., .F., .F.,
 ( 4, 1, 1, 1, 1, 1, 1, 1, 1, 1, 1, 1, 1, 1, 1, 1, 1, 1, 4 ),
 ( 0.000000000000000000, 0.003059222012727365499, 0.006118444030316713342, 0.009177666047906062052, 0.01070727705670073554, 0.01223688806549541076, 0.01529611008308475774, 0.01835533210067410645, 0.02141455411826346036, 0.02447377613585280387, 0.02753299815344215778, 0.03059222017103150476, 0.03365144218862085174, 0.03671066420621019871, 0.03824027521500487914, 0.03976988622379955957, 0.04282910824138888572, 0.04588833025897823270, 0.04894755227170564937 ),
 .UNSPECIFIED. ) ;
#2337 = CARTESIAN_POINT ( 'NONE',  ( 45.50000000000004974, 44.99999999999998579, -1.000000000000000888 ) ) ;
#2338 = EDGE_CURVE ( 'NONE', #1222, #12813, #8936, .T. ) ;
#2339 = CARTESIAN_POINT ( 'NONE',  ( 4.000000000000006217, 114.0000000000000000, -4.500000000000003553 ) ) ;
#2340 = EDGE_CURVE ( 'NONE', #3303, #1019, #1165, .T. ) ;
#2341 = VERTEX_POINT ( 'NONE', #9858 ) ;
#2342 = AXIS2_PLACEMENT_3D ( 'NONE', #3394, #11346, #3456 ) ;
#2343 = DIRECTION ( 'NONE',  ( -0.000000000000000000, -0.000000000000000000, 1.000000000000000000 ) ) ;
#2344 = CARTESIAN_POINT ( 'NONE',  ( -36.77000000000001023, 36.76999999999996049, 10.00000000000000000 ) ) ;
#2345 = CARTESIAN_POINT ( 'NONE',  ( -29.00000000000001066, 114.0000000000000000, -88.16592697433104320 ) ) ;
#2346 = CARTESIAN_POINT ( 'NONE',  ( 28.87693130457876123, 39.12398950069061243, 53.29999999999998295 ) ) ;
#2347 = DIRECTION ( 'NONE',  ( 1.000000000000000000, 0.000000000000000000, 0.000000000000000000 ) ) ;
#2348 = FACE_OUTER_BOUND ( 'NONE', #4274, .T. ) ;
#2349 = CARTESIAN_POINT ( 'NONE',  ( 45.82640687119276635, -42.42640687119292409, -18.00000000000000355 ) ) ;
#2350 = AXIS2_PLACEMENT_3D ( 'NONE', #2624, #2497, #4661 ) ;
#2351 = ORIENTED_EDGE ( 'NONE', *, *, #7227, .F. ) ;
#2352 = FACE_OUTER_BOUND ( 'NONE', #4943, .T. ) ;
#2353 = EDGE_CURVE ( 'NONE', #10852, #4523, #4856, .T. ) ;
#2354 = VERTEX_POINT ( 'NONE', #10787 ) ;
#2355 = DIRECTION ( 'NONE',  ( 0.000000000000000000, 0.000000000000000000, -1.000000000000000000 ) ) ;
#2356 = DIRECTION ( 'NONE',  ( 1.000000000000000000, 0.000000000000000000, 0.000000000000000000 ) ) ;
#2357 = VERTEX_POINT ( 'NONE', #9785 ) ;
#2358 = AXIS2_PLACEMENT_3D ( 'NONE', #4459, #7619, #517 ) ;
#2359 = CARTESIAN_POINT ( 'NONE',  ( -42.42640687119306619, -42.42640687119262566, -18.00000000000000355 ) ) ;
#2360 = DIRECTION ( 'NONE',  ( 1.000000000000000000, 0.000000000000000000, 0.000000000000000000 ) ) ;
#2361 = VERTEX_POINT ( 'NONE', #12761 ) ;
#2362 = CARTESIAN_POINT ( 'NONE',  ( -42.25000000000000000, 142.4311571906818017, 6.499999999999996447 ) ) ;
#2363 = ORIENTED_EDGE ( 'NONE', *, *, #3592, .F. ) ;
#2364 = ORIENTED_EDGE ( 'NONE', *, *, #11270, .T. ) ;
#2365 = CIRCLE ( 'NONE', #12449, 19.90000000000000213 ) ;
#2366 = CARTESIAN_POINT ( 'NONE',  ( -26.75000000000000000, 114.0000000000000000, -14.50000000000000711 ) ) ;
#2367 = DIRECTION ( 'NONE',  ( 0.000000000000000000, 0.000000000000000000, -1.000000000000000000 ) ) ;
#2368 = CARTESIAN_POINT ( 'NONE',  ( 0.000000000000000000, 114.0000000000000000, -19.50000000000000355 ) ) ;
#2369 = EDGE_CURVE ( 'NONE', #1885, #10484, #8686, .T. ) ;
#2370 = EDGE_CURVE ( 'NONE', #12682, #7151, #11449, .T. ) ;
#2371 = CARTESIAN_POINT ( 'NONE',  ( 42.42640687119306619, 42.42640687119262566, -1.102182119232617788E-16 ) ) ;
#2372 = CARTESIAN_POINT ( 'NONE',  ( -42.25000000000000000, 85.56884280931819831, 6.499999999999996447 ) ) ;
#2373 = AXIS2_PLACEMENT_3D ( 'NONE', #381, #6373, #314 ) ;
#2374 = DIRECTION ( 'NONE',  ( 1.000000000000000000, 0.000000000000000000, 0.000000000000000000 ) ) ;
#2375 = CARTESIAN_POINT ( 'NONE',  ( 0.000000000000000000, 114.0000000000000000, -50.50000000000000000 ) ) ;
#2376 = AXIS2_PLACEMENT_3D ( 'NONE', #1379, #10373, #7350 ) ;
#2377 = AXIS2_PLACEMENT_3D ( 'NONE', #11129, #11199, #5151 ) ;
#2378 = ORIENTED_EDGE ( 'NONE', *, *, #6096, .T. ) ;
#2379 = DIRECTION ( 'NONE',  ( -1.000000000000000000, 0.000000000000000000, 0.000000000000000000 ) ) ;
#2380 = CARTESIAN_POINT ( 'NONE',  ( -51.50000000000008527, 3.195323443267942931, 72.04676867896061765 ) ) ;
#2381 = VERTEX_POINT ( 'NONE', #5798 ) ;
#2382 = CARTESIAN_POINT ( 'NONE',  ( 42.42640687119285303, 42.42640687119286724, 0.000000000000000000 ) ) ;
#2383 = EDGE_CURVE ( 'NONE', #9718, #8050, #791, .T. ) ;
#2384 = LINE ( 'NONE', #1484, #4542 ) ;
#2385 = AXIS2_PLACEMENT_3D ( 'NONE', #8001, #2025, #11156 ) ;
#2386 = ORIENTED_EDGE ( 'NONE', *, *, #9760, .F. ) ;
#2387 = APPROVAL_STATUS ( 'not_yet_approved' ) ;
#2388 = CARTESIAN_POINT ( 'NONE',  ( 0.000000000000000000, 114.0000000000000000, 14.20569654897112244 ) ) ;
#2389 = CARTESIAN_POINT ( 'NONE',  ( -45.50000000000006395, 159.4999999999999716, 11.50000000000001066 ) ) ;
#2390 = ORIENTED_EDGE ( 'NONE', *, *, #8137, .F. ) ;
#2391 = CARTESIAN_POINT ( 'NONE',  ( 51.99999999999995026, 68.49999999999998579, 11.50000000000001066 ) ) ;
#2392 = ADVANCED_FACE ( 'NONE', ( #12889 ), #6908, .T. ) ;
#2393 = ADVANCED_FACE ( 'NONE', ( #4788 ), #3745, .T. ) ;
#2394 = ORIENTED_EDGE ( 'NONE', *, *, #842, .T. ) ;
#2395 = VERTEX_POINT ( 'NONE', #4725 ) ;
#2396 = DIRECTION ( 'NONE',  ( 0.000000000000000000, 0.000000000000000000, 1.000000000000000000 ) ) ;
#2397 = EDGE_LOOP ( 'NONE', ( #12523, #3783, #2204, #10725 ) ) ;
#2398 = VERTEX_POINT ( 'NONE', #10913 ) ;
#2399 = DIRECTION ( 'NONE',  ( 0.000000000000000000, 0.000000000000000000, -1.000000000000000000 ) ) ;
#2400 = CYLINDRICAL_SURFACE ( 'NONE', #7168, 6.499999999999999112 ) ;
#2401 = CARTESIAN_POINT ( 'NONE',  ( -58.99999999999978684, -10.28944411027175754, 66.86324657783308112 ) ) ;
#2402 = DIRECTION ( 'NONE',  ( 1.000000000000000000, 0.000000000000000000, 0.000000000000000000 ) ) ;
#2403 = ORIENTED_EDGE ( 'NONE', *, *, #8456, .T. ) ;
#2404 = DIRECTION ( 'NONE',  ( -0.000000000000000000, -0.000000000000000000, 1.000000000000000000 ) ) ;
#2405 = CARTESIAN_POINT ( 'NONE',  ( 28.08750000000000213, 114.0000000000000000, -21.09556051177057867 ) ) ;
#2406 = LINE ( 'NONE', #11490, #5330 ) ;
#2407 = DIRECTION ( 'NONE',  ( -0.000000000000000000, -0.000000000000000000, 1.000000000000000000 ) ) ;
#2408 = EDGE_CURVE ( 'NONE', #1234, #5013, #1595, .T. ) ;
#2409 = DIRECTION ( 'NONE',  ( 0.000000000000000000, 0.000000000000000000, -1.000000000000000000 ) ) ;
#2410 = CARTESIAN_POINT ( 'NONE',  ( -38.20000000000000995, 22.13999999999996859, 112.0000000000000000 ) ) ;
#2411 = EDGE_CURVE ( 'NONE', #7786, #8710, #8743, .T. ) ;
#2412 = DIRECTION ( 'NONE',  ( -0.000000000000000000, -0.000000000000000000, 1.000000000000000000 ) ) ;
#2413 = AXIS2_PLACEMENT_3D ( 'NONE', #8142, #6246, #11301 ) ;
#2414 = DIRECTION ( 'NONE',  ( -0.000000000000000000, -0.000000000000000000, 1.000000000000000000 ) ) ;
#2415 = ORIENTED_EDGE ( 'NONE', *, *, #943, .T. ) ;
#2416 = CYLINDRICAL_SURFACE ( 'NONE', #4292, 6.499999999999999112 ) ;
#2417 = VERTEX_POINT ( 'NONE', #1916 ) ;
#2418 = EDGE_CURVE ( 'NONE', #11880, #3390, #8304, .T. ) ;
#2419 = EDGE_LOOP ( 'NONE', ( #9655, #10138, #12414, #11261, #7819, #7894, #11918, #5766 ) ) ;
#2420 = DIRECTION ( 'NONE',  ( -1.000000000000000000, 0.000000000000000000, 0.000000000000000000 ) ) ;
#2421 = CARTESIAN_POINT ( 'NONE',  ( -39.02640687119307472, 42.42640687119262566, 0.000000000000000000 ) ) ;
#2422 = EDGE_CURVE ( 'NONE', #8844, #5162, #9132, .T. ) ;
#2423 = ORIENTED_EDGE ( 'NONE', *, *, #12574, .T. ) ;
#2424 = CARTESIAN_POINT ( 'NONE',  ( 44.99999999999997868, 22.14000000000004675, 19.60000000000000497 ) ) ;
#2425 = EDGE_LOOP ( 'NONE', ( #12403, #6387, #7304, #9258 ) ) ;
#2426 = ORIENTED_EDGE ( 'NONE', *, *, #6073, .F. ) ;
#2427 = AXIS2_PLACEMENT_3D ( 'NONE', #333, #1269, #11514 ) ;
#2428 = DIRECTION ( 'NONE',  ( -0.000000000000000000, -0.000000000000000000, 1.000000000000000000 ) ) ;
#2429 = CYLINDRICAL_SURFACE ( 'NONE', #11800, 1.249999999999997558 ) ;
#2430 = DIRECTION ( 'NONE',  ( -3.265361837132810431E-15, 1.000000000000000000, 0.000000000000000000 ) ) ;
#2431 = DIRECTION ( 'NONE',  ( 0.4999999999999999445, 0.000000000000000000, 0.8660254037844387076 ) ) ;
#2432 = CARTESIAN_POINT ( 'NONE',  ( -22.50000000000000000, 114.0000000000000000, -44.90443948822942843 ) ) ;
#2433 = AXIS2_PLACEMENT_3D ( 'NONE', #8394, #8458, #632 ) ;
#2434 = LINE ( 'NONE', #8432, #11479 ) ;
#2435 = CARTESIAN_POINT ( 'NONE',  ( 0.000000000000000000, 114.0000000000000000, -8.500000000000003553 ) ) ;
#2436 = ORIENTED_EDGE ( 'NONE', *, *, #8091, .F. ) ;
#2437 = DIRECTION ( 'NONE',  ( 0.000000000000000000, 0.000000000000000000, -1.000000000000000000 ) ) ;
#2438 = CARTESIAN_POINT ( 'NONE',  ( -39.12398950069049874, -28.87693130457884649, 53.29999999999997584 ) ) ;
#2439 = AXIS2_PLACEMENT_3D ( 'NONE', #1475, #1407, #10398 ) ;
#2440 = ORIENTED_EDGE ( 'NONE', *, *, #1743, .T. ) ;
#2441 = AXIS2_PLACEMENT_3D ( 'NONE', #9288, #10146, #1286 ) ;
#2442 = AXIS2_PLACEMENT_3D ( 'NONE', #4612, #2769, #8631 ) ;
#2443 = CARTESIAN_POINT ( 'NONE',  ( -45.50000000000013500, 5.973941752240080838, 70.48587473309800089 ) ) ;
#2444 = EDGE_CURVE ( 'NONE', #2164, #8278, #10184, .T. ) ;
#2445 = EDGE_CURVE ( 'NONE', #10091, #4039, #12950, .T. ) ;
#2446 = CARTESIAN_POINT ( 'NONE',  ( 0.000000000000000000, 114.0000000000000000, 14.20569654897112244 ) ) ;
#2447 = AXIS2_PLACEMENT_3D ( 'NONE', #9295, #5229, #10486 ) ;
#2448 = DATE_AND_TIME ( #11657, #4814 ) ;
#2449 = DIRECTION ( 'NONE',  ( 0.000000000000000000, 0.000000000000000000, -1.000000000000000000 ) ) ;
#2450 = DIRECTION ( 'NONE',  ( -0.000000000000000000, -0.000000000000000000, 1.000000000000000000 ) ) ;
#2451 = AXIS2_PLACEMENT_3D ( 'NONE', #731, #9724, #2625 ) ;
#2452 = ORIENTED_EDGE ( 'NONE', *, *, #5669, .F. ) ;
#2453 = CARTESIAN_POINT ( 'NONE',  ( 0.000000000000000000, 114.0000000000000000, -79.00000000000001421 ) ) ;
#2454 = VECTOR ( 'NONE', #4556, 1000.000000000000000 ) ;
#2455 = VECTOR ( 'NONE', #10294, 1000.000000000000000 ) ;
#2456 = EDGE_CURVE ( 'NONE', #497, #10004, #6845, .T. ) ;
#2457 = EDGE_CURVE ( 'NONE', #5003, #3734, #1980, .T. ) ;
#2458 = EDGE_CURVE ( 'NONE', #11913, #10207, #10847, .T. ) ;
#2459 = ORIENTED_EDGE ( 'NONE', *, *, #2059, .F. ) ;
#2460 = CARTESIAN_POINT ( 'NONE',  ( 0.000000000000000000, 114.0000000000000000, -2.500000000000009326 ) ) ;
#2461 = ORIENTED_EDGE ( 'NONE', *, *, #12786, .T. ) ;
#2462 = ORIENTED_EDGE ( 'NONE', *, *, #743, .T. ) ;
#2463 = DIRECTION ( 'NONE',  ( -0.000000000000000000, -0.000000000000000000, 1.000000000000000000 ) ) ;
#2464 = LINE ( 'NONE', #2528, #10110 ) ;
#2465 = CARTESIAN_POINT ( 'NONE',  ( -58.99999999999991473, -8.540273170678174708, 68.75831212841538331 ) ) ;
#2466 = DIRECTION ( 'NONE',  ( 0.9907251918498203302, 0.1358808089250893303, 0.000000000000000000 ) ) ;
#2467 = ADVANCED_FACE ( 'NONE', ( #8213 ), #4997, .F. ) ;
#2468 = ADVANCED_FACE ( 'NONE', ( #9265 ), #10250, .T. ) ;
#2469 = VERTEX_POINT ( 'NONE', #3025 ) ;
#2470 = VERTEX_POINT ( 'NONE', #11175 ) ;
#2471 = CYLINDRICAL_SURFACE ( 'NONE', #926, 4.499999999999998224 ) ;
#2472 = DIRECTION ( 'NONE',  ( 0.000000000000000000, 1.000000000000000000, 0.000000000000000000 ) ) ;
#2473 = ORIENTED_EDGE ( 'NONE', *, *, #11255, .T. ) ;
#2474 = ORIENTED_EDGE ( 'NONE', *, *, #8031, .F. ) ;
#2475 = CARTESIAN_POINT ( 'NONE',  ( 34.50000000000000000, 114.0000000000000000, -51.50000000000000000 ) ) ;
#2476 = CARTESIAN_POINT ( 'NONE',  ( 0.000000000000000000, 114.0000000000000000, -44.90443948822942843 ) ) ;
#2477 = DIRECTION ( 'NONE',  ( -1.000000000000000000, 0.000000000000000000, 0.000000000000000000 ) ) ;
#2478 = DIRECTION ( 'NONE',  ( 0.000000000000000000, 0.000000000000000000, -1.000000000000000000 ) ) ;
#2479 = LINE ( 'NONE', #1575, #2791 ) ;
#2480 = ORIENTED_EDGE ( 'NONE', *, *, #12354, .T. ) ;
#2481 = CYLINDRICAL_SURFACE ( 'NONE', #4255, 19.90000000000000213 ) ;
#2482 = ORIENTED_EDGE ( 'NONE', *, *, #10860, .T. ) ;
#2483 = CIRCLE ( 'NONE', #10464, 3.400000000000000355 ) ;
#2484 = AXIS2_PLACEMENT_3D ( 'NONE', #1204, #4215, #2314 ) ;
#2485 = ADVANCED_FACE ( 'NONE', ( #8285 ), #7100, .T. ) ;
#2486 = CARTESIAN_POINT ( 'NONE',  ( -45.00000000000000711, 45.00000000000000000, 112.0000000000000000 ) ) ;
#2487 = EDGE_LOOP ( 'NONE', ( #3600, #5757, #11716, #9124 ) ) ;
#2488 = DIRECTION ( 'NONE',  ( 0.000000000000000000, 0.000000000000000000, -1.000000000000000000 ) ) ;
#2489 = ORIENTED_EDGE ( 'NONE', *, *, #211, .F. ) ;
#2490 = AXIS2_PLACEMENT_3D ( 'NONE', #778, #972, #4982 ) ;
#2491 = CYLINDRICAL_SURFACE ( 'NONE', #5494, 6.800000000000000711 ) ;
#2492 = AXIS2_PLACEMENT_3D ( 'NONE', #4096, #7923, #4893 ) ;
#2493 = AXIS2_PLACEMENT_3D ( 'NONE', #5884, #11914, #209 ) ;
#2494 = ORIENTED_EDGE ( 'NONE', *, *, #6814, .F. ) ;
#2495 = ORIENTED_EDGE ( 'NONE', *, *, #2893, .T. ) ;
#2496 = DIRECTION ( 'NONE',  ( 1.000000000000000000, 0.000000000000000000, 0.000000000000000000 ) ) ;
#2497 = DIRECTION ( 'NONE',  ( 0.000000000000000000, 0.000000000000000000, -1.000000000000000000 ) ) ;
#2498 = CARTESIAN_POINT ( 'NONE',  ( 0.000000000000000000, 114.0000000000000000, -36.50000000000000711 ) ) ;
#2499 = ADVANCED_FACE ( 'NONE', ( #10052 ), #11237, .F. ) ;
#2500 = DIRECTION ( 'NONE',  ( 0.000000000000000000, -0.000000000000000000, 1.000000000000000000 ) ) ;
#2501 = VECTOR ( 'NONE', #3597, 1000.000000000000000 ) ;
#2502 = CIRCLE ( 'NONE', #6078, 4.250000000000003553 ) ;
#2503 = EDGE_CURVE ( 'NONE', #8764, #2026, #4307, .T. ) ;
#2504 = CARTESIAN_POINT ( 'NONE',  ( 45.50000000000002842, 68.50000000000837019, -72.00000000000001421 ) ) ;
#2505 = CYLINDRICAL_SURFACE ( 'NONE', #5810, 20.00000000000000000 ) ;
#2506 = DIRECTION ( 'NONE',  ( 0.000000000000000000, 0.000000000000000000, 1.000000000000000000 ) ) ;
#2507 = ORIENTED_EDGE ( 'NONE', *, *, #11386, .T. ) ;
#2508 = DIRECTION ( 'NONE',  ( -0.000000000000000000, -0.000000000000000000, -1.000000000000000000 ) ) ;
#2509 = CARTESIAN_POINT ( 'NONE',  ( -28.08750000000000924, 114.0000000000000000, -63.50000000000000000 ) ) ;
#2510 = CIRCLE ( 'NONE', #1480, 4.999999999999984013 ) ;
#2511 = VERTEX_POINT ( 'NONE', #2039 ) ;
#2512 = AXIS2_PLACEMENT_3D ( 'NONE', #8691, #12702, #7711 ) ;
#2513 = CARTESIAN_POINT ( 'NONE',  ( -45.50000000000020606, 12.27851844886863120, 63.27892172405633175 ) ) ;
#2514 = EDGE_CURVE ( 'NONE', #10499, #6685, #1122, .T. ) ;
#2515 = CARTESIAN_POINT ( 'NONE',  ( -51.50000000000001421, 10.69443030939470063, 67.15912120029184962 ) ) ;
#2516 = PERSON_AND_ORGANIZATION ( #9444, #9646 ) ;
#2517 = CYLINDRICAL_SURFACE ( 'NONE', #1210, 4.250000000000003553 ) ;
#2518 = AXIS2_PLACEMENT_3D ( 'NONE', #4301, #11471, #11342 ) ;
#2519 = CYLINDRICAL_SURFACE ( 'NONE', #9010, 1.249999999999997558 ) ;
#2520 = ORIENTED_EDGE ( 'NONE', *, *, #7317, .F. ) ;
#2521 = LINE ( 'NONE', #9490, #9376 ) ;
#2522 = ORIENTED_EDGE ( 'NONE', *, *, #8023, .T. ) ;
#2523 = FACE_OUTER_BOUND ( 'NONE', #5889, .T. ) ;
#2524 = AXIS2_PLACEMENT_3D ( 'NONE', #9372, #9246, #11423 ) ;
#2525 = ORIENTED_EDGE ( 'NONE', *, *, #6852, .T. ) ;
#2526 = ORIENTED_EDGE ( 'NONE', *, *, #7443, .F. ) ;
#2527 = CARTESIAN_POINT ( 'NONE',  ( 0.000000000000000000, 0.000000000000000000, 0.000000000000000000 ) ) ;
#2528 = CARTESIAN_POINT ( 'NONE',  ( 45.00000000000000000, 45.00000000000000000, 10.00000000000000000 ) ) ;
#2529 = CIRCLE ( 'NONE', #10727, 26.00000000000000000 ) ;
#2530 = CARTESIAN_POINT ( 'NONE',  ( -59.00000000000022737, -5.973941752240138570, 70.48587473309788720 ) ) ;
#2531 = DIRECTION ( 'NONE',  ( 0.000000000000000000, 0.000000000000000000, 1.000000000000000000 ) ) ;
#2532 = ADVANCED_FACE ( 'NONE', ( #10120 ), #1054, .T. ) ;
#2533 = VERTEX_POINT ( 'NONE', #5065 ) ;
#2534 = DIRECTION ( 'NONE',  ( -0.000000000000000000, -0.000000000000000000, -1.000000000000000000 ) ) ;
#2535 = CARTESIAN_POINT ( 'NONE',  ( -52.00000000000005684, 165.9999999999999716, 11.50000000000001066 ) ) ;
#2536 = EDGE_LOOP ( 'NONE', ( #10249, #8612, #3616, #4698 ) ) ;
#2537 = AXIS2_PLACEMENT_3D ( 'NONE', #8470, #3532, #4579 ) ;
#2538 = ORIENTED_EDGE ( 'NONE', *, *, #10685, .F. ) ;
#2539 = LINE ( 'NONE', #3405, #66 ) ;
#2540 = CARTESIAN_POINT ( 'NONE',  ( -27.03999999999999559, 73.14000000000000057, -61.49999999999999289 ) ) ;
#2541 = EDGE_CURVE ( 'NONE', #2285, #3581, #3046, .T. ) ;
#2542 = DIRECTION ( 'NONE',  ( -1.156482317317871478E-16, -0.000000000000000000, 1.000000000000000000 ) ) ;
#2543 = DIRECTION ( 'NONE',  ( -0.000000000000000000, -0.000000000000000000, 1.000000000000000000 ) ) ;
#2544 = EDGE_CURVE ( 'NONE', #7948, #1555, #3154, .T. ) ;
#2545 = DIRECTION ( 'NONE',  ( 1.000000000000000000, 0.000000000000000000, 0.000000000000000000 ) ) ;
#2546 = ORIENTED_EDGE ( 'NONE', *, *, #10900, .T. ) ;
#2547 = CARTESIAN_POINT ( 'NONE',  ( -35.75089393306191710, -29.33956106112635354, 53.29999999999997584 ) ) ;
#2548 = CIRCLE ( 'NONE', #5291, 28.08750000000000213 ) ;
#2549 = CIRCLE ( 'NONE', #4212, 12.50000000000000000 ) ;
#2550 = EDGE_CURVE ( 'NONE', #12547, #6823, #12722, .T. ) ;
#2551 = DIRECTION ( 'NONE',  ( 1.000000000000000000, 0.000000000000000000, 0.000000000000000000 ) ) ;
#2552 = ORIENTED_EDGE ( 'NONE', *, *, #3940, .F. ) ;
#2553 = ORIENTED_EDGE ( 'NONE', *, *, #9975, .T. ) ;
#2554 = DIRECTION ( 'NONE',  ( 0.000000000000000000, 0.000000000000000000, 1.000000000000000000 ) ) ;
#2555 = LINE ( 'NONE', #2421, #2070 ) ;
#2556 = VECTOR ( 'NONE', #3909, 1000.000000000000000 ) ;
#2558 = ORIENTED_EDGE ( 'NONE', *, *, #11329, .T. ) ;
#2557 = CIRCLE ( 'NONE', #5514, 4.250000000000003553 ) ;
#2559 = CARTESIAN_POINT ( 'NONE',  ( 0.000000000000000000, 114.0000000000000000, 0.4999999999999952260 ) ) ;
#2560 = ADVANCED_FACE ( 'NONE', ( #9984 ), #987, .T. ) ;
#2561 = TOROIDAL_SURFACE ( 'NONE', #4857, 30.77624999999999744, 4.599999999999995204 ) ;
#2562 = EDGE_CURVE ( 'NONE', #11995, #3795, #9140, .T. ) ;
#2563 = ORIENTED_EDGE ( 'NONE', *, *, #12595, .F. ) ;
#2564 = DIRECTION ( 'NONE',  ( -1.000000000000000000, 0.000000000000000000, 0.000000000000000000 ) ) ;
#2565 = DIRECTION ( 'NONE',  ( 0.000000000000000000, 0.000000000000000000, -1.000000000000000000 ) ) ;
#2566 = CARTESIAN_POINT ( 'NONE',  ( 51.99999999999994316, 159.4999999999999716, -72.00000000000001421 ) ) ;
#2567 = CARTESIAN_POINT ( 'NONE',  ( -42.42640687119284593, 42.42640687119283172, 9.999999999999992895 ) ) ;
#2568 = CIRCLE ( 'NONE', #6773, 21.00000000000000355 ) ;
#2569 = CARTESIAN_POINT ( 'NONE',  ( -4.000000000000000888, 125.8427192823270104, -49.00000000000000000 ) ) ;
#2570 = DIRECTION ( 'NONE',  ( -0.000000000000000000, -0.000000000000000000, 1.000000000000000000 ) ) ;
#2571 = CARTESIAN_POINT ( 'NONE',  ( 0.000000000000000000, 114.0000000000000000, -1.500000000000001332 ) ) ;
#2572 = ORIENTED_EDGE ( 'NONE', *, *, #1682, .T. ) ;
#2573 = DIRECTION ( 'NONE',  ( 0.000000000000000000, 0.000000000000000000, -1.000000000000000000 ) ) ;
#2574 = CARTESIAN_POINT ( 'NONE',  ( 33.46499999999999631, 114.0000000000000000, -4.767624960229753128 ) ) ;
#2575 = ADVANCED_FACE ( 'NONE', ( #262, #4004 ), #12033, .F. ) ;
#2576 = ORIENTED_EDGE ( 'NONE', *, *, #7466, .F. ) ;
#2577 = CIRCLE ( 'NONE', #6782, 33.46500000000000341 ) ;
#2578 = ADVANCED_FACE ( 'NONE', ( #8079 ), #5193, .T. ) ;
#2579 = DIRECTION ( 'NONE',  ( 0.000000000000000000, 0.000000000000000000, -1.000000000000000000 ) ) ;
#2580 = EDGE_CURVE ( 'NONE', #9134, #12991, #4199, .T. ) ;
#2581 = VECTOR ( 'NONE', #11163, 1000.000000000000000 ) ;
#2582 = DIRECTION ( 'NONE',  ( 0.000000000000000000, 0.000000000000000000, -1.000000000000000000 ) ) ;
#2583 = CONICAL_SURFACE ( 'NONE', #9927, 1.249999999999997558, 1.029744258676652757 ) ;
#2584 = CALENDAR_DATE ( 2022, 13, 6 ) ;
#2585 = DIRECTION ( 'NONE',  ( -0.000000000000000000, -0.000000000000000000, -1.000000000000000000 ) ) ;
#2586 = DIRECTION ( 'NONE',  ( -0.000000000000000000, -0.000000000000000000, -1.000000000000000000 ) ) ;
#2587 = ORIENTED_EDGE ( 'NONE', *, *, #10783, .F. ) ;
#2588 = CARTESIAN_POINT ( 'NONE',  ( 0.000000000000000000, 114.0000000000000000, 14.20569654897112244 ) ) ;
#2589 = EDGE_CURVE ( 'NONE', #4695, #3151, #8309, .T. ) ;
#2590 = VERTEX_POINT ( 'NONE', #6581 ) ;
#2591 = DIRECTION ( 'NONE',  ( -0.000000000000000000, -0.000000000000000000, 1.000000000000000000 ) ) ;
#2592 = ORIENTED_EDGE ( 'NONE', *, *, #7556, .T. ) ;
#2593 = CARTESIAN_POINT ( 'NONE',  ( 32.17016143302159747, 150.9605291273451542, 62.93607486307095655 ) ) ;
#2594 = CIRCLE ( 'NONE', #1568, 7.499999999999985789 ) ;
#2595 = CARTESIAN_POINT ( 'NONE',  ( -22.14000000000002188, 45.00000000000000000, 10.00000000000000000 ) ) ;
#2596 = LINE ( 'NONE', #11670, #12728 ) ;
#2597 = EDGE_LOOP ( 'NONE', ( #1768, #5370 ) ) ;
#2598 = DIRECTION ( 'NONE',  ( -1.000000000000000000, 0.000000000000000000, 0.000000000000000000 ) ) ;
#2599 = CARTESIAN_POINT ( 'NONE',  ( -57.49999999999997868, 0.000000000000000000, 70.89807621135332738 ) ) ;
#2600 = ORIENTED_EDGE ( 'NONE', *, *, #4993, .F. ) ;
#2601 = VECTOR ( 'NONE', #2534, 1000.000000000000000 ) ;
#2602 = ORIENTED_EDGE ( 'NONE', *, *, #6312, .T. ) ;
#2603 = CARTESIAN_POINT ( 'NONE',  ( 12.50000000000000000, 114.0000000000000000, -64.00000000000000000 ) ) ;
#2604 = DIRECTION ( 'NONE',  ( 0.000000000000000000, 1.000000000000000000, 0.000000000000000000 ) ) ;
#2605 = CARTESIAN_POINT ( 'NONE',  ( 42.42640687119283882, 42.42640687119283882, 19.59999999999999076 ) ) ;
#2606 = DIRECTION ( 'NONE',  ( -0.000000000000000000, -0.000000000000000000, 1.000000000000000000 ) ) ;
#2607 = CARTESIAN_POINT ( 'NONE',  ( 45.50000000000004974, 44.99999999999998579, -313.5367466867102166 ) ) ;
#2608 = EDGE_CURVE ( 'NONE', #9306, #8433, #11247, .T. ) ;
#2609 = VERTEX_POINT ( 'NONE', #9392 ) ;
#2610 = DIRECTION ( 'NONE',  ( -1.000000000000000000, -0.000000000000000000, 0.000000000000000000 ) ) ;
#2611 = ORIENTED_EDGE ( 'NONE', *, *, #11868, .F. ) ;
#2612 = ADVANCED_FACE ( 'NONE', ( #3477 ), #4464, .F. ) ;
#2613 = CARTESIAN_POINT ( 'NONE',  ( 28.08750000000000924, 114.0000000000000000, -2.500000000000002220 ) ) ;
#2614 = CYLINDRICAL_SURFACE ( 'NONE', #6801, 6.800000000000000711 ) ;
#2615 = EDGE_LOOP ( 'NONE', ( #11016, #12743, #3113, #9874 ) ) ;
#2616 = CARTESIAN_POINT ( 'NONE',  ( 36.77000000000000313, -36.76999999999998181, 19.60000000000000497 ) ) ;
#2617 = CARTESIAN_POINT ( 'NONE',  ( 42.42640687119283882, -42.42640687119285303, 9.999999999999992895 ) ) ;
#2618 = VERTEX_POINT ( 'NONE', #3543 ) ;
#2619 = CARTESIAN_POINT ( 'NONE',  ( 42.50000000000001421, 42.50000000000002132, 10.00000000000000000 ) ) ;
#2620 = EDGE_CURVE ( 'NONE', #7415, #456, #6518, .T. ) ;
#2621 = ADVANCED_FACE ( 'NONE', ( #1457 ), #332, .T. ) ;
#2622 = ORIENTED_EDGE ( 'NONE', *, *, #9523, .T. ) ;
#2623 = DIRECTION ( 'NONE',  ( 0.000000000000000000, 0.000000000000000000, 1.000000000000000000 ) ) ;
#2624 = CARTESIAN_POINT ( 'NONE',  ( -51.50000000000000711, 1.561251128379126385E-14, 25.29999999999998295 ) ) ;
#2625 = DIRECTION ( 'NONE',  ( 0.000000000000000000, 1.000000000000000000, 0.000000000000000000 ) ) ;
#2626 = EDGE_CURVE ( 'NONE', #736, #9857, #6010, .T. ) ;
#2627 = VECTOR ( 'NONE', #11709, 1000.000000000000114 ) ;
#2628 = ADVANCED_FACE ( 'NONE', ( #5398 ), #7434, .F. ) ;
#2629 = CYLINDRICAL_SURFACE ( 'NONE', #9836, 22.50000000000000000 ) ;
#2630 = CARTESIAN_POINT ( 'NONE',  ( 0.000000000000000000, 114.0000000000000000, 14.20569654897112244 ) ) ;
#2631 = DIRECTION ( 'NONE',  ( -1.000000000000000000, 0.000000000000000000, 0.000000000000000000 ) ) ;
#2632 = VERTEX_POINT ( 'NONE', #5595 ) ;
#2633 = VERTEX_POINT ( 'NONE', #5469 ) ;
#2634 = LINE ( 'NONE', #3924, #4377 ) ;
#2635 = DIRECTION ( 'NONE',  ( 0.000000000000000000, 1.000000000000000000, 2.668805347656626678E-16 ) ) ;
#2636 = VERTEX_POINT ( 'NONE', #8609 ) ;
#2637 = AXIS2_PLACEMENT_3D ( 'NONE', #9578, #590, #2420 ) ;
#2638 = DIRECTION ( 'NONE',  ( 0.000000000000000000, -0.000000000000000000, 1.000000000000000000 ) ) ;
#2639 = EDGE_CURVE ( 'NONE', #5002, #952, #9516, .T. ) ;
#2640 = ADVANCED_FACE ( 'NONE', ( #3612 ), #457, .T. ) ;
#2641 = CARTESIAN_POINT ( 'NONE',  ( -51.49999999999988631, 12.75761020543050073, 63.43552400136159974 ) ) ;
#2642 = TOROIDAL_SURFACE ( 'NONE', #10840, 30.77624999999999744, 4.599999999999995204 ) ;
#2643 = EDGE_CURVE ( 'NONE', #9134, #6374, #8480, .T. ) ;
#2644 = PERSON_AND_ORGANIZATION ( #9444, #9646 ) ;
#2645 = CARTESIAN_POINT ( 'NONE',  ( -28.87693130457876478, -39.12398950069062664, 112.0000000000000000 ) ) ;
#2646 = CARTESIAN_POINT ( 'NONE',  ( 0.000000000000000000, 114.0000000000000000, -15.50000000000000355 ) ) ;
#2647 = ORIENTED_EDGE ( 'NONE', *, *, #6628, .T. ) ;
#2648 = DIRECTION ( 'NONE',  ( 0.000000000000000000, 0.000000000000000000, -1.000000000000000000 ) ) ;
#2649 = VERTEX_POINT ( 'NONE', #12484 ) ;
#2650 = CARTESIAN_POINT ( 'NONE',  ( -28.87693130457876478, -39.12398950069061954, 112.0000000000000000 ) ) ;
#2651 = ORIENTED_EDGE ( 'NONE', *, *, #9606, .F. ) ;
#2652 = AXIS2_PLACEMENT_3D ( 'NONE', #25, #1215, #9100 ) ;
#2653 = FACE_OUTER_BOUND ( 'NONE', #7102, .T. ) ;
#2654 = DIRECTION ( 'NONE',  ( 0.000000000000000000, 1.000000000000000000, 0.000000000000000000 ) ) ;
#2655 = AXIS2_PLACEMENT_3D ( 'NONE', #11339, #10284, #2326 ) ;
#2656 = DIRECTION ( 'NONE',  ( 0.000000000000000000, 0.000000000000000000, 1.000000000000000000 ) ) ;
#2657 = EDGE_CURVE ( 'NONE', #9332, #442, #7852, .T. ) ;
#2658 = AXIS2_PLACEMENT_3D ( 'NONE', #8295, #5208, #9021 ) ;
#2659 = VECTOR ( 'NONE', #10597, 1000.000000000000000 ) ;
#2660 = DIRECTION ( 'NONE',  ( 4.383625018638762535E-16, -1.000000000000000000, 0.000000000000000000 ) ) ;
#2661 = CYLINDRICAL_SURFACE ( 'NONE', #3851, 3.400000000000000355 ) ;
#2662 = ORIENTED_EDGE ( 'NONE', *, *, #12981, .T. ) ;
#2663 = ORIENTED_EDGE ( 'NONE', *, *, #397, .T. ) ;
#2664 = DIRECTION ( 'NONE',  ( 0.000000000000000000, 0.000000000000000000, -1.000000000000000000 ) ) ;
#2665 = CIRCLE ( 'NONE', #993, 4.250000000000003553 ) ;
#2666 = DIRECTION ( 'NONE',  ( 0.000000000000000000, -0.000000000000000000, 1.000000000000000000 ) ) ;
#2667 = VERTEX_POINT ( 'NONE', #1327 ) ;
#2668 = EDGE_LOOP ( 'NONE', ( #1247, #6384, #5983, #5308 ) ) ;
#2669 = DIRECTION ( 'NONE',  ( 1.000000000000000000, 0.000000000000000000, 0.000000000000000000 ) ) ;
#2670 = AXIS2_PLACEMENT_3D ( 'NONE', #12194, #1162, #35 ) ;
#2671 = VERTEX_POINT ( 'NONE', #10587 ) ;
#2672 = CIRCLE ( 'NONE', #11281, 37.49999999999999289 ) ;
#2673 = FACE_OUTER_BOUND ( 'NONE', #6182, .T. ) ;
#2674 = ADVANCED_FACE ( 'NONE', ( #7493 ), #11505, .T. ) ;
#2675 = LINE ( 'NONE', #1833, #11717 ) ;
#2676 = DIRECTION ( 'NONE',  ( 0.000000000000000000, -0.000000000000000000, 1.000000000000000000 ) ) ;
#2677 = EDGE_LOOP ( 'NONE', ( #8655, #10006, #2992, #4827 ) ) ;
#2678 = VECTOR ( 'NONE', #1579, 1000.000000000000114 ) ;
#2679 = DIRECTION ( 'NONE',  ( 1.000000000000000000, 0.000000000000000000, 0.000000000000000000 ) ) ;
#2680 = CARTESIAN_POINT ( 'NONE',  ( 37.49999999999999289, 114.0000000000000000, -21.09556051177057867 ) ) ;
#2681 = ORIENTED_EDGE ( 'NONE', *, *, #10660, .F. ) ;
#2682 = CARTESIAN_POINT ( 'NONE',  ( -45.50000000000000711, -6.000000000000000000, 39.79999999999998295 ) ) ;
#2683 = ORIENTED_EDGE ( 'NONE', *, *, #8034, .T. ) ;
#2684 = AXIS2_PLACEMENT_3D ( 'NONE', #8625, #11710, #2695 ) ;
#2685 = DIRECTION ( 'NONE',  ( -1.541976423090494894E-16, -0.000000000000000000, 1.000000000000000000 ) ) ;
#2686 = CARTESIAN_POINT ( 'NONE',  ( -22.13999999999997925, -38.20000000000001705, 73.39999999999999147 ) ) ;
#2687 = FACE_BOUND ( 'NONE', #6836, .T. ) ;
#2688 = EDGE_CURVE ( 'NONE', #7912, #10821, #1582, .T. ) ;
#2689 = ADVANCED_FACE ( 'NONE', ( #11369 ), #9307, .F. ) ;
#2690 = EDGE_CURVE ( 'NONE', #208, #8764, #5966, .T. ) ;
#2691 = DIRECTION ( 'NONE',  ( 0.000000000000000000, 1.000000000000000000, 0.000000000000000000 ) ) ;
#2692 = CIRCLE ( 'NONE', #1661, 26.00000000000001066 ) ;
#2693 = CARTESIAN_POINT ( 'NONE',  ( -52.00000000000007105, 68.50000000000835598, -72.00000000000001421 ) ) ;
#2694 = AXIS2_PLACEMENT_3D ( 'NONE', #1548, #2450, #9611 ) ;
#2695 = DIRECTION ( 'NONE',  ( 1.000000000000000000, 0.000000000000000000, 0.000000000000000000 ) ) ;
#2696 = ORIENTED_EDGE ( 'NONE', *, *, #11851, .F. ) ;
#2697 = VERTEX_POINT ( 'NONE', #12936 ) ;
#2698 = DIRECTION ( 'NONE',  ( -1.000000000000000000, 0.000000000000000000, 0.000000000000000000 ) ) ;
#2699 = ORIENTED_EDGE ( 'NONE', *, *, #4975, .F. ) ;
#2700 = EDGE_CURVE ( 'NONE', #6823, #12547, #8894, .T. ) ;
#2701 = EDGE_CURVE ( 'NONE', #10078, #4467, #12246, .T. ) ;
#2702 = EDGE_CURVE ( 'NONE', #7371, #9324, #5848, .T. ) ;
#2703 = AXIS2_PLACEMENT_3D ( 'NONE', #1142, #9343, #7184 ) ;
#2704 = CARTESIAN_POINT ( 'NONE',  ( 38.19999999999997442, 22.14000000000005031, 53.29999999999999005 ) ) ;
#2705 = VECTOR ( 'NONE', #276, 1000.000000000000227 ) ;
#2706 = CARTESIAN_POINT ( 'NONE',  ( 42.50000000000000711, -42.49999999999997868, 10.00000000000000000 ) ) ;
#2707 = EDGE_CURVE ( 'NONE', #6700, #7042, #7644, .T. ) ;
#2708 = DIRECTION ( 'NONE',  ( 0.000000000000000000, 0.000000000000000000, -1.000000000000000000 ) ) ;
#2709 = LINE ( 'NONE', #6612, #2908 ) ;
#2710 = ORIENTED_EDGE ( 'NONE', *, *, #5778, .F. ) ;
#2711 = CIRCLE ( 'NONE', #11326, 28.08750000000000213 ) ;
#2712 = LINE ( 'NONE', #3578, #7073 ) ;
#2713 = AXIS2_PLACEMENT_3D ( 'NONE', #10850, #4858, #6786 ) ;
#2714 = ORIENTED_EDGE ( 'NONE', *, *, #10019, .T. ) ;
#2715 = CARTESIAN_POINT ( 'NONE',  ( -42.42640687119281750, 38.17640687119286014, 10.00099999999999945 ) ) ;
#2716 = ORIENTED_EDGE ( 'NONE', *, *, #12269, .T. ) ;
#2717 = EDGE_CURVE ( 'NONE', #4950, #8161, #5559, .T. ) ;
#2718 = CYLINDRICAL_SURFACE ( 'NONE', #1522, 6.499999999999999112 ) ;
#2719 = FACE_OUTER_BOUND ( 'NONE', #2056, .T. ) ;
#2720 = AXIS2_PLACEMENT_3D ( 'NONE', #1772, #3729, #9767 ) ;
#2721 = FACE_OUTER_BOUND ( 'NONE', #1553, .T. ) ;
#2722 = CIRCLE ( 'NONE', #2518, 6.800000000000007816 ) ;
#2723 = ORIENTED_EDGE ( 'NONE', *, *, #8605, .F. ) ;
#2724 = EDGE_CURVE ( 'NONE', #9232, #5369, #4713, .T. ) ;
#2725 = CARTESIAN_POINT ( 'NONE',  ( 22.13999999999997215, 38.20000000000000995, 53.29999999999998295 ) ) ;
#2726 = CARTESIAN_POINT ( 'NONE',  ( 52.00000000000012790, 44.99999999999999289, -1.000000000000000000 ) ) ;
#2727 = VERTEX_POINT ( 'NONE', #12811 ) ;
#2728 = VERTEX_POINT ( 'NONE', #12745 ) ;
#2729 = FACE_OUTER_BOUND ( 'NONE', #8327, .T. ) ;
#2730 = CARTESIAN_POINT ( 'NONE',  ( 0.000000000000000000, 114.0000000000000000, -8.500000000000003553 ) ) ;
#2731 = AXIS2_PLACEMENT_3D ( 'NONE', #6995, #5949, #945 ) ;
#2732 = EDGE_CURVE ( 'NONE', #8870, #952, #4771, .T. ) ;
#2733 = ORIENTED_EDGE ( 'NONE', *, *, #12752, .T. ) ;
#2734 = DIRECTION ( 'NONE',  ( -0.000000000000000000, -0.000000000000000000, 1.000000000000000000 ) ) ;
#2735 = EDGE_CURVE ( 'NONE', #3075, #11750, #9679, .T. ) ;
#2736 = FACE_OUTER_BOUND ( 'NONE', #6551, .T. ) ;
#2737 = CIRCLE ( 'NONE', #10084, 4.999999999999984013 ) ;
#2738 = ORIENTED_EDGE ( 'NONE', *, *, #11307, .F. ) ;
#2739 = DIRECTION ( 'NONE',  ( 0.000000000000000000, 0.000000000000000000, -1.000000000000000000 ) ) ;
#2740 = AXIS2_PLACEMENT_3D ( 'NONE', #3993, #2875, #7881 ) ;
#2741 = DIRECTION ( 'NONE',  ( -1.000000000000000000, 0.000000000000000000, 0.000000000000000000 ) ) ;
#2742 = ORIENTED_EDGE ( 'NONE', *, *, #8808, .F. ) ;
#2743 = VERTEX_POINT ( 'NONE', #8672 ) ;
#2744 = CARTESIAN_POINT ( 'NONE',  ( 47.25000000001955414, -291415.8694450773764, 11.49999999999999645 ) ) ;
#2745 = LINE ( 'NONE', #3733, #8154 ) ;
#2746 = VERTEX_POINT ( 'NONE', #1776 ) ;
#2747 = DIRECTION ( 'NONE',  ( 0.000000000000000000, 1.000000000000000000, 0.000000000000000000 ) ) ;
#2748 = AXIS2_PLACEMENT_3D ( 'NONE', #2870, #7945, #12877 ) ;
#2749 = EDGE_CURVE ( 'NONE', #11650, #1264, #3176, .T. ) ;
#2750 = CARTESIAN_POINT ( 'NONE',  ( -51.50000000000000711, 12.81007243446770438, 54.53947840943259706 ) ) ;
#2751 = VECTOR ( 'NONE', #5671, 1000.000000000000000 ) ;
#2752 = CIRCLE ( 'NONE', #1298, 4.250000000000003553 ) ;
#2753 = ORIENTED_EDGE ( 'NONE', *, *, #12868, .F. ) ;
#2754 = DIRECTION ( 'NONE',  ( 0.000000000000000000, 0.000000000000000000, 1.000000000000000000 ) ) ;
#2755 = DIRECTION ( 'NONE',  ( -0.000000000000000000, -0.000000000000000000, 1.000000000000000000 ) ) ;
#2756 = FACE_BOUND ( 'NONE', #12828, .T. ) ;
#2757 = DIRECTION ( 'NONE',  ( 1.000000000000000000, 0.000000000000000000, -0.000000000000000000 ) ) ;
#2758 = VECTOR ( 'NONE', #930, 1000.000000000000114 ) ;
#2759 = VECTOR ( 'NONE', #5372, 1000.000000000000000 ) ;
#2760 = DIRECTION ( 'NONE',  ( 0.000000000000000000, 0.000000000000000000, -1.000000000000000000 ) ) ;
#2761 = CIRCLE ( 'NONE', #10112, 4.999999999999984013 ) ;
#2762 = DIRECTION ( 'NONE',  ( -1.000000000000000000, 0.000000000000000000, 0.000000000000000000 ) ) ;
#2763 = ORIENTED_EDGE ( 'NONE', *, *, #8514, .F. ) ;
#2764 = VERTEX_POINT ( 'NONE', #7814 ) ;
#2765 = CARTESIAN_POINT ( 'NONE',  ( 0.000000000000000000, 114.0000000000000000, -14.50000000000000711 ) ) ;
#2766 = EDGE_LOOP ( 'NONE', ( #11818, #9906, #3052, #2920 ) ) ;
#2767 = CARTESIAN_POINT ( 'NONE',  ( -47.25000000001955414, 142.4311571906855534, 6.499999999999996447 ) ) ;
#2768 = EDGE_CURVE ( 'NONE', #4419, #2354, #5785, .T. ) ;
#2769 = DIRECTION ( 'NONE',  ( 0.000000000000000000, -1.000000000000000000, 0.000000000000000000 ) ) ;
#2770 = DIRECTION ( 'NONE',  ( 0.000000000000000000, 0.000000000000000000, -1.000000000000000000 ) ) ;
#2771 = FACE_OUTER_BOUND ( 'NONE', #6194, .T. ) ;
#2772 = FACE_OUTER_BOUND ( 'NONE', #5948, .T. ) ;
#2773 = VECTOR ( 'NONE', #834, 1000.000000000000114 ) ;
#2774 = ORIENTED_EDGE ( 'NONE', *, *, #12463, .F. ) ;
#2775 = CARTESIAN_POINT ( 'NONE',  ( 42.67205742728176432, 80.58668790124114878, 6.499999999999996447 ) ) ;
#2776 = ORIENTED_EDGE ( 'NONE', *, *, #2142, .T. ) ;
#2777 = FACE_OUTER_BOUND ( 'NONE', #4891, .T. ) ;
#2778 = EDGE_LOOP ( 'NONE', ( #6425, #2250, #6183, #12723 ) ) ;
#2779 = EDGE_CURVE ( 'NONE', #4393, #12896, #6711, .T. ) ;
#2780 = PLANE ( 'NONE',  #9685 ) ;
#2781 = CARTESIAN_POINT ( 'NONE',  ( 26.75000000000000355, 114.0000000000000000, -63.50000000000000000 ) ) ;
#2782 = AXIS2_PLACEMENT_3D ( 'NONE', #10029, #6156, #3062 ) ;
#2783 = CYLINDRICAL_SURFACE ( 'NONE', #10419, 6.499999999999999112 ) ;
#2784 = ORIENTED_EDGE ( 'NONE', *, *, #4733, .T. ) ;
#2785 = EDGE_LOOP ( 'NONE', ( #11621, #5652, #10884, #5979 ) ) ;
#2786 = ADVANCED_FACE ( 'NONE', ( #6833 ), #5728, .F. ) ;
#2787 = DIRECTION ( 'NONE',  ( 1.000000000000000000, 0.000000000000000000, 0.000000000000000000 ) ) ;
#2788 = EDGE_CURVE ( 'NONE', #491, #12054, #11371, .T. ) ;
#2789 = DIRECTION ( 'NONE',  ( 1.000000000000000000, 0.000000000000000000, 0.000000000000000000 ) ) ;
#2790 = EDGE_LOOP ( 'NONE', ( #5326, #10524, #5467, #12763 ) ) ;
#2791 = VECTOR ( 'NONE', #5524, 1000.000000000000000 ) ;
#2792 = ORIENTED_EDGE ( 'NONE', *, *, #3544, .T. ) ;
#2793 = LINE ( 'NONE', #1698, #7430 ) ;
#2794 = AXIS2_PLACEMENT_3D ( 'NONE', #12601, #8851, #5773 ) ;
#2795 = DIRECTION ( 'NONE',  ( -1.000000000000000000, 0.000000000000000000, 0.000000000000000000 ) ) ;
#2796 = EDGE_LOOP ( 'NONE', ( #7539, #1986, #5845, #7742 ) ) ;
#2797 = VECTOR ( 'NONE', #5978, 1000.000000000000000 ) ;
#2798 = VERTEX_POINT ( 'NONE', #11758 ) ;
#2799 = ORIENTED_EDGE ( 'NONE', *, *, #9095, .F. ) ;
#2800 = CARTESIAN_POINT ( 'NONE',  ( 28.87693130457883584, -39.12398950069050585, 10.00000000000000000 ) ) ;
#2801 = DIRECTION ( 'NONE',  ( 0.000000000000000000, 0.000000000000000000, -1.000000000000000000 ) ) ;
#2802 = CYLINDRICAL_SURFACE ( 'NONE', #9385, 7.499999999999985789 ) ;
#2803 = EDGE_CURVE ( 'NONE', #2533, #9620, #5718, .T. ) ;
#2804 = CARTESIAN_POINT ( 'NONE',  ( -20.00000000000000000, 114.0000000000000000, 14.20569654897112244 ) ) ;
#2805 = VECTOR ( 'NONE', #11221, 1000.000000000000000 ) ;
#2806 = CARTESIAN_POINT ( 'NONE',  ( 0.000000000000000000, 114.0000000000000000, -4.500000000000003553 ) ) ;
#2807 = EDGE_CURVE ( 'NONE', #425, #2984, #2964, .T. ) ;
#2808 = ORIENTED_EDGE ( 'NONE', *, *, #2717, .T. ) ;
#2809 = EDGE_LOOP ( 'NONE', ( #3848, #892, #9197, #1509 ) ) ;
#2810 = DIRECTION ( 'NONE',  ( -1.224646799147353207E-16, 1.000000000000000000, 0.000000000000000000 ) ) ;
#2811 = DIRECTION ( 'NONE',  ( 0.000000000000000000, 0.000000000000000000, -1.000000000000000000 ) ) ;
#2812 = ORIENTED_EDGE ( 'NONE', *, *, #8248, .F. ) ;
#2813 = DIRECTION ( 'NONE',  ( 0.000000000000000000, 0.000000000000000000, -1.000000000000000000 ) ) ;
#2814 = CARTESIAN_POINT ( 'NONE',  ( -4.000000000000000888, 114.0000000000000000, -4.500000000000003553 ) ) ;
#2815 = CARTESIAN_POINT ( 'NONE',  ( 0.000000000000000000, 114.0000000000000000, -79.00000000000000000 ) ) ;
#2816 = DIRECTION ( 'NONE',  ( 0.000000000000000000, 0.000000000000000000, 1.000000000000000000 ) ) ;
#2817 = ADVANCED_FACE ( 'NONE', ( #8864 ), #777, .F. ) ;
#2818 = CARTESIAN_POINT ( 'NONE',  ( -51.50000000000000711, -4.999999999999984901, 39.29999999999998295 ) ) ;
#2819 = DIRECTION ( 'NONE',  ( 1.000000000000000000, 0.000000000000000000, 0.000000000000000000 ) ) ;
#2820 = AXIS2_PLACEMENT_3D ( 'NONE', #12681, #9768, #773 ) ;
#2821 = DIRECTION ( 'NONE',  ( 0.000000000000000000, 0.000000000000000000, -1.000000000000000000 ) ) ;
#2822 = ORIENTED_EDGE ( 'NONE', *, *, #1696, .T. ) ;
#2823 = EDGE_LOOP ( 'NONE', ( #7597, #3537, #1959, #715 ) ) ;
#2824 = DIRECTION ( 'NONE',  ( -0.000000000000000000, -0.000000000000000000, 1.000000000000000000 ) ) ;
#2825 = ORIENTED_EDGE ( 'NONE', *, *, #4078, .T. ) ;
#2826 = FACE_BOUND ( 'NONE', #11400, .T. ) ;
#2827 = DIRECTION ( 'NONE',  ( 1.000000000000000000, 0.000000000000000000, 0.000000000000000000 ) ) ;
#2828 = CARTESIAN_POINT ( 'NONE',  ( 0.000000000000000000, 114.0000000000000000, -4.767624960229753128 ) ) ;
#2829 = LINE ( 'NONE', #8956, #10848 ) ;
#2830 = CARTESIAN_POINT ( 'NONE',  ( 42.42640687119307330, 71.57359312880737434, 11.50000000000001066 ) ) ;
#2831 = VERTEX_POINT ( 'NONE', #5914 ) ;
#2832 = FACE_OUTER_BOUND ( 'NONE', #6762, .T. ) ;
#2833 = CARTESIAN_POINT ( 'NONE',  ( 22.50000000000000000, 114.0000000000000000, -21.09556051177057867 ) ) ;
#2834 = PRODUCT_DEFINITION_SHAPE ( 'NONE', 'NONE',  #131 ) ;
#2835 = ORIENTED_EDGE ( 'NONE', *, *, #6284, .T. ) ;
#2836 = CARTESIAN_POINT ( 'NONE',  ( 26.75000000000000355, 114.0000000000000000, -65.50000000000000000 ) ) ;
#2837 = ORIENTED_EDGE ( 'NONE', *, *, #730, .F. ) ;
#2838 = FACE_OUTER_BOUND ( 'NONE', #12142, .T. ) ;
#2839 = VECTOR ( 'NONE', #7918, 1000.000000000000000 ) ;
#2840 = LINE ( 'NONE', #8708, #9302 ) ;
#2841 = DIRECTION ( 'NONE',  ( -0.000000000000000000, -0.000000000000000000, -1.000000000000000000 ) ) ;
#2842 = EDGE_LOOP ( 'NONE', ( #6107, #9320, #5269, #4597 ) ) ;
#2843 = EDGE_LOOP ( 'NONE', ( #925, #2906 ) ) ;
#2844 = CARTESIAN_POINT ( 'NONE',  ( 24.50000000000000000, 114.0000000000000000, 14.20569654897112244 ) ) ;
#2845 = CARTESIAN_POINT ( 'NONE',  ( 3.999999999999999112, 129.8000000000000114, -79.00000000000000000 ) ) ;
#2846 = EDGE_CURVE ( 'NONE', #4829, #9585, #9907, .T. ) ;
#2847 = ORIENTED_EDGE ( 'NONE', *, *, #9633, .T. ) ;
#2848 = EDGE_CURVE ( 'NONE', #11584, #12281, #10099, .T. ) ;
#2849 = AXIS2_PLACEMENT_3D ( 'NONE', #7127, #12180, #2125 ) ;
#2850 = ORIENTED_EDGE ( 'NONE', *, *, #7525, .F. ) ;
#2851 = FACE_BOUND ( 'NONE', #7467, .T. ) ;
#2852 = VERTEX_POINT ( 'NONE', #4981 ) ;
#2853 = DIRECTION ( 'NONE',  ( 1.000000000000000000, 0.000000000000000000, 0.000000000000000000 ) ) ;
#2854 = VERTEX_POINT ( 'NONE', #4250 ) ;
#2855 = AXIS2_PLACEMENT_3D ( 'NONE', #5566, #12581, #748 ) ;
#2856 = ORIENTED_EDGE ( 'NONE', *, *, #1791, .T. ) ;
#2857 = DIRECTION ( 'NONE',  ( 0.000000000000000000, 0.000000000000000000, 1.000000000000000000 ) ) ;
#2858 = ADVANCED_FACE ( 'NONE', ( #5115 ), #10036, .F. ) ;
#2859 = EDGE_LOOP ( 'NONE', ( #10955, #8437, #7567, #5070 ) ) ;
#2860 = EDGE_CURVE ( 'NONE', #9418, #4532, #1106, .T. ) ;
#2861 = PLANE ( 'NONE',  #9706 ) ;
#2862 = ADVANCED_FACE ( 'NONE', ( #5980 ), #45, .T. ) ;
#2863 = DIRECTION ( 'NONE',  ( -0.000000000000000000, -0.000000000000000000, 1.000000000000000000 ) ) ;
#2864 = AXIS2_PLACEMENT_3D ( 'NONE', #3034, #6000, #2048 ) ;
#2865 = DIRECTION ( 'NONE',  ( 1.000000000000000000, 0.000000000000000000, 0.000000000000000000 ) ) ;
#2866 = FACE_OUTER_BOUND ( 'NONE', #7480, .T. ) ;
#2867 = VECTOR ( 'NONE', #6879, 1000.000000000000000 ) ;
#2868 = VERTEX_POINT ( 'NONE', #8196 ) ;
#2869 = EDGE_LOOP ( 'NONE', ( #6997, #3355 ) ) ;
#2870 = CARTESIAN_POINT ( 'NONE',  ( 42.42640687119307330, 156.4264068711926257, -77.00000000000000000 ) ) ;
#2871 = LINE ( 'NONE', #6895, #9000 ) ;
#2872 = CARTESIAN_POINT ( 'NONE',  ( 38.17640687119307330, 71.57359312880737434, -77.00000000000000000 ) ) ;
#2873 = ORIENTED_EDGE ( 'NONE', *, *, #3063, .F. ) ;
#2874 = AXIS2_PLACEMENT_3D ( 'NONE', #7047, #1000, #5006 ) ;
#2875 = DIRECTION ( 'NONE',  ( -0.000000000000000000, -0.000000000000000000, 1.000000000000000000 ) ) ;
#2876 = VECTOR ( 'NONE', #4353, 1000.000000000000000 ) ;
#2877 = CARTESIAN_POINT ( 'NONE',  ( 0.000000000000000000, 114.0000000000000000, -14.50000000000000711 ) ) ;
#2878 = ADVANCED_FACE ( 'NONE', ( #9053 ), #4056, .T. ) ;
#2879 = VERTEX_POINT ( 'NONE', #13003 ) ;
#2880 = DIRECTION ( 'NONE',  ( -0.000000000000000000, -0.000000000000000000, 1.000000000000000000 ) ) ;
#2881 = ADVANCED_FACE ( 'NONE', ( #4182 ), #2583, .F. ) ;
#2882 = CYLINDRICAL_SURFACE ( 'NONE', #7515, 6.800000000000000711 ) ;
#2883 = VECTOR ( 'NONE', #11103, 1000.000000000000000 ) ;
#2884 = DIRECTION ( 'NONE',  ( 0.000000000000000000, 0.000000000000000000, -1.000000000000000000 ) ) ;
#2885 = DIRECTION ( 'NONE',  ( 1.000000000000000000, 0.000000000000000000, 0.000000000000000000 ) ) ;
#2886 = CARTESIAN_POINT ( 'NONE',  ( 0.000000000000000000, 114.0000000000000000, -64.50000000000000000 ) ) ;
#2887 = EDGE_LOOP ( 'NONE', ( #11804, #7215, #12333, #3083 ) ) ;
#2888 = ORIENTED_EDGE ( 'NONE', *, *, #9455, .T. ) ;
#2889 = DIRECTION ( 'NONE',  ( -1.000000000000000000, 0.000000000000000000, -0.000000000000000000 ) ) ;
#2890 = ORIENTED_EDGE ( 'NONE', *, *, #7313, .T. ) ;
#2891 = ORIENTED_EDGE ( 'NONE', *, *, #8724, .T. ) ;
#2892 = CARTESIAN_POINT ( 'NONE',  ( 0.000000000000000000, 137.5000000000000000, -49.50000000000000000 ) ) ;
#2893 = EDGE_CURVE ( 'NONE', #8904, #5932, #6223, .T. ) ;
#2894 = CARTESIAN_POINT ( 'NONE',  ( 21.34577862884840016, 158.1062097071171877, -70.00000000000000000 ) ) ;
#2895 = DIRECTION ( 'NONE',  ( 1.000000000000000000, 0.000000000000000000, 0.000000000000000000 ) ) ;
#2896 = CIRCLE ( 'NONE', #4152, 3.399999999999993250 ) ;
#2897 = AXIS2_PLACEMENT_3D ( 'NONE', #248, #6165, #1170 ) ;
#2898 = CARTESIAN_POINT ( 'NONE',  ( 33.43424615471844419, 156.1535714285714107, 11.49999999999999645 ) ) ;
#2899 = DIRECTION ( 'NONE',  ( 0.000000000000000000, 0.000000000000000000, -1.000000000000000000 ) ) ;
#2900 = CIRCLE ( 'NONE', #813, 22.50000000000000000 ) ;
#2901 = ORIENTED_EDGE ( 'NONE', *, *, #11386, .F. ) ;
#2902 = CARTESIAN_POINT ( 'NONE',  ( -36.50000000000000711, 114.0000000000000000, -64.50000000000000000 ) ) ;
#2903 = CARTESIAN_POINT ( 'NONE',  ( -27.04000000000000625, 154.8599999999999852, -2.751075773784456224 ) ) ;
#2904 = EDGE_LOOP ( 'NONE', ( #6809, #3030, #12744, #12815, #3218, #8585, #6614, #11077, #10553, #10404, #9489, #7851, #12272, #8077, #3280, #6790, #9130, #2716, #7671, #10683, #1224, #3273, #9612, #11760 ) ) ;
#2905 = CARTESIAN_POINT ( 'NONE',  ( 42.42640687119283882, -42.42640687119285303, 19.59999999999999076 ) ) ;
#2906 = ORIENTED_EDGE ( 'NONE', *, *, #2803, .F. ) ;
#2907 = ORIENTED_EDGE ( 'NONE', *, *, #5691, .T. ) ;
#2908 = VECTOR ( 'NONE', #2586, 1000.000000000000000 ) ;
#2909 = EDGE_LOOP ( 'NONE', ( #10801, #1644, #3582, #12110 ) ) ;
#2910 = ADVANCED_FACE ( 'NONE', ( #9118 ), #6041, .F. ) ;
#2911 = FACE_OUTER_BOUND ( 'NONE', #5644, .T. ) ;
#2912 = CARTESIAN_POINT ( 'NONE',  ( 0.000000000000000000, 114.0000000000000000, 14.20569654897112244 ) ) ;
#2913 = CARTESIAN_POINT ( 'NONE',  ( -45.00000000000001421, 22.14000000000006452, 19.59999999999999076 ) ) ;
#2914 = ORIENTED_EDGE ( 'NONE', *, *, #10505, .T. ) ;
#2915 = ORIENTED_EDGE ( 'NONE', *, *, #6656, .F. ) ;
#2916 = CONICAL_SURFACE ( 'NONE', #9626, 3.399999999999993250, 1.029744258676652757 ) ;
#2917 = CIRCLE ( 'NONE', #10274, 47.00000000000000000 ) ;
#2918 = FACE_OUTER_BOUND ( 'NONE', #5183, .T. ) ;
#2919 = DIRECTION ( 'NONE',  ( -0.9907251918498221066, 0.1358808089250767570, 0.000000000000000000 ) ) ;
#2920 = ORIENTED_EDGE ( 'NONE', *, *, #9373, .F. ) ;
#2921 = LINE ( 'NONE', #2991, #12324 ) ;
#2922 = ORIENTED_EDGE ( 'NONE', *, *, #4126, .F. ) ;
#2923 = DIRECTION ( 'NONE',  ( 0.000000000000000000, 0.000000000000000000, -1.000000000000000000 ) ) ;
#2924 = VERTEX_POINT ( 'NONE', #12083 ) ;
#2925 = CARTESIAN_POINT ( 'NONE',  ( 0.000000000000000000, 114.0000000000000000, -64.50000000000000000 ) ) ;
#2926 = CIRCLE ( 'NONE', #2512, 12.50000000000000000 ) ;
#2927 = FACE_BOUND ( 'NONE', #11947, .T. ) ;
#2928 = ADVANCED_FACE ( 'NONE', ( #1967 ), #10235, .F. ) ;
#2929 = EDGE_CURVE ( 'NONE', #2649, #2026, #10357, .T. ) ;
#2930 = DIRECTION ( 'NONE',  ( -1.000000000000000000, 0.000000000000000000, 0.000000000000000000 ) ) ;
#2931 = FACE_BOUND ( 'NONE', #11497, .T. ) ;
#2932 = CARTESIAN_POINT ( 'NONE',  ( -45.00000000000000711, 0.000000000000000000, 58.79999999999997584 ) ) ;
#2933 = ORIENTED_EDGE ( 'NONE', *, *, #10103, .T. ) ;
#2934 = ORIENTED_EDGE ( 'NONE', *, *, #4561, .F. ) ;
#2935 = AXIS2_PLACEMENT_3D ( 'NONE', #8511, #6352, #298 ) ;
#2936 = CARTESIAN_POINT ( 'NONE',  ( -23.50000000000000355, 114.0000000000000000, -1.500000000000004885 ) ) ;
#2937 = DIRECTION ( 'NONE',  ( 1.000000000000000000, 0.000000000000000000, 0.000000000000000000 ) ) ;
#2938 = EDGE_CURVE ( 'NONE', #7469, #11208, #4261, .T. ) ;
#2939 = CARTESIAN_POINT ( 'NONE',  ( 0.000000000000000000, 0.000000000000000000, -52.95891286372533813 ) ) ;
#2940 = VERTEX_POINT ( 'NONE', #1242 ) ;
#2941 = LINE ( 'NONE', #13007, #11773 ) ;
#2942 = DIRECTION ( 'NONE',  ( -0.000000000000000000, -0.000000000000000000, 1.000000000000000000 ) ) ;
#2943 = AXIS2_PLACEMENT_3D ( 'NONE', #8016, #5244, #8462 ) ;
#2944 = ORIENTED_EDGE ( 'NONE', *, *, #4900, .F. ) ;
#2945 = CARTESIAN_POINT ( 'NONE',  ( 3.999999999999999112, 129.8000000000000114, -79.00000000000000000 ) ) ;
#2946 = EDGE_CURVE ( 'NONE', #7281, #7674, #10780, .T. ) ;
#2947 = AXIS2_PLACEMENT_3D ( 'NONE', #3680, #1524, #9460 ) ;
#2948 = DIRECTION ( 'NONE',  ( 1.000000000000000000, 0.000000000000000000, 0.000000000000000000 ) ) ;
#2949 = CARTESIAN_POINT ( 'NONE',  ( 42.42640687119283882, -42.42640687119285303, 9.999999999999992895 ) ) ;
#2950 = DIRECTION ( 'NONE',  ( 1.000000000000000000, 0.000000000000000000, 0.000000000000000000 ) ) ;
#2951 = EDGE_LOOP ( 'NONE', ( #5132, #6571, #2699, #9410 ) ) ;
#2952 = CARTESIAN_POINT ( 'NONE',  ( 0.000000000000000000, 114.0000000000000000, -16.49999999999999289 ) ) ;
#2953 = ADVANCED_FACE ( 'NONE', ( #9179 ), #8883, .T. ) ;
#2954 = LINE ( 'NONE', #2, #3738 ) ;
#2955 = EDGE_CURVE ( 'NONE', #196, #10207, #3833, .T. ) ;
#2956 = AXIS2_PLACEMENT_3D ( 'NONE', #6322, #198, #1062 ) ;
#2958 = ORIENTED_EDGE ( 'NONE', *, *, #4708, .F. ) ;
#2957 = CIRCLE ( 'NONE', #10534, 22.50000000000000000 ) ;
#2959 = DIRECTION ( 'NONE',  ( -1.000000000000000000, 0.000000000000000000, 0.000000000000000000 ) ) ;
#2960 = ORIENTED_EDGE ( 'NONE', *, *, #9318, .F. ) ;
#2961 = ORIENTED_EDGE ( 'NONE', *, *, #211, .T. ) ;
#2962 = FACE_BOUND ( 'NONE', #911, .T. ) ;
#2963 = CARTESIAN_POINT ( 'NONE',  ( 26.00000000000001066, 114.0000000000000000, -65.49999999999998579 ) ) ;
#2964 = CIRCLE ( 'NONE', #12421, 1.249999999999997558 ) ;
#2965 = CYLINDRICAL_SURFACE ( 'NONE', #3509, 34.50000000000000711 ) ;
#2966 = CIRCLE ( 'NONE', #12631, 4.999999999999984013 ) ;
#2967 = DIRECTION ( 'NONE',  ( -0.000000000000000000, 0.000000000000000000, -1.000000000000000000 ) ) ;
#2968 = DIRECTION ( 'NONE',  ( -0.000000000000000000, -0.000000000000000000, 1.000000000000000000 ) ) ;
#2969 = EDGE_CURVE ( 'NONE', #5263, #3842, #174, .T. ) ;
#2970 = ORIENTED_EDGE ( 'NONE', *, *, #9233, .T. ) ;
#2971 = DIRECTION ( 'NONE',  ( -0.000000000000000000, -0.000000000000000000, 1.000000000000000000 ) ) ;
#2972 = CARTESIAN_POINT ( 'NONE',  ( 0.000000000000000000, 114.0000000000000000, -2.500000000000002220 ) ) ;
#2973 = EDGE_CURVE ( 'NONE', #5021, #10605, #8475, .T. ) ;
#2974 = VERTEX_POINT ( 'NONE', #1570 ) ;
#2975 = DIRECTION ( 'NONE',  ( 0.1358808089250893303, -0.9907251918498203302, 0.000000000000000000 ) ) ;
#2976 = AXIS2_PLACEMENT_3D ( 'NONE', #9300, #10360, #8516 ) ;
#2977 = VECTOR ( 'NONE', #7358, 1000.000000000000000 ) ;
#2978 = ORIENTED_EDGE ( 'NONE', *, *, #9884, .F. ) ;
#2979 = AXIS2_PLACEMENT_3D ( 'NONE', #11227, #13005, #3012 ) ;
#2980 = ORIENTED_EDGE ( 'NONE', *, *, #8665, .T. ) ;
#2981 = CARTESIAN_POINT ( 'NONE',  ( 35.92640687119283882, 42.42640687119283882, 11.59999999999999254 ) ) ;
#2982 = CARTESIAN_POINT ( 'NONE',  ( -45.50000000000012079, -13.07521828316743395, 57.69572726120699002 ) ) ;
#2983 = CARTESIAN_POINT ( 'NONE',  ( -42.25000000000000000, 85.56884280931819831, 6.499999999999996447 ) ) ;
#2984 = VERTEX_POINT ( 'NONE', #6431 ) ;
#2985 = EDGE_CURVE ( 'NONE', #2266, #9621, #5318, .T. ) ;
#2986 = CARTESIAN_POINT ( 'NONE',  ( -48.92640687119284593, -42.42640687119285303, 9.999999999999992895 ) ) ;
#2987 = CARTESIAN_POINT ( 'NONE',  ( 42.67205742728176432, 80.58668790124114878, 6.499999999999996447 ) ) ;
#2988 = EDGE_CURVE ( 'NONE', #2746, #687, #2539, .T. ) ;
#2989 = ORIENTED_EDGE ( 'NONE', *, *, #7886, .T. ) ;
#2990 = EDGE_LOOP ( 'NONE', ( #8716, #6757, #12482, #7845 ) ) ;
#2991 = CARTESIAN_POINT ( 'NONE',  ( 35.75089393306183894, -29.33956106112634998, 112.0000000000000000 ) ) ;
#2992 = ORIENTED_EDGE ( 'NONE', *, *, #6231, .F. ) ;
#2993 = CARTESIAN_POINT ( 'NONE',  ( 45.49999999999994316, 165.9999999999999716, -48.80000000000001137 ) ) ;
#2994 = ORIENTED_EDGE ( 'NONE', *, *, #7048, .T. ) ;
#2995 = ORIENTED_EDGE ( 'NONE', *, *, #2700, .F. ) ;
#2996 = EDGE_LOOP ( 'NONE', ( #11836, #8241, #7012, #8237 ) ) ;
#2997 = DIRECTION ( 'NONE',  ( 1.000000000000000000, 0.000000000000000000, 0.000000000000000000 ) ) ;
#2998 = DIRECTION ( 'NONE',  ( -0.000000000000000000, -0.000000000000000000, 1.000000000000000000 ) ) ;
#2999 = CIRCLE ( 'NONE', #694, 22.39999999999999858 ) ;
#3000 = EDGE_LOOP ( 'NONE', ( #11871, #6201, #194, #5443 ) ) ;
#3001 = DIRECTION ( 'NONE',  ( -0.000000000000000000, -0.000000000000000000, 1.000000000000000000 ) ) ;
#3002 = DIRECTION ( 'NONE',  ( 0.000000000000000000, 0.000000000000000000, 1.000000000000000000 ) ) ;
#3003 = CARTESIAN_POINT ( 'NONE',  ( 30.85709361942887696, 149.4519361017392498, -72.00000000000001421 ) ) ;
#3004 = VECTOR ( 'NONE', #10241, 1000.000000000000000 ) ;
#3005 = CIRCLE ( 'NONE', #12038, 22.39999999999999858 ) ;
#3006 = CARTESIAN_POINT ( 'NONE',  ( 23.50000000000000000, 114.0000000000000000, -15.50000000000000355 ) ) ;
#3007 = ORIENTED_EDGE ( 'NONE', *, *, #4719, .F. ) ;
#3008 = AXIS2_PLACEMENT_3D ( 'NONE', #9482, #4422, #6540 ) ;
#3009 = DIRECTION ( 'NONE',  ( 1.000000000000000000, 0.000000000000000000, 0.000000000000000000 ) ) ;
#3010 = CARTESIAN_POINT ( 'NONE',  ( 0.000000000000000000, 114.0000000000000000, -65.50000000000000000 ) ) ;
#3011 = EDGE_CURVE ( 'NONE', #1614, #4650, #4450, .T. ) ;
#3012 = DIRECTION ( 'NONE',  ( 0.000000000000000000, 1.000000000000000000, 0.000000000000000000 ) ) ;
#3013 = DIRECTION ( 'NONE',  ( -0.000000000000000000, -0.000000000000000000, 1.000000000000000000 ) ) ;
#3014 = CARTESIAN_POINT ( 'NONE',  ( -22.14000000000005031, 44.99999999999997868, 112.0000000000000000 ) ) ;
#3015 = EDGE_LOOP ( 'NONE', ( #7595, #8863, #8264, #3888, #12289, #1036 ) ) ;
#3016 = DIRECTION ( 'NONE',  ( -0.000000000000000000, -0.000000000000000000, -1.000000000000000000 ) ) ;
#3017 = AXIS2_PLACEMENT_3D ( 'NONE', #10451, #9454, #323 ) ;
#3018 = EDGE_CURVE ( 'NONE', #12875, #8532, #8525, .T. ) ;
#3019 = LINE ( 'NONE', #2219, #5422 ) ;
#3020 = CARTESIAN_POINT ( 'NONE',  ( 38.17640687119307330, 71.57359312880737434, 11.50000000000001066 ) ) ;
#3021 = ORIENTED_EDGE ( 'NONE', *, *, #9605, .T. ) ;
#3022 = FACE_OUTER_BOUND ( 'NONE', #3450, .T. ) ;
#3023 = VERTEX_POINT ( 'NONE', #12271 ) ;
#3024 = CLOSED_SHELL ( 'NONE', ( #11943, #7731, #12863, #9004 ) ) ;
#3025 = CARTESIAN_POINT ( 'NONE',  ( 35.75089393306190999, 29.33956106112634643, 53.29999999999999005 ) ) ;
#3026 = EDGE_CURVE ( 'NONE', #2398, #2590, #9438, .T. ) ;
#3027 = LINE ( 'NONE', #1727, #1860 ) ;
#3028 = ORIENTED_EDGE ( 'NONE', *, *, #3345, .F. ) ;
#3029 = DIRECTION ( 'NONE',  ( 0.000000000000000000, 0.000000000000000000, -1.000000000000000000 ) ) ;
#3030 = ORIENTED_EDGE ( 'NONE', *, *, #8566, .T. ) ;
#3031 = ORIENTED_EDGE ( 'NONE', *, *, #5698, .T. ) ;
#3032 = CARTESIAN_POINT ( 'NONE',  ( 42.42640687119306619, 42.42640687119262566, -18.00000000000000355 ) ) ;
#3033 = EDGE_CURVE ( 'NONE', #11632, #11210, #2275, .T. ) ;
#3034 = CARTESIAN_POINT ( 'NONE',  ( 0.000000000000000000, 114.0000000000000000, -1.500000000000011768 ) ) ;
#3035 = EDGE_CURVE ( 'NONE', #3795, #1746, #7418, .T. ) ;
#3036 = CARTESIAN_POINT ( 'NONE',  ( 0.000000000000000000, 114.0000000000000000, -65.35000000000000853 ) ) ;
#3037 = CIRCLE ( 'NONE', #8917, 29.00000000000001066 ) ;
#3038 = DIRECTION ( 'NONE',  ( 0.9907251918498203302, 0.1358808089250893303, 0.000000000000000000 ) ) ;
#3039 = DIRECTION ( 'NONE',  ( -0.8571673007021114454, 1.049727191138617586E-16, 0.5150380749100555988 ) ) ;
#3040 = EDGE_LOOP ( 'NONE', ( #6170, #12539, #12182, #4574 ) ) ;
#3041 = CARTESIAN_POINT ( 'NONE',  ( -52.00000000000007105, 51.49999999999998579, -1.000000000000000000 ) ) ;
#3042 = DIRECTION ( 'NONE',  ( 1.000000000000000000, 0.000000000000000000, 0.000000000000000000 ) ) ;
#3043 = EDGE_LOOP ( 'NONE', ( #5683, #9961, #3409, #11219 ) ) ;
#3044 = FACE_OUTER_BOUND ( 'NONE', #3179, .T. ) ;
#3045 = ORIENTED_EDGE ( 'NONE', *, *, #819, .F. ) ;
#3046 = CIRCLE ( 'NONE', #9752, 0.9999999999999887867 ) ;
#3047 = ORIENTED_EDGE ( 'NONE', *, *, #9960, .F. ) ;
#3048 = CARTESIAN_POINT ( 'NONE',  ( 30.57934253055339724, 152.1726740112389109, 62.93607486307095655 ) ) ;
#3049 = ADVANCED_FACE ( 'NONE', ( #1310 ), #6367, .T. ) ;
#3050 = DIRECTION ( 'NONE',  ( -1.000000000000000000, 0.000000000000000000, 0.000000000000000000 ) ) ;
#3051 = ORIENTED_EDGE ( 'NONE', *, *, #5086, .F. ) ;
#3052 = ORIENTED_EDGE ( 'NONE', *, *, #10754, .T. ) ;
#3053 = EDGE_CURVE ( 'NONE', #5932, #7037, #277, .T. ) ;
#3054 = LINE ( 'NONE', #9952, #5168 ) ;
#3055 = CYLINDRICAL_SURFACE ( 'NONE', #5020, 4.999999999999984013 ) ;
#3056 = EDGE_LOOP ( 'NONE', ( #7199, #9394, #5264, #5090 ) ) ;
#3057 = CYLINDRICAL_SURFACE ( 'NONE', #11703, 6.499999999999999112 ) ;
#3058 = CARTESIAN_POINT ( 'NONE',  ( -51.99999999999998579, 52.00000000000000711, 10.00000000000000000 ) ) ;
#3059 = ORIENTED_EDGE ( 'NONE', *, *, #2860, .T. ) ;
#3060 = CARTESIAN_POINT ( 'NONE',  ( -35.75089393306184604, 29.33956106112633222, 53.29999999999997584 ) ) ;
#3061 = DIRECTION ( 'NONE',  ( 0.000000000000000000, 1.000000000000000000, 0.000000000000000000 ) ) ;
#3062 = DIRECTION ( 'NONE',  ( 1.000000000000000000, 0.000000000000000000, 0.000000000000000000 ) ) ;
#3063 = EDGE_CURVE ( 'NONE', #2357, #12842, #8401, .T. ) ;
#3064 = CARTESIAN_POINT ( 'NONE',  ( -36.50000000000000000, 114.0000000000000000, -15.50000000000000355 ) ) ;
#3065 = EDGE_CURVE ( 'NONE', #5882, #5135, #6501, .T. ) ;
#3066 = DIRECTION ( 'NONE',  ( -1.541976423090494894E-16, -0.000000000000000000, 1.000000000000000000 ) ) ;
#3067 = CIRCLE ( 'NONE', #6015, 4.599999999999992539 ) ;
#3068 = CARTESIAN_POINT ( 'NONE',  ( 0.000000000000000000, 114.0000000000000000, 8.499999999999994671 ) ) ;
#3069 = CARTESIAN_POINT ( 'NONE',  ( 0.000000000000000000, 114.0000000000000000, -44.90443948822942843 ) ) ;
#3070 = DIRECTION ( 'NONE',  ( 0.000000000000000000, 1.000000000000000000, 0.000000000000000000 ) ) ;
#3071 = DIRECTION ( 'NONE',  ( -0.000000000000000000, -0.000000000000000000, 1.000000000000000000 ) ) ;
#3072 = CYLINDRICAL_SURFACE ( 'NONE', #5700, 1.249999999999994227 ) ;
#3073 = DIRECTION ( 'NONE',  ( -0.000000000000000000, -0.000000000000000000, -1.000000000000000000 ) ) ;
#3074 = AXIS2_PLACEMENT_3D ( 'NONE', #10612, #548, #10408 ) ;
#3075 = VERTEX_POINT ( 'NONE', #9313 ) ;
#3076 = AXIS2_PLACEMENT_3D ( 'NONE', #11527, #5558, #4357 ) ;
#3077 = CARTESIAN_POINT ( 'NONE',  ( 26.00000000000001066, 114.0000000000000000, -0.4999999999999900080 ) ) ;
#3078 = EDGE_CURVE ( 'NONE', #11456, #2322, #4482, .T. ) ;
#3079 = CIRCLE ( 'NONE', #2855, 19.90000000000000213 ) ;
#3080 = CARTESIAN_POINT ( 'NONE',  ( -27.04000000000000270, 154.8599999999999852, 6.499999999999996447 ) ) ;
#3081 = DIRECTION ( 'NONE',  ( 1.000000000000000000, 2.001604010742470009E-16, 0.000000000000000000 ) ) ;
#3082 = ORIENTED_EDGE ( 'NONE', *, *, #12198, .F. ) ;
#3083 = ORIENTED_EDGE ( 'NONE', *, *, #1674, .T. ) ;
#3084 = CIRCLE ( 'NONE', #7506, 33.46499999999999631 ) ;
#3085 = CARTESIAN_POINT ( 'NONE',  ( 22.39999999999999858, 114.0000000000000000, 14.20569654897112244 ) ) ;
#3086 = VECTOR ( 'NONE', #10890, 1000.000000000000000 ) ;
#3087 = DIRECTION ( 'NONE',  ( -0.000000000000000000, 0.000000000000000000, -1.000000000000000000 ) ) ;
#3088 = ORIENTED_EDGE ( 'NONE', *, *, #3668, .T. ) ;
#3089 = DIRECTION ( 'NONE',  ( 1.000000000000000000, 0.000000000000000000, 0.000000000000000000 ) ) ;
#3090 = ORIENTED_EDGE ( 'NONE', *, *, #7980, .F. ) ;
#3091 = ORIENTED_EDGE ( 'NONE', *, *, #1180, .F. ) ;
#3092 = LINE ( 'NONE', #270, #4007 ) ;
#3093 = CIRCLE ( 'NONE', #11905, 1.249999999999997558 ) ;
#3094 = CARTESIAN_POINT ( 'NONE',  ( -4.000000000000000888, 129.8000000000000114, 10.49999999999999467 ) ) ;
#3095 = EDGE_CURVE ( 'NONE', #8795, #12823, #8267, .T. ) ;
#3096 = DIRECTION ( 'NONE',  ( -0.000000000000000000, -0.000000000000000000, 1.000000000000000000 ) ) ;
#3097 = ADVANCED_FACE ( 'NONE', ( #8332 ), #10299, .T. ) ;
#3098 = DIRECTION ( 'NONE',  ( -0.1358808089250767570, -0.9907251918498221066, -2.095250037129329479E-17 ) ) ;
#3099 = DIRECTION ( 'NONE',  ( 0.000000000000000000, 1.000000000000000000, 0.000000000000000000 ) ) ;
#3100 = ORIENTED_EDGE ( 'NONE', *, *, #12512, .T. ) ;
#3101 = CARTESIAN_POINT ( 'NONE',  ( 22.14000000000004320, -44.99999999999999289, 10.00000000000000000 ) ) ;
#3102 = CARTESIAN_POINT ( 'NONE',  ( 12.50000000000000000, 114.0000000000000000, -19.50000000000000355 ) ) ;
#3103 = EDGE_CURVE ( 'NONE', #8170, #5641, #2406, .T. ) ;
#3104 = VERTEX_POINT ( 'NONE', #2475 ) ;
#3105 = CARTESIAN_POINT ( 'NONE',  ( -39.12398950069062664, 28.87693130457875412, 53.29999999999997584 ) ) ;
#3106 = ORIENTED_EDGE ( 'NONE', *, *, #9175, .F. ) ;
#3107 = ORIENTED_EDGE ( 'NONE', *, *, #1552, .F. ) ;
#3108 = CIRCLE ( 'NONE', #8145, 12.50000000000000000 ) ;
#3109 = DIRECTION ( 'NONE',  ( 0.000000000000000000, 0.000000000000000000, -1.000000000000000000 ) ) ;
#3110 = AXIS2_PLACEMENT_3D ( 'NONE', #4350, #8367, #7183 ) ;
#3111 = EDGE_CURVE ( 'NONE', #7794, #2984, #510, .T. ) ;
#3112 = FACE_OUTER_BOUND ( 'NONE', #8343, .T. ) ;
#3113 = ORIENTED_EDGE ( 'NONE', *, *, #12758, .T. ) ;
#3114 = ORIENTED_EDGE ( 'NONE', *, *, #11779, .F. ) ;
#3115 = DIRECTION ( 'NONE',  ( 0.000000000000000000, 0.000000000000000000, 1.000000000000000000 ) ) ;
#3116 = FACE_OUTER_BOUND ( 'NONE', #7323, .T. ) ;
#3117 = ORIENTED_EDGE ( 'NONE', *, *, #12535, .T. ) ;
#3118 = ORIENTED_EDGE ( 'NONE', *, *, #7602, .T. ) ;
#3119 = VECTOR ( 'NONE', #9393, 1000.000000000000000 ) ;
#3120 = CARTESIAN_POINT ( 'NONE',  ( 35.27624999999999744, 114.0000000000000000, -8.500000000000003553 ) ) ;
#3121 = AXIS2_PLACEMENT_3D ( 'NONE', #7134, #6345, #9420 ) ;
#3122 = EDGE_CURVE ( 'NONE', #1933, #3761, #1342, .T. ) ;
#3123 = ORIENTED_EDGE ( 'NONE', *, *, #5686, .F. ) ;
#3124 = DIRECTION ( 'NONE',  ( 0.000000000000000000, 0.000000000000000000, -1.000000000000000000 ) ) ;
#3125 = VERTEX_POINT ( 'NONE', #4825 ) ;
#3126 = CIRCLE ( 'NONE', #9208, 6.499999999999999112 ) ;
#3127 = LINE ( 'NONE', #10960, #252 ) ;
#3128 = CARTESIAN_POINT ( 'NONE',  ( 0.000000000000000000, 0.000000000000000000, -2.000000000000001776 ) ) ;
#3129 = CARTESIAN_POINT ( 'NONE',  ( -59.00000000000000000, 12.65960891921467990, 55.67139415457074136 ) ) ;
#3130 = CARTESIAN_POINT ( 'NONE',  ( -12.50000000000000000, 114.0000000000000000, -64.00000000000000000 ) ) ;
#3131 = AXIS2_PLACEMENT_3D ( 'NONE', #8005, #3204, #7219 ) ;
#3132 = VECTOR ( 'NONE', #3039, 1000.000000000000000 ) ;
#3133 = LINE ( 'NONE', #5977, #201 ) ;
#3134 = DIRECTION ( 'NONE',  ( 0.000000000000000000, 0.000000000000000000, -1.000000000000000000 ) ) ;
#3135 = ORIENTED_EDGE ( 'NONE', *, *, #4296, .T. ) ;
#3136 = DIRECTION ( 'NONE',  ( 0.000000000000000000, 1.000000000000000000, 0.000000000000000000 ) ) ;
#3137 = EDGE_LOOP ( 'NONE', ( #7798, #7138 ) ) ;
#3138 = DIRECTION ( 'NONE',  ( 0.000000000000000000, 0.000000000000000000, -1.000000000000000000 ) ) ;
#3139 = AXIS2_PLACEMENT_3D ( 'NONE', #984, #3936, #9783 ) ;
#3140 = ADVANCED_FACE ( 'NONE', ( #827 ), #6698, .T. ) ;
#3141 = FACE_OUTER_BOUND ( 'NONE', #3956, .T. ) ;
#3142 = CARTESIAN_POINT ( 'NONE',  ( 13.09999999999999964, 114.0000000000000000, -64.00000000000000000 ) ) ;
#3143 = EDGE_CURVE ( 'NONE', #3703, #6693, #3005, .T. ) ;
#3144 = LINE ( 'NONE', #8071, #496 ) ;
#3145 = ORIENTED_EDGE ( 'NONE', *, *, #3354, .F. ) ;
#3146 = FACE_OUTER_BOUND ( 'NONE', #9493, .T. ) ;
#3147 = CC_DESIGN_SECURITY_CLASSIFICATION ( #11959, ( #7774 ) ) ;
#3148 = CARTESIAN_POINT ( 'NONE',  ( -52.00000000000007105, 44.99999999999998579, -1.000000000000000000 ) ) ;
#3149 = CIRCLE ( 'NONE', #6534, 2.000000000000001776 ) ;
#3150 = CARTESIAN_POINT ( 'NONE',  ( -22.14000000000005031, 38.19999999999997442, 112.0000000000000000 ) ) ;
#3151 = VERTEX_POINT ( 'NONE', #4702 ) ;
#3152 = ADVANCED_FACE ( 'NONE', ( #3843, #8717, #9757, #10697, #11807, #1821 ), #10758, .T. ) ;
#3153 = ORIENTED_EDGE ( 'NONE', *, *, #8821, .T. ) ;
#3154 = LINE ( 'NONE', #5265, #5387 ) ;
#3155 = DIRECTION ( 'NONE',  ( -0.000000000000000000, -0.000000000000000000, 1.000000000000000000 ) ) ;
#3156 = EDGE_CURVE ( 'NONE', #12218, #672, #2793, .T. ) ;
#3157 = AXIS2_PLACEMENT_3D ( 'NONE', #2344, #5449, #11488 ) ;
#3158 = ORIENTED_EDGE ( 'NONE', *, *, #9991, .F. ) ;
#3159 = CARTESIAN_POINT ( 'NONE',  ( 0.000000000000000000, 114.0000000000000000, 14.20569654897112244 ) ) ;
#3160 = ORIENTED_EDGE ( 'NONE', *, *, #2031, .T. ) ;
#3161 = ORIENTED_EDGE ( 'NONE', *, *, #5046, .T. ) ;
#3162 = AXIS2_PLACEMENT_3D ( 'NONE', #6013, #4944, #9942 ) ;
#3163 = DIRECTION ( 'NONE',  ( -0.000000000000000000, -0.000000000000000000, -1.000000000000000000 ) ) ;
#3164 = CIRCLE ( 'NONE', #10520, 6.499999999999999112 ) ;
#3165 = DIRECTION ( 'NONE',  ( -1.000000000000000000, 0.000000000000000000, 0.000000000000000000 ) ) ;
#3166 = CARTESIAN_POINT ( 'NONE',  ( -57.50000000000017764, -12.37433680018100546, 63.31024217951723898 ) ) ;
#3167 = AXIS2_PLACEMENT_3D ( 'NONE', #4660, #4598, #2496 ) ;
#3168 = AXIS2_PLACEMENT_3D ( 'NONE', #2619, #5473, #462 ) ;
#3169 = FACE_BOUND ( 'NONE', #9862, .T. ) ;
#3170 = ORIENTED_EDGE ( 'NONE', *, *, #3143, .F. ) ;
#3171 = PLANE ( 'NONE',  #2484 ) ;
#3172 = CARTESIAN_POINT ( 'NONE',  ( 0.000000000000000000, 114.0000000000000000, -77.99999999999998579 ) ) ;
#3173 = ADVANCED_FACE ( 'NONE', ( #12669 ), #9098, .T. ) ;
#3174 = ORIENTED_EDGE ( 'NONE', *, *, #11093, .T. ) ;
#3175 = CARTESIAN_POINT ( 'NONE',  ( -22.14000000000007518, -45.00000000000002132, 53.29999999999998295 ) ) ;
#3176 = CIRCLE ( 'NONE', #8215, 37.49999999999999289 ) ;
#3177 = CIRCLE ( 'NONE', #11573, 33.46499999999999631 ) ;
#3178 = DIRECTION ( 'NONE',  ( 1.000000000000000000, 0.000000000000000000, 0.000000000000000000 ) ) ;
#3179 = EDGE_LOOP ( 'NONE', ( #12175, #9547, #4367, #1414 ) ) ;
#3180 = LINE ( 'NONE', #7192, #12105 ) ;
#3181 = EDGE_LOOP ( 'NONE', ( #2364, #6912, #8914, #10189 ) ) ;
#3182 = DIRECTION ( 'NONE',  ( 0.000000000000000000, 0.000000000000000000, -1.000000000000000000 ) ) ;
#3183 = CARTESIAN_POINT ( 'NONE',  ( 0.000000000000000000, 114.0000000000000000, -21.09556051177057867 ) ) ;
#3184 = AXIS2_PLACEMENT_3D ( 'NONE', #8319, #562, #10493 ) ;
#3185 = VERTEX_POINT ( 'NONE', #763 ) ;
#3186 = DIRECTION ( 'NONE',  ( -1.000000000000000000, 0.000000000000000000, 0.000000000000000000 ) ) ;
#3187 = ADVANCED_FACE ( 'NONE', ( #6819 ), #1762, .T. ) ;
#3188 = EDGE_LOOP ( 'NONE', ( #3782, #6568, #4204, #7689 ) ) ;
#3189 = ORIENTED_EDGE ( 'NONE', *, *, #4553, .F. ) ;
#3190 = FACE_OUTER_BOUND ( 'NONE', #3043, .T. ) ;
#3191 = DIRECTION ( 'NONE',  ( 1.000000000000000000, 0.000000000000000000, 0.000000000000000000 ) ) ;
#3192 = FACE_OUTER_BOUND ( 'NONE', #8828, .T. ) ;
#3193 = ORIENTED_EDGE ( 'NONE', *, *, #11040, .T. ) ;
#3194 = CARTESIAN_POINT ( 'NONE',  ( -59.00000000000000000, 11.38971035409367438, 65.13014328713762779 ) ) ;
#3195 = CIRCLE ( 'NONE', #2350, 4.499999999999998224 ) ;
#3196 = DIRECTION ( 'NONE',  ( 1.224646799147353207E-16, 1.000000000000000000, 0.000000000000000000 ) ) ;
#3197 = EDGE_CURVE ( 'NONE', #11159, #4953, #4575, .T. ) ;
#3198 = EDGE_CURVE ( 'NONE', #1212, #5803, #10883, .T. ) ;
#3199 = ORIENTED_EDGE ( 'NONE', *, *, #4900, .T. ) ;
#3200 = CARTESIAN_POINT ( 'NONE',  ( 0.000000000000000000, 114.0000000000000000, -65.35000000000000853 ) ) ;
#3201 = ORIENTED_EDGE ( 'NONE', *, *, #7585, .T. ) ;
#3202 = DIRECTION ( 'NONE',  ( 1.000000000000000000, 0.000000000000000000, 0.000000000000000000 ) ) ;
#3203 = ORIENTED_EDGE ( 'NONE', *, *, #4935, .T. ) ;
#3204 = DIRECTION ( 'NONE',  ( 0.000000000000000000, 0.000000000000000000, -1.000000000000000000 ) ) ;
#3205 = FACE_OUTER_BOUND ( 'NONE', #7135, .T. ) ;
#3206 = AXIS2_PLACEMENT_3D ( 'NONE', #12676, #5529, #6639 ) ;
#3207 = DIRECTION ( 'NONE',  ( 1.000000000000000000, 0.000000000000000000, 0.000000000000000000 ) ) ;
#3208 = EDGE_LOOP ( 'NONE', ( #1569, #3579, #765, #11179 ) ) ;
#3209 = DIRECTION ( 'NONE',  ( -1.000000000000000000, 0.000000000000000000, 0.000000000000000000 ) ) ;
#3210 = EDGE_CURVE ( 'NONE', #2014, #10290, #8780, .T. ) ;
#3211 = AXIS2_PLACEMENT_3D ( 'NONE', #1654, #10717, #5791 ) ;
#3212 = ORIENTED_EDGE ( 'NONE', *, *, #8137, .T. ) ;
#3213 = AXIS2_PLACEMENT_3D ( 'NONE', #443, #5451, #6299 ) ;
#3214 = EDGE_CURVE ( 'NONE', #5745, #4695, #4555, .T. ) ;
#3215 = DIRECTION ( 'NONE',  ( 0.9907251918498203302, 0.1358808089250893303, 1.145756165695672870E-16 ) ) ;
#3216 = CIRCLE ( 'NONE', #4474, 6.800000000000002487 ) ;
#3217 = DIRECTION ( 'NONE',  ( 0.000000000000000000, -1.000000000000000000, 0.000000000000000000 ) ) ;
#3218 = ORIENTED_EDGE ( 'NONE', *, *, #6427, .T. ) ;
#3219 = EDGE_LOOP ( 'NONE', ( #914, #6516, #5825, #7890 ) ) ;
#3220 = DIRECTION ( 'NONE',  ( -0.000000000000000000, -0.000000000000000000, 1.000000000000000000 ) ) ;
#3221 = DIRECTION ( 'NONE',  ( -0.000000000000000000, -0.000000000000000000, 1.000000000000000000 ) ) ;
#3222 = VECTOR ( 'NONE', #1508, 1000.000000000000000 ) ;
#3223 = ORIENTED_EDGE ( 'NONE', *, *, #10869, .T. ) ;
#3224 = DIRECTION ( 'NONE',  ( -1.156482317317871478E-16, -0.000000000000000000, 1.000000000000000000 ) ) ;
#3225 = ORIENTED_EDGE ( 'NONE', *, *, #1314, .F. ) ;
#3226 = VERTEX_POINT ( 'NONE', #12795 ) ;
#3227 = CARTESIAN_POINT ( 'NONE',  ( 0.000000000000000000, 114.0000000000000000, -50.50000000000000000 ) ) ;
#3228 = CARTESIAN_POINT ( 'NONE',  ( 0.000000000000000000, 114.0000000000000000, -69.99999999999998579 ) ) ;
#3229 = FACE_OUTER_BOUND ( 'NONE', #4029, .T. ) ;
#3230 = ADVANCED_FACE ( 'NONE', ( #2729 ), #12536, .F. ) ;
#3231 = AXIS2_PLACEMENT_3D ( 'NONE', #8062, #2200, #10225 ) ;
#3232 = CARTESIAN_POINT ( 'NONE',  ( -27.04000000000000270, 154.8599999999999852, 6.499999999999996447 ) ) ;
#3233 = DIRECTION ( 'NONE',  ( -0.000000000000000000, -0.000000000000000000, 1.000000000000000000 ) ) ;
#3234 = CARTESIAN_POINT ( 'NONE',  ( 12.50000000000000000, 114.0000000000000000, 14.20569654897112244 ) ) ;
#3235 = ORIENTED_EDGE ( 'NONE', *, *, #9708, .F. ) ;
#3236 = DIRECTION ( 'NONE',  ( -0.000000000000000000, -0.000000000000000000, 1.000000000000000000 ) ) ;
#3237 = CARTESIAN_POINT ( 'NONE',  ( -45.49999999999995737, 8.540273170678108983, 68.75831212841542595 ) ) ;
#3238 = ORIENTED_EDGE ( 'NONE', *, *, #8294, .T. ) ;
#3239 = DIRECTION ( 'NONE',  ( 0.000000000000000000, 1.000000000000000000, 0.000000000000000000 ) ) ;
#3240 = ORIENTED_EDGE ( 'NONE', *, *, #7300, .F. ) ;
#3241 = FACE_OUTER_BOUND ( 'NONE', #11741, .T. ) ;
#3242 = AXIS2_PLACEMENT_3D ( 'NONE', #454, #9451, #2551 ) ;
#3243 = LINE ( 'NONE', #7259, #10642 ) ;
#3244 = VERTEX_POINT ( 'NONE', #10819 ) ;
#3245 = DIRECTION ( 'NONE',  ( -0.000000000000000000, -0.000000000000000000, 1.000000000000000000 ) ) ;
#3246 = DIRECTION ( 'NONE',  ( -1.000000000000000000, 0.000000000000000000, -0.000000000000000000 ) ) ;
#3247 = EDGE_LOOP ( 'NONE', ( #6727, #2774, #8751, #7864 ) ) ;
#3248 = LINE ( 'NONE', #1489, #11492 ) ;
#3249 = VERTEX_POINT ( 'NONE', #2603 ) ;
#3250 = EDGE_LOOP ( 'NONE', ( #1618, #2008 ) ) ;
#3251 = DIRECTION ( 'NONE',  ( 0.000000000000000000, 0.000000000000000000, -1.000000000000000000 ) ) ;
#3252 = CARTESIAN_POINT ( 'NONE',  ( 0.000000000000000000, 114.0000000000000000, -49.00000000000000000 ) ) ;
#3253 = CARTESIAN_POINT ( 'NONE',  ( 45.50000000000409273, 62.00000000000836309, -67.00000000000000000 ) ) ;
#3254 = ORIENTED_EDGE ( 'NONE', *, *, #9689, .F. ) ;
#3255 = CARTESIAN_POINT ( 'NONE',  ( -58.99999999999992895, 3.071098767656430528, 71.55450692620709674 ) ) ;
#3256 = DIRECTION ( 'NONE',  ( -1.000000000000000000, 0.000000000000000000, 0.000000000000000000 ) ) ;
#3257 = AXIS2_PLACEMENT_3D ( 'NONE', #733, #1788, #921 ) ;
#3258 = ADVANCED_FACE ( 'NONE', ( #6631 ), #3919, .F. ) ;
#3259 = ADVANCED_FACE ( 'NONE', ( #9821, #2851, #9891, #10635, #9635, #7676 ), #10023, .T. ) ;
#3260 = EDGE_CURVE ( 'NONE', #1836, #7030, #2242, .T. ) ;
#3261 = ORIENTED_EDGE ( 'NONE', *, *, #711, .F. ) ;
#3262 = DIRECTION ( 'NONE',  ( -1.000000000000000000, 0.000000000000000000, 0.000000000000000000 ) ) ;
#3263 = CARTESIAN_POINT ( 'NONE',  ( 0.000000000000000000, 114.0000000000000000, -65.49999999999998579 ) ) ;
#3264 = CARTESIAN_POINT ( 'NONE',  ( -4.000000000000000888, 125.8427192823270104, -79.00000000000000000 ) ) ;
#3265 = ORIENTED_EDGE ( 'NONE', *, *, #7414, .F. ) ;
#3266 = CARTESIAN_POINT ( 'NONE',  ( 42.42640687119276777, -42.42640687119292409, -18.00000000000000355 ) ) ;
#3267 = CARTESIAN_POINT ( 'NONE',  ( -22.50000000000000000, 114.0000000000000000, 14.20569654897112244 ) ) ;
#3268 = DIRECTION ( 'NONE',  ( 1.000000000000000000, 0.000000000000000000, 0.000000000000000000 ) ) ;
#3269 = ADVANCED_FACE ( 'NONE', ( #11079 ), #3057, .T. ) ;
#3270 = EDGE_CURVE ( 'NONE', #12281, #4884, #12128, .T. ) ;
#3271 = DIRECTION ( 'NONE',  ( -0.000000000000000000, -0.000000000000000000, 1.000000000000000000 ) ) ;
#3272 = LINE ( 'NONE', #9125, #2153 ) ;
#3273 = ORIENTED_EDGE ( 'NONE', *, *, #5880, .T. ) ;
#3274 = CIRCLE ( 'NONE', #12507, 22.39999999999999858 ) ;
#3275 = EDGE_CURVE ( 'NONE', #1555, #3551, #2921, .T. ) ;
#3276 = LINE ( 'NONE', #12282, #11504 ) ;
#3277 = AXIS2_PLACEMENT_3D ( 'NONE', #6084, #93, #12065 ) ;
#3278 = PLANE ( 'NONE',  #6820 ) ;
#3279 = ORIENTED_EDGE ( 'NONE', *, *, #4871, .F. ) ;
#3280 = ORIENTED_EDGE ( 'NONE', *, *, #7937, .T. ) ;
#3281 = CARTESIAN_POINT ( 'NONE',  ( -42.42640687119281750, 42.42640687119286014, 10.00099999999999945 ) ) ;
#3282 = DIRECTION ( 'NONE',  ( 1.000000000000000000, 0.000000000000000000, 0.000000000000000000 ) ) ;
#3283 = ADVANCED_FACE ( 'NONE', ( #1156 ), #11931, .T. ) ;
#3284 = VERTEX_POINT ( 'NONE', #3120 ) ;
#3285 = VECTOR ( 'NONE', #11530, 1000.000000000000000 ) ;
#3286 = DIRECTION ( 'NONE',  ( -1.000000000000000000, 0.000000000000000000, 0.000000000000000000 ) ) ;
#3287 = VECTOR ( 'NONE', #8822, 1000.000000000000114 ) ;
#3288 = EDGE_CURVE ( 'NONE', #12504, #8614, #5160, .T. ) ;
#3289 = ORIENTED_EDGE ( 'NONE', *, *, #5277, .F. ) ;
#3290 = ORIENTED_EDGE ( 'NONE', *, *, #10746, .T. ) ;
#3291 = CARTESIAN_POINT ( 'NONE',  ( 0.000000000000000000, 114.0000000000000000, -57.50000000000000000 ) ) ;
#3292 = CARTESIAN_POINT ( 'NONE',  ( 45.00000000000000000, 45.00000000000000000, 112.0000000000000000 ) ) ;
#3293 = CIRCLE ( 'NONE', #12521, 22.50000000000000000 ) ;
#3294 = CARTESIAN_POINT ( 'NONE',  ( -45.00000000000000711, 45.00000000000000000, 112.0000000000000000 ) ) ;
#3295 = DIRECTION ( 'NONE',  ( -0.000000000000000000, 0.000000000000000000, -1.000000000000000000 ) ) ;
#3296 = AXIS2_PLACEMENT_3D ( 'NONE', #11, #5076, #1990 ) ;
#3297 = AXIS2_PLACEMENT_3D ( 'NONE', #11531, #550, #8571 ) ;
#3298 = CIRCLE ( 'NONE', #979, 28.08750000000000213 ) ;
#3299 = LINE ( 'NONE', #11118, #5622 ) ;
#3300 = CARTESIAN_POINT ( 'NONE',  ( 22.14000000000005031, -38.19999999999998863, 73.39999999999999147 ) ) ;
#3301 = LINE ( 'NONE', #3234, #3350 ) ;
#3302 = AXIS2_PLACEMENT_3D ( 'NONE', #11613, #5712, #11743 ) ;
#3303 = VERTEX_POINT ( 'NONE', #7136 ) ;
#3304 = CYLINDRICAL_SURFACE ( 'NONE', #10466, 6.499999999999999112 ) ;
#3305 = CARTESIAN_POINT ( 'NONE',  ( -45.50000000000000711, 12.65960891921468523, 55.67139415457074136 ) ) ;
#3306 = ADVANCED_FACE ( 'NONE', ( #10154 ), #10953, .T. ) ;
#3307 = VERTEX_POINT ( 'NONE', #9107 ) ;
#3308 = CARTESIAN_POINT ( 'NONE',  ( -51.50000000000001421, -5.433935487211383197, 39.29999999999998295 ) ) ;
#3309 = VECTOR ( 'NONE', #10161, 1000.000000000000114 ) ;
#3310 = ORIENTED_EDGE ( 'NONE', *, *, #11229, .F. ) ;
#3311 = CARTESIAN_POINT ( 'NONE',  ( -35.75089393306184604, 29.33956106112633222, 112.0000000000000000 ) ) ;
#3312 = CARTESIAN_POINT ( 'NONE',  ( -45.50000000000000711, 0.000000000000000000, 58.79999999999997584 ) ) ;
#3313 = ORIENTED_EDGE ( 'NONE', *, *, #4066, .T. ) ;
#3314 = CARTESIAN_POINT ( 'NONE',  ( 0.000000000000000000, 114.0000000000000000, 29.09545482057523813 ) ) ;
#3315 = AXIS2_PLACEMENT_3D ( 'NONE', #8603, #2739, #3671 ) ;
#3316 = FACE_BOUND ( 'NONE', #1160, .T. ) ;
#3317 = ORIENTED_EDGE ( 'NONE', *, *, #12603, .F. ) ;
#3318 = CYLINDRICAL_SURFACE ( 'NONE', #2655, 6.499999999999999112 ) ;
#3319 = EDGE_CURVE ( 'NONE', #4191, #3705, #958, .T. ) ;
#3320 = ORIENTED_EDGE ( 'NONE', *, *, #5669, .T. ) ;
#3321 = ORIENTED_EDGE ( 'NONE', *, *, #7921, .T. ) ;
#3322 = CYLINDRICAL_SURFACE ( 'NONE', #11555, 7.499999999999985789 ) ;
#3323 = ORIENTED_EDGE ( 'NONE', *, *, #9834, .T. ) ;
#3324 = VECTOR ( 'NONE', #10315, 1000.000000000000000 ) ;
#3325 = CARTESIAN_POINT ( 'NONE',  ( 0.000000000000000000, 114.0000000000000000, 14.20569654897112244 ) ) ;
#3326 = DIRECTION ( 'NONE',  ( -1.000000000000000000, 0.000000000000000000, 0.000000000000000000 ) ) ;
#3327 = CARTESIAN_POINT ( 'NONE',  ( 0.000000000000000000, 147.4650000000000034, -63.50000000000000000 ) ) ;
#3328 = CARTESIAN_POINT ( 'NONE',  ( -52.00000000000005684, 165.9999999999999716, -72.00000000000001421 ) ) ;
#3329 = ORIENTED_EDGE ( 'NONE', *, *, #9855, .F. ) ;
#3330 = AXIS2_PLACEMENT_3D ( 'NONE', #8865, #9908, #8996 ) ;
#3331 = CARTESIAN_POINT ( 'NONE',  ( 29.33956106112633577, 35.75089393306183894, 10.00000000000000000 ) ) ;
#3332 = DIRECTION ( 'NONE',  ( 0.000000000000000000, 1.000000000000000000, 0.000000000000000000 ) ) ;
#3333 = DIRECTION ( 'NONE',  ( -0.000000000000000000, -0.000000000000000000, 1.000000000000000000 ) ) ;
#3334 = LINE ( 'NONE', #10800, #11534 ) ;
#3335 = LINE ( 'NONE', #12604, #5304 ) ;
#3336 = LINE ( 'NONE', #1245, #7578 ) ;
#3337 = EDGE_CURVE ( 'NONE', #8543, #9815, #6675, .T. ) ;
#3338 = DIRECTION ( 'NONE',  ( 0.5000000000000078826, 0.000000000000000000, 0.8660254037844340447 ) ) ;
#3339 = EDGE_CURVE ( 'NONE', #1057, #12382, #4961, .T. ) ;
#3340 = VERTEX_POINT ( 'NONE', #3974 ) ;
#3341 = AXIS2_PLACEMENT_3D ( 'NONE', #3172, #6134, #4351 ) ;
#3342 = CARTESIAN_POINT ( 'NONE',  ( -4.000000000000000888, 129.8000000000000114, -79.00000000000000000 ) ) ;
#3343 = ORIENTED_EDGE ( 'NONE', *, *, #1832, .F. ) ;
#3344 = DIRECTION ( 'NONE',  ( 0.000000000000000000, -0.000000000000000000, 1.000000000000000000 ) ) ;
#3345 = EDGE_CURVE ( 'NONE', #8805, #2285, #4348, .T. ) ;
#3346 = LINE ( 'NONE', #11299, #2189 ) ;
#3347 = ORIENTED_EDGE ( 'NONE', *, *, #5605, .F. ) ;
#3348 = CIRCLE ( 'NONE', #8177, 29.00000000000001066 ) ;
#3349 = DIRECTION ( 'NONE',  ( -0.9907251918498221066, 0.1358808089250767570, 0.000000000000000000 ) ) ;
#3350 = VECTOR ( 'NONE', #2178, 1000.000000000000000 ) ;
#3351 = CARTESIAN_POINT ( 'NONE',  ( -58.99999999999998579, 0.000000000000000000, 68.29999999999996874 ) ) ;
#3352 = EDGE_LOOP ( 'NONE', ( #3973, #10700, #6788, #2243 ) ) ;
#3353 = CYLINDRICAL_SURFACE ( 'NONE', #2290, 12.50000000000000000 ) ;
#3354 = EDGE_CURVE ( 'NONE', #7866, #3527, #7008, .T. ) ;
#3355 = ORIENTED_EDGE ( 'NONE', *, *, #149, .F. ) ;
#3356 = ORIENTED_EDGE ( 'NONE', *, *, #5606, .T. ) ;
#3357 = DIRECTION ( 'NONE',  ( 0.000000000000000000, -0.000000000000000000, 1.000000000000000000 ) ) ;
#3358 = DIRECTION ( 'NONE',  ( 0.000000000000000000, 0.000000000000000000, 1.000000000000000000 ) ) ;
#3359 = AXIS2_PLACEMENT_3D ( 'NONE', #8000, #12015, #5911 ) ;
#3360 = CIRCLE ( 'NONE', #8405, 9.000000000000007105 ) ;
#3361 = CARTESIAN_POINT ( 'NONE',  ( 52.00000000000002132, 52.00000000000002842, 0.000000000000000000 ) ) ;
#3362 = FACE_OUTER_BOUND ( 'NONE', #5867, .T. ) ;
#3363 = ADVANCED_FACE ( 'NONE', ( #5034 ), #32, .T. ) ;
#3364 = EDGE_CURVE ( 'NONE', #3877, #10693, #2665, .T. ) ;
#3365 = DIRECTION ( 'NONE',  ( 1.000000000000000000, 0.000000000000000000, 0.000000000000000000 ) ) ;
#3366 = DIRECTION ( 'NONE',  ( -1.000000000000000000, 0.000000000000000000, 0.000000000000000000 ) ) ;
#3367 = CARTESIAN_POINT ( 'NONE',  ( 4.000000000000000888, 125.8427192823270104, -79.00000000000000000 ) ) ;
#3368 = ORIENTED_EDGE ( 'NONE', *, *, #1533, .F. ) ;
#3369 = AXIS2_PLACEMENT_3D ( 'NONE', #162, #1228, #9234 ) ;
#3370 = DIRECTION ( 'NONE',  ( -1.000000000000000000, 0.000000000000000000, 0.000000000000000000 ) ) ;
#3371 = CARTESIAN_POINT ( 'NONE',  ( -51.49999999999991473, -2.992397996059992238E-14, 72.42670387538724697 ) ) ;
#3372 = ORIENTED_EDGE ( 'NONE', *, *, #2735, .T. ) ;
#3373 = CARTESIAN_POINT ( 'NONE',  ( 0.000000000000000000, 114.0000000000000000, -78.00000000000000000 ) ) ;
#3374 = VERTEX_POINT ( 'NONE', #4099 ) ;
#3375 = CARTESIAN_POINT ( 'NONE',  ( 20.47452235828316347, 156.3059562496838453, 62.93607486307095655 ) ) ;
#3376 = ADVANCED_FACE ( 'NONE', ( #8114 ), #4966, .T. ) ;
#3377 = CARTESIAN_POINT ( 'NONE',  ( -35.27624999999999744, 114.0000000000000000, -57.50000000000000000 ) ) ;
#3378 = AXIS2_PLACEMENT_3D ( 'NONE', #6650, #4594, #5667 ) ;
#3379 = EDGE_LOOP ( 'NONE', ( #3829, #5341, #10918, #1016 ) ) ;
#3380 = EDGE_CURVE ( 'NONE', #11166, #8928, #891, .T. ) ;
#3381 = PERSON_AND_ORGANIZATION ( #9444, #9646 ) ;
#3382 = DIRECTION ( 'NONE',  ( 0.000000000000000000, 0.000000000000000000, 1.000000000000000000 ) ) ;
#3383 = ADVANCED_FACE ( 'NONE', ( #7463 ), #3318, .T. ) ;
#3384 = PLANE ( 'NONE',  #8374 ) ;
#3385 = ORIENTED_EDGE ( 'NONE', *, *, #12347, .F. ) ;
#3386 = DIRECTION ( 'NONE',  ( -0.000000000000000000, -0.000000000000000000, -1.000000000000000000 ) ) ;
#3387 = ORIENTED_EDGE ( 'NONE', *, *, #4801, .F. ) ;
#3388 = EDGE_CURVE ( 'NONE', #5463, #4843, #3293, .T. ) ;
#3389 = CARTESIAN_POINT ( 'NONE',  ( 47.25000000001955414, 85.56884280932308684, 6.499999999999996447 ) ) ;
#3390 = VERTEX_POINT ( 'NONE', #10349 ) ;
#3391 = AXIS2_PLACEMENT_3D ( 'NONE', #292, #12315, #11402 ) ;
#3392 = EDGE_LOOP ( 'NONE', ( #1588, #5475, #6624, #9230 ) ) ;
#3393 = CARTESIAN_POINT ( 'NONE',  ( -28.87693130457883939, 39.12398950069048453, 112.0000000000000000 ) ) ;
#3394 = CARTESIAN_POINT ( 'NONE',  ( 42.42999999999999261, 156.4300000000000068, 11.49999999999999645 ) ) ;
#3395 = CARTESIAN_POINT ( 'NONE',  ( -51.50000000000010658, 5.507747036226362525E-14, 72.42670387538716170 ) ) ;
#3396 = EDGE_CURVE ( 'NONE', #10871, #6683, #2521, .T. ) ;
#3397 = DIRECTION ( 'NONE',  ( 0.000000000000000000, -1.000000000000000000, 0.000000000000000000 ) ) ;
#3398 = ORIENTED_EDGE ( 'NONE', *, *, #9047, .T. ) ;
#3399 = ADVANCED_FACE ( 'NONE', ( #11469 ), #227, .T. ) ;
#3400 = ORIENTED_EDGE ( 'NONE', *, *, #6852, .F. ) ;
#3401 = CIRCLE ( 'NONE', #4222, 6.800000000000006040 ) ;
#3402 = VECTOR ( 'NONE', #11082, 1000.000000000000000 ) ;
#3403 = LINE ( 'NONE', #10233, #8060 ) ;
#3404 = DIRECTION ( 'NONE',  ( -1.541976423090494894E-16, -0.000000000000000000, 1.000000000000000000 ) ) ;
#3405 = CARTESIAN_POINT ( 'NONE',  ( 45.00000000000000000, 45.00000000000000000, 10.00000000000000000 ) ) ;
#3406 = LINE ( 'NONE', #7419, #9215 ) ;
#3407 = DIRECTION ( 'NONE',  ( 0.000000000000000000, 0.000000000000000000, 1.000000000000000000 ) ) ;
#3408 = DIRECTION ( 'NONE',  ( 1.156482317317871478E-16, 0.000000000000000000, -1.000000000000000000 ) ) ;
#3409 = ORIENTED_EDGE ( 'NONE', *, *, #11977, .F. ) ;
#3410 = CARTESIAN_POINT ( 'NONE',  ( 0.000000000000000000, 114.0000000000000000, -21.09556051177057867 ) ) ;
#3411 = CIRCLE ( 'NONE', #5927, 13.07735026918962618 ) ;
#3412 = VECTOR ( 'NONE', #4314, 1000.000000000000000 ) ;
#3413 = CARTESIAN_POINT ( 'NONE',  ( 0.000000000000000000, 114.0000000000000000, 14.20569654897112244 ) ) ;
#3414 = EDGE_LOOP ( 'NONE', ( #1983, #7985, #9682, #10886 ) ) ;
#3415 = CARTESIAN_POINT ( 'NONE',  ( -26.75000000000000355, 114.0000000000000000, -63.50000000000000000 ) ) ;
#3416 = CIRCLE ( 'NONE', #6983, 6.000000000000008882 ) ;
#3417 = DIRECTION ( 'NONE',  ( 0.000000000000000000, 0.000000000000000000, -1.000000000000000000 ) ) ;
#3418 = CYLINDRICAL_SURFACE ( 'NONE', #12356, 6.499999999999999112 ) ;
#3419 = ORIENTED_EDGE ( 'NONE', *, *, #2848, .T. ) ;
#3420 = FACE_OUTER_BOUND ( 'NONE', #1601, .T. ) ;
#3421 = EDGE_LOOP ( 'NONE', ( #3929, #10749 ) ) ;
#3422 = ORIENTED_EDGE ( 'NONE', *, *, #5561, .F. ) ;
#3423 = DIRECTION ( 'NONE',  ( -0.000000000000000000, -0.000000000000000000, -1.000000000000000000 ) ) ;
#3424 = DIRECTION ( 'NONE',  ( 1.000000000000000000, 0.000000000000000000, 0.000000000000000000 ) ) ;
#3425 = LINE ( 'NONE', #7504, #9173 ) ;
#3426 = CARTESIAN_POINT ( 'NONE',  ( 42.50000000000001421, 52.00000000000002842, 0.000000000000000000 ) ) ;
#3427 = ADVANCED_FACE ( 'NONE', ( #8509 ), #6226, .F. ) ;
#3428 = EDGE_CURVE ( 'NONE', #12490, #4419, #1194, .T. ) ;
#3429 = CARTESIAN_POINT ( 'NONE',  ( 46.67640687119308041, 71.57359312880737434, -77.00000000000000000 ) ) ;
#3430 = AXIS2_PLACEMENT_3D ( 'NONE', #5716, #11620, #11872 ) ;
#3431 = FACE_OUTER_BOUND ( 'NONE', #12486, .T. ) ;
#3432 = CARTESIAN_POINT ( 'NONE',  ( 26.99999999999999645, 154.9000000000000057, 62.93607486307095655 ) ) ;
#3433 = AXIS2_PLACEMENT_3D ( 'NONE', #11867, #2664, #12730 ) ;
#3434 = AXIS2_PLACEMENT_3D ( 'NONE', #2382, #4552, #10545 ) ;
#3435 = VERTEX_POINT ( 'NONE', #2391 ) ;
#3436 = AXIS2_PLACEMENT_3D ( 'NONE', #3006, #1964, #6954 ) ;
#3437 = FACE_OUTER_BOUND ( 'NONE', #7713, .T. ) ;
#3438 = CARTESIAN_POINT ( 'NONE',  ( -51.50000000000001421, 12.37139580705811603, 53.22051328909002166 ) ) ;
#3439 = ORIENTED_EDGE ( 'NONE', *, *, #1658, .T. ) ;
#3440 = ORIENTED_EDGE ( 'NONE', *, *, #9775, .T. ) ;
#3441 = EDGE_CURVE ( 'NONE', #2649, #208, #7712, .T. ) ;
#3442 = EDGE_CURVE ( 'NONE', #9815, #8543, #4122, .T. ) ;
#3443 = DIRECTION ( 'NONE',  ( 0.000000000000000000, 0.000000000000000000, 1.000000000000000000 ) ) ;
#3444 = CYLINDRICAL_SURFACE ( 'NONE', #1187, 19.90000000000000213 ) ;
#3445 = APPROVAL_DATE_TIME ( #11461, #7132 ) ;
#3446 = DIRECTION ( 'NONE',  ( 0.000000000000000000, 1.000000000000000000, 0.000000000000000000 ) ) ;
#3447 = DIRECTION ( 'NONE',  ( -0.000000000000000000, -0.000000000000000000, 1.000000000000000000 ) ) ;
#3448 = ORIENTED_EDGE ( 'NONE', *, *, #1784, .F. ) ;
#3449 = FACE_OUTER_BOUND ( 'NONE', #5309, .T. ) ;
#3450 = EDGE_LOOP ( 'NONE', ( #11586, #4996, #3031, #2261 ) ) ;
#3451 = CARTESIAN_POINT ( 'NONE',  ( 13.09999999999999964, 114.0000000000000000, -4.500000000000003553 ) ) ;
#3452 = VERTEX_POINT ( 'NONE', #7402 ) ;
#3453 = EDGE_CURVE ( 'NONE', #6414, #6685, #8958, .T. ) ;
#3454 = ORIENTED_EDGE ( 'NONE', *, *, #2098, .F. ) ;
#3455 = CARTESIAN_POINT ( 'NONE',  ( -33.46499999999999631, 114.0000000000000000, -51.50000000000000711 ) ) ;
#3456 = DIRECTION ( 'NONE',  ( 1.000000000000000000, 0.000000000000000000, 0.000000000000000000 ) ) ;
#3457 = DIRECTION ( 'NONE',  ( 1.000000000000000000, -2.135044278125301343E-15, 0.000000000000000000 ) ) ;
#3458 = DIRECTION ( 'NONE',  ( 1.224646799147353207E-16, 1.000000000000000000, 0.000000000000000000 ) ) ;
#3459 = ORIENTED_EDGE ( 'NONE', *, *, #7124, .F. ) ;
#3460 = EDGE_CURVE ( 'NONE', #11125, #11935, #3248, .T. ) ;
#3461 = CARTESIAN_POINT ( 'NONE',  ( 0.000000000000000000, 114.0000000000000000, -53.76762496022975313 ) ) ;
#3462 = LINE ( 'NONE', #7417, #8192 ) ;
#3463 = ORIENTED_EDGE ( 'NONE', *, *, #12703, .T. ) ;
#3464 = DIRECTION ( 'NONE',  ( 0.000000000000000000, 0.000000000000000000, -1.000000000000000000 ) ) ;
#3465 = CARTESIAN_POINT ( 'NONE',  ( -51.50000000000000711, 1.561251128379126385E-14, 25.29999999999998295 ) ) ;
#3466 = DIRECTION ( 'NONE',  ( -0.000000000000000000, -0.000000000000000000, 1.000000000000000000 ) ) ;
#3467 = CARTESIAN_POINT ( 'NONE',  ( 23.50000000000000355, 114.0000000000000000, -0.5000000000000038858 ) ) ;
#3468 = EDGE_CURVE ( 'NONE', #8182, #12270, #11535, .T. ) ;
#3469 = EDGE_LOOP ( 'NONE', ( #10320, #5727, #7283, #11637 ) ) ;
#3470 = DIRECTION ( 'NONE',  ( 0.000000000000000000, 0.000000000000000000, -1.000000000000000000 ) ) ;
#3471 = EDGE_LOOP ( 'NONE', ( #11271, #6334, #2045, #1497 ) ) ;
#3472 = CARTESIAN_POINT ( 'NONE',  ( 45.50000000000013500, -45.49999999999998579, -67.00000000000000000 ) ) ;
#3473 = VERTEX_POINT ( 'NONE', #5302 ) ;
#3474 = DIRECTION ( 'NONE',  ( -0.000000000000000000, -0.000000000000000000, 1.000000000000000000 ) ) ;
#3475 = ORIENTED_EDGE ( 'NONE', *, *, #8590, .F. ) ;
#3476 = ORIENTED_EDGE ( 'NONE', *, *, #546, .F. ) ;
#3477 = FACE_OUTER_BOUND ( 'NONE', #12412, .T. ) ;
#3478 = AXIS2_PLACEMENT_3D ( 'NONE', #7233, #1184, #59 ) ;
#3479 = FACE_OUTER_BOUND ( 'NONE', #4298, .T. ) ;
#3480 = VERTEX_POINT ( 'NONE', #426 ) ;
#3481 = CARTESIAN_POINT ( 'NONE',  ( -42.42999999999999261, 156.4300000000000068, 11.49999999999999645 ) ) ;
#3482 = ADVANCED_FACE ( 'NONE', ( #8312, #5500 ), #12456, .F. ) ;
#3483 = ORIENTED_EDGE ( 'NONE', *, *, #5722, .T. ) ;
#3484 = ORIENTED_EDGE ( 'NONE', *, *, #427, .F. ) ;
#3485 = VECTOR ( 'NONE', #5409, 1000.000000000000000 ) ;
#3486 = LINE ( 'NONE', #11574, #3789 ) ;
#3487 = DIRECTION ( 'NONE',  ( 0.000000000000000000, -1.000000000000000000, 0.000000000000000000 ) ) ;
#3488 = AXIS2_PLACEMENT_3D ( 'NONE', #822, #6875, #11863 ) ;
#3489 = DIRECTION ( 'NONE',  ( 1.000000000000000000, 0.000000000000000000, 0.000000000000000000 ) ) ;
#3490 = DIRECTION ( 'NONE',  ( 0.000000000000000000, 0.000000000000000000, 1.000000000000000000 ) ) ;
#3491 = CYLINDRICAL_SURFACE ( 'NONE', #12798, 22.50000000000000000 ) ;
#3492 = VECTOR ( 'NONE', #5824, 1000.000000000000114 ) ;
#3493 = DIRECTION ( 'NONE',  ( -0.000000000000000000, -0.000000000000000000, 1.000000000000000000 ) ) ;
#3494 = DIRECTION ( 'NONE',  ( 1.000000000000000000, 0.000000000000000000, 0.000000000000000000 ) ) ;
#3495 = EDGE_LOOP ( 'NONE', ( #696, #12957 ) ) ;
#3496 = DIRECTION ( 'NONE',  ( -1.156482317317871478E-16, -0.000000000000000000, 1.000000000000000000 ) ) ;
#3497 = LINE ( 'NONE', #674, #11961 ) ;
#3498 = ORIENTED_EDGE ( 'NONE', *, *, #8430, .F. ) ;
#3499 = ADVANCED_FACE ( 'NONE', ( #3449 ), #9423, .F. ) ;
#3500 = EDGE_CURVE ( 'NONE', #340, #5263, #12314, .T. ) ;
#3501 = CIRCLE ( 'NONE', #9994, 28.08750000000000213 ) ;
#3502 = VECTOR ( 'NONE', #9022, 1000.000000000000114 ) ;
#3503 = CIRCLE ( 'NONE', #11686, 33.46499999999999631 ) ;
#3504 = LINE ( 'NONE', #7516, #7707 ) ;
#3505 = CARTESIAN_POINT ( 'NONE',  ( -55.25000000000000711, 6.150903230817135636, 39.55000000000005400 ) ) ;
#3506 = CARTESIAN_POINT ( 'NONE',  ( -35.75089393306191710, -29.33956106112635354, 112.0000000000000000 ) ) ;
#3507 = EDGE_CURVE ( 'NONE', #8230, #11431, #6667, .T. ) ;
#3508 = CARTESIAN_POINT ( 'NONE',  ( 28.08750000000000213, 114.0000000000000000, -14.50000000000000711 ) ) ;
#3509 = AXIS2_PLACEMENT_3D ( 'NONE', #2175, #3096, #1196 ) ;
#3510 = ORIENTED_EDGE ( 'NONE', *, *, #2369, .T. ) ;
#3511 = DIRECTION ( 'NONE',  ( 1.000000000000000000, 0.000000000000000000, 0.000000000000000000 ) ) ;
#3512 = AXIS2_PLACEMENT_3D ( 'NONE', #3294, #12431, #533 ) ;
#3513 = VERTEX_POINT ( 'NONE', #6280 ) ;
#3514 = DIRECTION ( 'NONE',  ( 0.000000000000000000, 1.000000000000000000, 0.000000000000000000 ) ) ;
#3515 = ORIENTED_EDGE ( 'NONE', *, *, #10498, .T. ) ;
#3516 = EDGE_CURVE ( 'NONE', #5084, #2246, #4338, .T. ) ;
#3517 = FACE_OUTER_BOUND ( 'NONE', #12088, .T. ) ;
#3518 = CYLINDRICAL_SURFACE ( 'NONE', #4645, 1.999999999999980904 ) ;
#3519 = FACE_OUTER_BOUND ( 'NONE', #8472, .T. ) ;
#3520 = VECTOR ( 'NONE', #5795, 1000.000000000000114 ) ;
#3521 = DIRECTION ( 'NONE',  ( -0.000000000000000000, -0.000000000000000000, -1.000000000000000000 ) ) ;
#3522 = ORIENTED_EDGE ( 'NONE', *, *, #5840, .F. ) ;
#3523 = ORIENTED_EDGE ( 'NONE', *, *, #536, .T. ) ;
#3524 = DIRECTION ( 'NONE',  ( 0.000000000000000000, 0.000000000000000000, -1.000000000000000000 ) ) ;
#3525 = EDGE_CURVE ( 'NONE', #9491, #3774, #2712, .T. ) ;
#3526 = PLANE ( 'NONE',  #1874 ) ;
#3527 = VERTEX_POINT ( 'NONE', #4684 ) ;
#3528 = EDGE_LOOP ( 'NONE', ( #10385, #3510, #8524, #8386 ) ) ;
#3529 = DIRECTION ( 'NONE',  ( -0.000000000000000000, -0.000000000000000000, 1.000000000000000000 ) ) ;
#3530 = DIRECTION ( 'NONE',  ( 1.000000000000000000, 0.000000000000000000, 0.000000000000000000 ) ) ;
#3531 = CARTESIAN_POINT ( 'NONE',  ( 22.13999999999997215, 38.20000000000000995, 112.0000000000000000 ) ) ;
#3532 = DIRECTION ( 'NONE',  ( 0.000000000000000000, 0.000000000000000000, -1.000000000000000000 ) ) ;
#3533 = ORIENTED_EDGE ( 'NONE', *, *, #3757, .T. ) ;
#3534 = DIRECTION ( 'NONE',  ( -0.000000000000000000, -0.000000000000000000, 1.000000000000000000 ) ) ;
#3535 = EDGE_LOOP ( 'NONE', ( #392, #2525, #5860, #5784 ) ) ;
#3536 = CARTESIAN_POINT ( 'NONE',  ( 26.00000000000001066, 114.0000000000000000, 29.09545482057523813 ) ) ;
#3537 = ORIENTED_EDGE ( 'NONE', *, *, #9401, .F. ) ;
#3538 = AXIS2_PLACEMENT_3D ( 'NONE', #11452, #6466, #3494 ) ;
#3539 = CIRCLE ( 'NONE', #7105, 6.800000000000007816 ) ;
#3540 = CYLINDRICAL_SURFACE ( 'NONE', #12900, 26.00000000000001066 ) ;
#3541 = EDGE_CURVE ( 'NONE', #4511, #455, #6739, .T. ) ;
#3542 = VERTEX_POINT ( 'NONE', #7661 ) ;
#3543 = CARTESIAN_POINT ( 'NONE',  ( -22.50000000000000000, 114.0000000000000000, -0.5000000000000004441 ) ) ;
#3544 = EDGE_CURVE ( 'NONE', #2381, #7615, #774, .T. ) ;
#3545 = DIRECTION ( 'NONE',  ( -0.000000000000000000, -0.000000000000000000, -1.000000000000000000 ) ) ;
#3546 = VERTEX_POINT ( 'NONE', #11663 ) ;
#3547 = AXIS2_PLACEMENT_3D ( 'NONE', #2041, #10185, #9071 ) ;
#3548 = CARTESIAN_POINT ( 'NONE',  ( 0.000000000000000000, 114.0000000000000000, -21.09556051177057867 ) ) ;
#3549 = AXIS2_PLACEMENT_3D ( 'NONE', #10151, #8244, #4427 ) ;
#3550 = AXIS2_PLACEMENT_3D ( 'NONE', #1996, #6007, #5946 ) ;
#3551 = VERTEX_POINT ( 'NONE', #4742 ) ;
#3552 = EDGE_CURVE ( 'NONE', #6217, #7665, #5758, .T. ) ;
#3553 = VECTOR ( 'NONE', #4141, 1000.000000000000000 ) ;
#3554 = CARTESIAN_POINT ( 'NONE',  ( -19.90000000000000213, 114.0000000000000000, 0.3267949192431139904 ) ) ;
#3555 = CARTESIAN_POINT ( 'NONE',  ( 39.12398950069049164, 28.87693130457883584, 112.0000000000000000 ) ) ;
#3556 = DIRECTION ( 'NONE',  ( 0.000000000000000000, 1.000000000000000000, 0.000000000000000000 ) ) ;
#3557 = CARTESIAN_POINT ( 'NONE',  ( 22.39999999999999858, 114.0000000000000000, 14.20569654897112244 ) ) ;
#3558 = CIRCLE ( 'NONE', #6292, 26.00000000000001066 ) ;
#3559 = ADVANCED_FACE ( 'NONE', ( #12649 ), #8762, .F. ) ;
#3560 = DIRECTION ( 'NONE',  ( 1.000000000000000000, 0.000000000000000000, 0.000000000000000000 ) ) ;
#3561 = CARTESIAN_POINT ( 'NONE',  ( -42.42640687119307330, -42.42640687119262566, -20.04292610469370928 ) ) ;
#3562 = CARTESIAN_POINT ( 'NONE',  ( -51.50000000000000711, 4.500000000000013323, 25.29999999999998295 ) ) ;
#3563 = EDGE_LOOP ( 'NONE', ( #5397, #5704, #7751, #3265 ) ) ;
#3564 = VERTEX_POINT ( 'NONE', #6546 ) ;
#3565 = CARTESIAN_POINT ( 'NONE',  ( 28.87693130457876123, 39.12398950069061243, 10.00000000000000000 ) ) ;
#3566 = CARTESIAN_POINT ( 'NONE',  ( -26.75000000000000000, 114.0000000000000000, -44.90443948822942843 ) ) ;
#3567 = VECTOR ( 'NONE', #4412, 1000.000000000000000 ) ;
#3568 = ORIENTED_EDGE ( 'NONE', *, *, #6149, .T. ) ;
#3569 = CIRCLE ( 'NONE', #5883, 6.499999999999999112 ) ;
#3570 = CARTESIAN_POINT ( 'NONE',  ( -29.33956106112634288, 35.75089393306190289, 112.0000000000000000 ) ) ;
#3571 = CYLINDRICAL_SURFACE ( 'NONE', #4119, 19.90000000000000213 ) ;
#3572 = DATE_TIME_ROLE ( 'creation_date' ) ;
#3573 = DIRECTION ( 'NONE',  ( 0.000000000000000000, 1.000000000000000000, 0.000000000000000000 ) ) ;
#3574 = CIRCLE ( 'NONE', #10291, 29.00000000000001066 ) ;
#3575 = DIRECTION ( 'NONE',  ( 1.000000000000000000, 0.000000000000000000, 0.000000000000000000 ) ) ;
#3576 = ADVANCED_FACE ( 'NONE', ( #8638 ), #7846, .T. ) ;
#3577 = ORIENTED_EDGE ( 'NONE', *, *, #12689, .F. ) ;
#3578 = CARTESIAN_POINT ( 'NONE',  ( 22.14000000000004320, -44.99999999999999289, 112.0000000000000000 ) ) ;
#3579 = ORIENTED_EDGE ( 'NONE', *, *, #1511, .T. ) ;
#3580 = CARTESIAN_POINT ( 'NONE',  ( 52.00000000000001421, -51.99999999999997868, 10.00000000000000000 ) ) ;
#3581 = VERTEX_POINT ( 'NONE', #5631 ) ;
#3582 = ORIENTED_EDGE ( 'NONE', *, *, #12078, .F. ) ;
#3583 = CIRCLE ( 'NONE', #7373, 1.999999999999991340 ) ;
#3584 = AXIS2_PLACEMENT_3D ( 'NONE', #2905, #6136, #10139 ) ;
#3585 = EDGE_CURVE ( 'NONE', #11210, #7433, #11661, .T. ) ;
#3586 = CARTESIAN_POINT ( 'NONE',  ( 7.000000000000000000, 0.000000000000000000, -2.299999999999999822 ) ) ;
#3587 = FACE_OUTER_BOUND ( 'NONE', #1732, .T. ) ;
#3588 = ORIENTED_EDGE ( 'NONE', *, *, #10812, .T. ) ;
#3589 = ADVANCED_FACE ( 'NONE', ( #10554 ), #9678, .T. ) ;
#3590 = DIRECTION ( 'NONE',  ( 0.000000000000000000, 1.000000000000000000, 2.668805347656626678E-16 ) ) ;
#3591 = CARTESIAN_POINT ( 'NONE',  ( -51.50000000000000711, -6.301806461634192225, 39.29999999999998295 ) ) ;
#3592 = EDGE_CURVE ( 'NONE', #3513, #4448, #5616, .T. ) ;
#3593 = AXIS2_PLACEMENT_3D ( 'NONE', #6062, #1192, #11245 ) ;
#3594 = CIRCLE ( 'NONE', #12625, 12.50000000000000000 ) ;
#3595 = ORIENTED_EDGE ( 'NONE', *, *, #10856, .F. ) ;
#3596 = CARTESIAN_POINT ( 'NONE',  ( -29.33956106112634288, 35.75089393306190289, 112.0000000000000000 ) ) ;
#3597 = DIRECTION ( 'NONE',  ( 0.000000000000000000, 0.000000000000000000, -1.000000000000000000 ) ) ;
#3598 = DIRECTION ( 'NONE',  ( 0.000000000000000000, 0.000000000000000000, -1.000000000000000000 ) ) ;
#3599 = CARTESIAN_POINT ( 'NONE',  ( -28.43660512957058017, 161.0000000000000000, 6.499999999999996447 ) ) ;
#3600 = ORIENTED_EDGE ( 'NONE', *, *, #10425, .T. ) ;
#3601 = CARTESIAN_POINT ( 'NONE',  ( -57.49999999999997868, 0.000000000000000000, 58.79999999999997584 ) ) ;
#3602 = VERTEX_POINT ( 'NONE', #7724 ) ;
#3603 = EDGE_CURVE ( 'NONE', #11125, #10565, #3079, .T. ) ;
#3604 = DIRECTION ( 'NONE',  ( 0.000000000000000000, -1.000000000000000000, 0.000000000000000000 ) ) ;
#3605 = EDGE_CURVE ( 'NONE', #9232, #9006, #12776, .T. ) ;
#3606 = EDGE_LOOP ( 'NONE', ( #5703, #8352, #5512, #3850 ) ) ;
#3607 = AXIS2_PLACEMENT_3D ( 'NONE', #5062, #10980, #4992 ) ;
#3608 = CIRCLE ( 'NONE', #2342, 9.000000000000001776 ) ;
#3609 = FACE_OUTER_BOUND ( 'NONE', #8549, .T. ) ;
#3610 = EDGE_LOOP ( 'NONE', ( #7372, #2069 ) ) ;
#3611 = ORIENTED_EDGE ( 'NONE', *, *, #9884, .T. ) ;
#3612 = FACE_OUTER_BOUND ( 'NONE', #5656, .T. ) ;
#3613 = DIRECTION ( 'NONE',  ( 1.000000000000000000, 0.000000000000000000, 0.000000000000000000 ) ) ;
#3614 = CIRCLE ( 'NONE', #6557, 6.800000000000000711 ) ;
#3616 = ORIENTED_EDGE ( 'NONE', *, *, #11230, .T. ) ;
#3615 = AXIS2_PLACEMENT_3D ( 'NONE', #3292, #12430, #12973 ) ;
#3617 = LINE ( 'NONE', #7694, #7992 ) ;
#3618 = AXIS2_PLACEMENT_3D ( 'NONE', #4452, #2409, #1572 ) ;
#3619 = ORIENTED_EDGE ( 'NONE', *, *, #1599, .T. ) ;
#3620 = ADVANCED_FACE ( 'NONE', ( #3763 ), #7785, .T. ) ;
#3621 = EDGE_CURVE ( 'NONE', #6081, #5126, #553, .T. ) ;
#3622 = CYLINDRICAL_SURFACE ( 'NONE', #10316, 1.249999999999994227 ) ;
#3623 = CARTESIAN_POINT ( 'NONE',  ( 0.000000000000000000, 114.0000000000000000, 29.09545482057523813 ) ) ;
#3624 = ADVANCED_FACE ( 'NONE', ( #6804 ), #4560, .T. ) ;
#3625 = CARTESIAN_POINT ( 'NONE',  ( 42.42640687119288856, -38.17640687119282461, 0.000000000000000000 ) ) ;
#3626 = CIRCLE ( 'NONE', #7827, 19.00000000000000355 ) ;
#3628 = LINE ( 'NONE', #2432, #5465 ) ;
#3627 = AXIS2_PLACEMENT_3D ( 'NONE', #10297, #5645, #11672 ) ;
#3629 = DIRECTION ( 'NONE',  ( 0.000000000000000000, 0.000000000000000000, -1.000000000000000000 ) ) ;
#3630 = LINE ( 'NONE', #5678, #9195 ) ;
#3631 = ORIENTED_EDGE ( 'NONE', *, *, #4743, .T. ) ;
#3632 = EDGE_LOOP ( 'NONE', ( #175, #4300, #6244, #5391 ) ) ;
#3633 = FACE_OUTER_BOUND ( 'NONE', #12468, .T. ) ;
#3634 = CARTESIAN_POINT ( 'NONE',  ( 47.00000000000000000, 0.000000000000000000, 6.372309488248129483 ) ) ;
#3635 = EDGE_LOOP ( 'NONE', ( #2230, #4226, #8313, #10696 ) ) ;
#3636 = AXIS2_PLACEMENT_3D ( 'NONE', #10942, #9948, #755 ) ;
#3637 = EDGE_CURVE ( 'NONE', #8474, #1398, #12840, .T. ) ;
#3638 = CARTESIAN_POINT ( 'NONE',  ( 0.000000000000000000, 142.0875000000000057, -63.50000000000000000 ) ) ;
#3639 = CARTESIAN_POINT ( 'NONE',  ( -51.49999999999994316, -10.69443030939464023, 67.15912120029202015 ) ) ;
#3640 = VECTOR ( 'NONE', #3333, 1000.000000000000000 ) ;
#3641 = PERSON_AND_ORGANIZATION ( #9444, #9646 ) ;
#3642 = CARTESIAN_POINT ( 'NONE',  ( -42.42640687119284593, 42.42640687119283172, 19.59999999999999076 ) ) ;
#3643 = AXIS2_PLACEMENT_3D ( 'NONE', #3769, #11922, #11858 ) ;
#3644 = FACE_OUTER_BOUND ( 'NONE', #2009, .T. ) ;
#3645 = ORIENTED_EDGE ( 'NONE', *, *, #6574, .T. ) ;
#3646 = DIRECTION ( 'NONE',  ( -0.9907251918498203302, -0.1358808089250893303, 0.000000000000000000 ) ) ;
#3647 = EDGE_LOOP ( 'NONE', ( #784, #962, #7725, #6120 ) ) ;
#3648 = CARTESIAN_POINT ( 'NONE',  ( 26.00000000000000000, 114.0000000000000000, 0.4999999999999952260 ) ) ;
#3649 = ORIENTED_EDGE ( 'NONE', *, *, #11941, .F. ) ;
#3650 = CARTESIAN_POINT ( 'NONE',  ( -51.99999999999998579, -42.49999999999997158, 10.00000000000000000 ) ) ;
#3651 = DIRECTION ( 'NONE',  ( -1.000000000000000000, 0.000000000000000000, 0.000000000000000000 ) ) ;
#3652 = CARTESIAN_POINT ( 'NONE',  ( 27.03999999999999559, 154.8599999999999852, -69.99999999999998579 ) ) ;
#3653 = AXIS2_PLACEMENT_3D ( 'NONE', #638, #3716, #7607 ) ;
#3654 = ORIENTED_EDGE ( 'NONE', *, *, #2295, .F. ) ;
#3655 = CLOSED_SHELL ( 'NONE', ( #7453, #12759, #7571, #7621, #592, #1357, #11350, #6734, #8587, #10178, #8972, #5886, #5488, #949, #8337, #5619, #12882, #4391, #384, #10807, #8054, #12202 ) ) ;
#3656 = CARTESIAN_POINT ( 'NONE',  ( -51.50000000000000711, 1.561251128379126385E-14, 25.29999999999998295 ) ) ;
#3657 = FACE_OUTER_BOUND ( 'NONE', #3000, .T. ) ;
#3658 = VERTEX_POINT ( 'NONE', #3101 ) ;
#3659 = ORIENTED_EDGE ( 'NONE', *, *, #6913, .T. ) ;
#3660 = CARTESIAN_POINT ( 'NONE',  ( -21.00000000000000355, 114.0000000000000000, 29.09545482057523813 ) ) ;
#3661 = CARTESIAN_POINT ( 'NONE',  ( 0.000000000000000000, 114.0000000000000000, -36.50000000000000711 ) ) ;
#3662 = ORIENTED_EDGE ( 'NONE', *, *, #6207, .T. ) ;
#3663 = VERTEX_POINT ( 'NONE', #5146 ) ;
#3664 = LINE ( 'NONE', #767, #12667 ) ;
#3665 = ORIENTED_EDGE ( 'NONE', *, *, #85, .T. ) ;
#3666 = DIRECTION ( 'NONE',  ( 1.000000000000000000, 0.000000000000000000, 0.000000000000000000 ) ) ;
#3667 = EDGE_CURVE ( 'NONE', #9585, #4511, #8119, .T. ) ;
#3668 = EDGE_CURVE ( 'NONE', #7151, #1264, #814, .T. ) ;
#3669 = ORIENTED_EDGE ( 'NONE', *, *, #3260, .F. ) ;
#3670 = AXIS2_PLACEMENT_3D ( 'NONE', #4587, #6642, #1773 ) ;
#3671 = DIRECTION ( 'NONE',  ( -1.000000000000000000, 0.000000000000000000, 0.000000000000000000 ) ) ;
#3672 = CARTESIAN_POINT ( 'NONE',  ( -38.17640687119276777, 156.4264068711929383, -77.00000000000000000 ) ) ;
#3673 = VERTEX_POINT ( 'NONE', #78 ) ;
#3674 = ORIENTED_EDGE ( 'NONE', *, *, #7376, .T. ) ;
#3675 = DIRECTION ( 'NONE',  ( 0.000000000000000000, 1.000000000000000000, 0.000000000000000000 ) ) ;
#3676 = CC_DESIGN_PERSON_AND_ORGANIZATION_ASSIGNMENT ( #2516, #4493, ( #5061 ) ) ;
#3677 = DIRECTION ( 'NONE',  ( 0.000000000000000000, 0.000000000000000000, -1.000000000000000000 ) ) ;
#3678 = ADVANCED_FACE ( 'NONE', ( #2832 ), #10002, .T. ) ;
#3679 = ORIENTED_EDGE ( 'NONE', *, *, #11396, .T. ) ;
#3680 = CARTESIAN_POINT ( 'NONE',  ( 0.000000000000000000, 114.0000000000000000, -50.50000000000000000 ) ) ;
#3681 = LINE ( 'NONE', #3736, #1334 ) ;
#3682 = LINE ( 'NONE', #5541, #5505 ) ;
#3683 = DIRECTION ( 'NONE',  ( 0.000000000000000000, 1.000000000000000000, 0.000000000000000000 ) ) ;
#3684 = EDGE_CURVE ( 'NONE', #1086, #625, #10265, .T. ) ;
#3685 = LINE ( 'NONE', #11830, #11496 ) ;
#3686 = DIRECTION ( 'NONE',  ( 0.000000000000000000, 0.000000000000000000, 1.000000000000000000 ) ) ;
#3687 = DIRECTION ( 'NONE',  ( -0.000000000000000000, 0.000000000000000000, -1.000000000000000000 ) ) ;
#3688 = DIRECTION ( 'NONE',  ( -0.000000000000000000, -0.000000000000000000, 1.000000000000000000 ) ) ;
#3689 = ADVANCED_FACE ( 'NONE', ( #12111 ), #8899, .T. ) ;
#3690 = ORIENTED_EDGE ( 'NONE', *, *, #7695, .T. ) ;
#3691 = ORIENTED_EDGE ( 'NONE', *, *, #10426, .F. ) ;
#3692 = CARTESIAN_POINT ( 'NONE',  ( 36.77000000000000313, -36.76999999999998181, 112.0000000000000000 ) ) ;
#3693 = DIRECTION ( 'NONE',  ( 0.000000000000000000, 0.000000000000000000, -1.000000000000000000 ) ) ;
#3694 = ORIENTED_EDGE ( 'NONE', *, *, #10371, .T. ) ;
#3695 = ADVANCED_FACE ( 'NONE', ( #11983 ), #140, .T. ) ;
#3696 = DIRECTION ( 'NONE',  ( -1.000000000000000000, 0.000000000000000000, 0.000000000000000000 ) ) ;
#3697 = CARTESIAN_POINT ( 'NONE',  ( 0.000000000000000000, 0.000000000000000000, 0.000000000000000000 ) ) ;
#3698 = VECTOR ( 'NONE', #9499, 1000.000000000000114 ) ;
#3699 = CARTESIAN_POINT ( 'NONE',  ( -27.03999999999999559, 73.14000000000000057, -69.99999999999998579 ) ) ;
#3700 = VECTOR ( 'NONE', #1693, 1000.000000000000000 ) ;
#3701 = DIRECTION ( 'NONE',  ( -0.000000000000000000, -0.000000000000000000, 1.000000000000000000 ) ) ;
#3702 = ADVANCED_FACE ( 'NONE', ( #8960 ), #12904, .T. ) ;
#3703 = VERTEX_POINT ( 'NONE', #9026 ) ;
#3704 = DIRECTION ( 'NONE',  ( -1.000000000000000000, 0.000000000000000000, 0.000000000000000000 ) ) ;
#3705 = VERTEX_POINT ( 'NONE', #5082 ) ;
#3706 = CARTESIAN_POINT ( 'NONE',  ( -45.00000000000001421, 22.14000000000006452, 112.0000000000000000 ) ) ;
#3707 = ORIENTED_EDGE ( 'NONE', *, *, #12772, .F. ) ;
#3708 = AXIS2_PLACEMENT_3D ( 'NONE', #11260, #2252, #6272 ) ;
#3709 = AXIS2_PLACEMENT_3D ( 'NONE', #1925, #9799, #12641 ) ;
#3710 = CARTESIAN_POINT ( 'NONE',  ( -4.000000000000000888, 125.8427192823270104, -19.50000000000000355 ) ) ;
#3711 = FACE_OUTER_BOUND ( 'NONE', #18, .T. ) ;
#3712 = CYLINDRICAL_SURFACE ( 'NONE', #1406, 22.50000000000000000 ) ;
#3713 = AXIS2_PLACEMENT_3D ( 'NONE', #8620, #5673, #917 ) ;
#3714 = AXIS2_PLACEMENT_3D ( 'NONE', #9275, #468, #8427 ) ;
#3715 = CARTESIAN_POINT ( 'NONE',  ( 22.13999999999997215, 38.20000000000000995, 112.0000000000000000 ) ) ;
#3716 = DIRECTION ( 'NONE',  ( 0.000000000000000000, 0.000000000000000000, 1.000000000000000000 ) ) ;
#3717 = EDGE_CURVE ( 'NONE', #9528, #4896, #1251, .T. ) ;
#3718 = EDGE_LOOP ( 'NONE', ( #9962, #268, #10283, #9769 ) ) ;
#3719 = ORIENTED_EDGE ( 'NONE', *, *, #1533, .T. ) ;
#3720 = CARTESIAN_POINT ( 'NONE',  ( 45.00000000000000711, -45.00000000000000000, 53.29999999999999005 ) ) ;
#3721 = VECTOR ( 'NONE', #641, 1000.000000000000000 ) ;
#3722 = LINE ( 'NONE', #893, #2136 ) ;
#3723 = ORIENTED_EDGE ( 'NONE', *, *, #6005, .T. ) ;
#3724 = EDGE_LOOP ( 'NONE', ( #8289, #4198 ) ) ;
#3725 = DIRECTION ( 'NONE',  ( 1.000000000000000000, 0.000000000000000000, 0.000000000000000000 ) ) ;
#3726 = CIRCLE ( 'NONE', #1437, 3.399999999999993250 ) ;
#3727 = DIRECTION ( 'NONE',  ( 0.000000000000000000, 1.000000000000000000, 0.000000000000000000 ) ) ;
#3728 = EDGE_LOOP ( 'NONE', ( #3440, #11837 ) ) ;
#3729 = DIRECTION ( 'NONE',  ( 0.000000000000000000, 0.000000000000000000, 1.000000000000000000 ) ) ;
#3730 = DIRECTION ( 'NONE',  ( 0.000000000000000000, 0.000000000000000000, -1.000000000000000000 ) ) ;
#3731 = VERTEX_POINT ( 'NONE', #16 ) ;
#3732 = DIRECTION ( 'NONE',  ( 1.000000000000000000, 0.000000000000000000, 0.000000000000000000 ) ) ;
#3733 = CARTESIAN_POINT ( 'NONE',  ( 45.00000000000001421, -22.14000000000008583, 112.0000000000000000 ) ) ;
#3734 = VERTEX_POINT ( 'NONE', #6992 ) ;
#3735 = LINE ( 'NONE', #4985, #1909 ) ;
#3736 = CARTESIAN_POINT ( 'NONE',  ( -26.00000000000001066, 114.0000000000000000, 29.09545482057523813 ) ) ;
#3737 = ORIENTED_EDGE ( 'NONE', *, *, #2688, .T. ) ;
#3738 = VECTOR ( 'NONE', #4005, 1000.000000000000114 ) ;
#3739 = DIRECTION ( 'NONE',  ( -0.000000000000000000, -0.000000000000000000, 1.000000000000000000 ) ) ;
#3740 = CARTESIAN_POINT ( 'NONE',  ( 26.75000000000000355, 114.0000000000000000, -21.09556051177057867 ) ) ;
#3741 = CIRCLE ( 'NONE', #1023, 6.499999999999999112 ) ;
#3742 = CARTESIAN_POINT ( 'NONE',  ( -39.12398950069049874, -28.87693130457884649, 10.00000000000000000 ) ) ;
#3743 = CARTESIAN_POINT ( 'NONE',  ( -58.99999999999998579, 0.000000000000000000, 58.79999999999997584 ) ) ;
#3744 = VECTOR ( 'NONE', #1968, 1000.000000000000000 ) ;
#3745 = PLANE ( 'NONE',  #10813 ) ;
#3746 = CIRCLE ( 'NONE', #7540, 3.400000000000000355 ) ;
#3747 = CIRCLE ( 'NONE', #8156, 26.75000000000000355 ) ;
#3748 = DIRECTION ( 'NONE',  ( -1.000000000000000000, 0.000000000000000000, 0.000000000000000000 ) ) ;
#3749 = EDGE_CURVE ( 'NONE', #8805, #776, #5864, .T. ) ;
#3750 = ORIENTED_EDGE ( 'NONE', *, *, #2187, .T. ) ;
#3751 = DIRECTION ( 'NONE',  ( -0.000000000000000000, -0.000000000000000000, 1.000000000000000000 ) ) ;
#3752 = ORIENTED_EDGE ( 'NONE', *, *, #123, .T. ) ;
#3753 = DIRECTION ( 'NONE',  ( 0.000000000000000000, -1.000000000000000000, 0.000000000000000000 ) ) ;
#3754 = AXIS2_PLACEMENT_3D ( 'NONE', #12053, #4083, #1935 ) ;
#3755 = EDGE_CURVE ( 'NONE', #2974, #671, #6859, .T. ) ;
#3756 = CARTESIAN_POINT ( 'NONE',  ( 22.14000000000007162, 45.00000000000001421, 112.0000000000000000 ) ) ;
#3757 = EDGE_CURVE ( 'NONE', #3104, #1614, #4596, .T. ) ;
#3758 = CARTESIAN_POINT ( 'NONE',  ( -23.50000000000000000, 114.0000000000000000, -49.50000000000000000 ) ) ;
#3759 = LINE ( 'NONE', #11783, #9384 ) ;
#3760 = FACE_OUTER_BOUND ( 'NONE', #10854, .T. ) ;
#3761 = VERTEX_POINT ( 'NONE', #10071 ) ;
#3762 = VECTOR ( 'NONE', #479, 1000.000000000000000 ) ;
#3763 = FACE_OUTER_BOUND ( 'NONE', #8422, .T. ) ;
#3764 = ORIENTED_EDGE ( 'NONE', *, *, #4041, .F. ) ;
#3765 = CARTESIAN_POINT ( 'NONE',  ( 13.09999999999999964, 114.0000000000000000, 14.20569654897112244 ) ) ;
#3766 = EDGE_LOOP ( 'NONE', ( #5552, #10416, #4359, #2038 ) ) ;
#3767 = CARTESIAN_POINT ( 'NONE',  ( -45.50000000000000711, -1.500192328955507734E-15, 46.54999999999998295 ) ) ;
#3768 = ADVANCED_FACE ( 'NONE', ( #3885 ), #10136, .T. ) ;
#3769 = CARTESIAN_POINT ( 'NONE',  ( 42.42640687119283882, 42.42640687119283882, 9.999999999999992895 ) ) ;
#3770 = EDGE_CURVE ( 'NONE', #380, #1746, #3747, .T. ) ;
#3771 = VECTOR ( 'NONE', #10165, 1000.000000000000114 ) ;
#3772 = CARTESIAN_POINT ( 'NONE',  ( 0.000000000000000000, 114.0000000000000000, -8.500000000000003553 ) ) ;
#3773 = CONICAL_SURFACE ( 'NONE', #5905, 22.50000000000000000, 0.5235987755983080305 ) ;
#3774 = VERTEX_POINT ( 'NONE', #2054 ) ;
#3775 = DIRECTION ( 'NONE',  ( 1.000000000000000000, 0.000000000000000000, 0.000000000000000000 ) ) ;
#3776 = CARTESIAN_POINT ( 'NONE',  ( 43.43176079638895715, 71.61880906670245395, 11.49999999999999645 ) ) ;
#3777 = EDGE_LOOP ( 'NONE', ( #8934, #10413, #7951, #3649 ) ) ;
#3778 = ORIENTED_EDGE ( 'NONE', *, *, #10542, .T. ) ;
#3779 = DIRECTION ( 'NONE',  ( 0.000000000000000000, 0.000000000000000000, -1.000000000000000000 ) ) ;
#3780 = DIRECTION ( 'NONE',  ( -0.000000000000000000, -0.000000000000000000, 1.000000000000000000 ) ) ;
#3781 = AXIS2_PLACEMENT_3D ( 'NONE', #2184, #5149, #6933 ) ;
#3782 = ORIENTED_EDGE ( 'NONE', *, *, #628, .F. ) ;
#3783 = ORIENTED_EDGE ( 'NONE', *, *, #8502, .T. ) ;
#3784 = DIRECTION ( 'NONE',  ( 1.000000000000000000, 0.000000000000000000, 0.000000000000000000 ) ) ;
#3785 = CARTESIAN_POINT ( 'NONE',  ( 0.000000000000000000, 114.0000000000000000, -8.500000000000003553 ) ) ;
#3786 = ADVANCED_FACE ( 'NONE', ( #6071, #6929 ), #1141, .T. ) ;
#3787 = DIRECTION ( 'NONE',  ( 0.000000000000000000, 0.000000000000000000, -1.000000000000000000 ) ) ;
#3788 = FACE_OUTER_BOUND ( 'NONE', #12133, .T. ) ;
#3789 = VECTOR ( 'NONE', #6589, 1000.000000000000000 ) ;
#3790 = DIRECTION ( 'NONE',  ( 0.000000000000000000, 0.000000000000000000, -1.000000000000000000 ) ) ;
#3791 = VERTEX_POINT ( 'NONE', #8231 ) ;
#3792 = ORIENTED_EDGE ( 'NONE', *, *, #882, .T. ) ;
#3793 = CARTESIAN_POINT ( 'NONE',  ( -30.77624999999999744, 114.0000000000000000, -57.50000000000000000 ) ) ;
#3794 = CARTESIAN_POINT ( 'NONE',  ( 1.323940956865498228E-14, 113.9999999999999432, -66.50000000000000000 ) ) ;
#3795 = VERTEX_POINT ( 'NONE', #7451 ) ;
#3796 = DIRECTION ( 'NONE',  ( 1.000000000000000000, 0.000000000000000000, 0.000000000000000000 ) ) ;
#3797 = FACE_BOUND ( 'NONE', #3610, .T. ) ;
#3798 = AXIS2_PLACEMENT_3D ( 'NONE', #12275, #7286, #1382 ) ;
#3799 = CARTESIAN_POINT ( 'NONE',  ( 0.000000000000000000, 114.0000000000000000, -12.23237503977025575 ) ) ;
#3800 = DIRECTION ( 'NONE',  ( 0.000000000000000000, 0.000000000000000000, -1.000000000000000000 ) ) ;
#3801 = CARTESIAN_POINT ( 'NONE',  ( 0.000000000000000000, 114.0000000000000000, -74.50000000000000000 ) ) ;
#3802 = CARTESIAN_POINT ( 'NONE',  ( 42.25000000000000000, 85.56884280931819831, 6.499999999999996447 ) ) ;
#3803 = VECTOR ( 'NONE', #8120, 1000.000000000000000 ) ;
#3804 = CIRCLE ( 'NONE', #11581, 6.499999999999999112 ) ;
#3805 = DIRECTION ( 'NONE',  ( 0.000000000000000000, 1.000000000000000000, 0.000000000000000000 ) ) ;
#3806 = VECTOR ( 'NONE', #2073, 1000.000000000000000 ) ;
#3807 = EDGE_CURVE ( 'NONE', #12054, #491, #9833, .T. ) ;
#3808 = DIRECTION ( 'NONE',  ( 1.000000000000000000, 0.000000000000000000, 0.000000000000000000 ) ) ;
#3809 = ORIENTED_EDGE ( 'NONE', *, *, #7058, .T. ) ;
#3810 = EDGE_CURVE ( 'NONE', #3340, #3125, #10269, .T. ) ;
#3811 = EDGE_LOOP ( 'NONE', ( #9407, #6705, #720, #7191 ) ) ;
#3812 = DIRECTION ( 'NONE',  ( 0.000000000000000000, 1.000000000000000000, 0.000000000000000000 ) ) ;
#3813 = VERTEX_POINT ( 'NONE', #6468 ) ;
#3814 = DIRECTION ( 'NONE',  ( -1.000000000000000000, 0.000000000000000000, 0.000000000000000000 ) ) ;
#3815 = CIRCLE ( 'NONE', #11799, 3.399999999999993250 ) ;
#3816 = CIRCLE ( 'NONE', #8235, 4.499999999999997335 ) ;
#3817 = CARTESIAN_POINT ( 'NONE',  ( 25.79000000000000270, 73.14000000000001478, 6.499999999999996447 ) ) ;
#3818 = ADVANCED_FACE ( 'NONE', ( #3437 ), #5447, .F. ) ;
#3819 = DIRECTION ( 'NONE',  ( 0.000000000000000000, -1.000000000000000000, 0.000000000000000000 ) ) ;
#3820 = DIRECTION ( 'NONE',  ( -0.000000000000000000, -0.000000000000000000, 1.000000000000000000 ) ) ;
#3821 = FACE_OUTER_BOUND ( 'NONE', #254, .T. ) ;
#3822 = CONICAL_SURFACE ( 'NONE', #8243, 3.399999999999993250, 1.029744258676652757 ) ;
#3823 = ORIENTED_EDGE ( 'NONE', *, *, #4245, .T. ) ;
#3824 = DIRECTION ( 'NONE',  ( 0.1358808089250893303, -0.9907251918498203302, 0.000000000000000000 ) ) ;
#3825 = CARTESIAN_POINT ( 'NONE',  ( -45.50000000000000000, -9.499682676886386901, 47.12041765112964242 ) ) ;
#3826 = EDGE_CURVE ( 'NONE', #2017, #10761, #11102, .T. ) ;
#3827 = EDGE_LOOP ( 'NONE', ( #12225, #6209 ) ) ;
#3828 = DIRECTION ( 'NONE',  ( 1.000000000000000000, 1.334402673828313339E-16, 0.000000000000000000 ) ) ;
#3829 = ORIENTED_EDGE ( 'NONE', *, *, #8677, .F. ) ;
#3830 = ORIENTED_EDGE ( 'NONE', *, *, #7058, .F. ) ;
#3831 = DIRECTION ( 'NONE',  ( -0.000000000000000000, -0.000000000000000000, 1.000000000000000000 ) ) ;
#3832 = PLANE ( 'NONE',  #6370 ) ;
#3833 = CIRCLE ( 'NONE', #6799, 20.00000000000000355 ) ;
#3834 = AXIS2_PLACEMENT_3D ( 'NONE', #36, #12074, #8122 ) ;
#3835 = CARTESIAN_POINT ( 'NONE',  ( -33.43424615471842287, 156.1535714285714391, 6.499999999999996447 ) ) ;
#3836 = ORIENTED_EDGE ( 'NONE', *, *, #4399, .F. ) ;
#3837 = ORIENTED_EDGE ( 'NONE', *, *, #3841, .F. ) ;
#3838 = CYLINDRICAL_SURFACE ( 'NONE', #11049, 6.800000000000007816 ) ;
#3839 = CYLINDRICAL_SURFACE ( 'NONE', #9204, 22.39999999999999858 ) ;
#3840 = ORIENTED_EDGE ( 'NONE', *, *, #11229, .T. ) ;
#3841 = EDGE_CURVE ( 'NONE', #2924, #4175, #1463, .T. ) ;
#3842 = VERTEX_POINT ( 'NONE', #11391 ) ;
#3843 = FACE_BOUND ( 'NONE', #10117, .T. ) ;
#3844 = ADVANCED_FACE ( 'NONE', ( #478 ), #11192, .T. ) ;
#3845 = CARTESIAN_POINT ( 'NONE',  ( 0.000000000000000000, 114.0000000000000000, 14.20569654897112244 ) ) ;
#3846 = AXIS2_PLACEMENT_3D ( 'NONE', #7023, #1167, #10102 ) ;
#3847 = ORIENTED_EDGE ( 'NONE', *, *, #7367, .F. ) ;
#3848 = ORIENTED_EDGE ( 'NONE', *, *, #6976, .T. ) ;
#3849 = DIRECTION ( 'NONE',  ( 0.000000000000000000, 0.000000000000000000, -1.000000000000000000 ) ) ;
#3850 = ORIENTED_EDGE ( 'NONE', *, *, #4253, .F. ) ;
#3851 = AXIS2_PLACEMENT_3D ( 'NONE', #10694, #12529, #4631 ) ;
#3852 = DIRECTION ( 'NONE',  ( 0.000000000000000000, 0.000000000000000000, -1.000000000000000000 ) ) ;
#3853 = ADVANCED_FACE ( 'NONE', ( #10202 ), #1276, .F. ) ;
#3854 = CIRCLE ( 'NONE', #6606, 34.50000000000000711 ) ;
#3855 = LINE ( 'NONE', #9830, #2040 ) ;
#3856 = DIRECTION ( 'NONE',  ( 1.000000000000000000, 0.000000000000000000, 0.000000000000000000 ) ) ;
#3857 = AXIS2_PLACEMENT_3D ( 'NONE', #7416, #10431, #8461 ) ;
#3858 = CARTESIAN_POINT ( 'NONE',  ( 0.000000000000000000, 114.0000000000000000, 6.499999999999992006 ) ) ;
#3859 = ORIENTED_EDGE ( 'NONE', *, *, #2174, .T. ) ;
#3860 = VERTEX_POINT ( 'NONE', #9282 ) ;
#3861 = CARTESIAN_POINT ( 'NONE',  ( -35.75089393306184604, 29.33956106112633222, 112.0000000000000000 ) ) ;
#3862 = CARTESIAN_POINT ( 'NONE',  ( 0.000000000000000000, 46.99999999999999289, -52.95891286372533813 ) ) ;
#3863 = ADVANCED_FACE ( 'NONE', ( #280 ), #10469, .T. ) ;
#3864 = ORIENTED_EDGE ( 'NONE', *, *, #2084, .F. ) ;
#3865 = LINE ( 'NONE', #11953, #4624 ) ;
#3866 = CARTESIAN_POINT ( 'NONE',  ( -51.50000000000000711, 6.301806461634237522, 39.30000000000005400 ) ) ;
#3867 = CIRCLE ( 'NONE', #936, 12.09807621135335154 ) ;
#3868 = CARTESIAN_POINT ( 'NONE',  ( 0.000000000000000000, 114.0000000000000000, 10.49999999999999467 ) ) ;
#3869 = DIRECTION ( 'NONE',  ( -1.000000000000000000, 0.000000000000000000, 0.000000000000000000 ) ) ;
#3870 = DIRECTION ( 'NONE',  ( -0.000000000000000000, -0.000000000000000000, 1.000000000000000000 ) ) ;
#3871 = CARTESIAN_POINT ( 'NONE',  ( -35.75089393306191710, -29.33956106112634998, 112.0000000000000000 ) ) ;
#3872 = FACE_OUTER_BOUND ( 'NONE', #639, .T. ) ;
#3873 = ADVANCED_FACE ( 'NONE', ( #7387 ), #3304, .T. ) ;
#3874 = ORIENTED_EDGE ( 'NONE', *, *, #692, .F. ) ;
#3875 = ORIENTED_EDGE ( 'NONE', *, *, #6498, .F. ) ;
#3876 = CARTESIAN_POINT ( 'NONE',  ( 28.87693130457876123, 39.12398950069061243, 112.0000000000000000 ) ) ;
#3877 = VERTEX_POINT ( 'NONE', #1345 ) ;
#3878 = ORIENTED_EDGE ( 'NONE', *, *, #5899, .T. ) ;
#3879 = FACE_OUTER_BOUND ( 'NONE', #7877, .T. ) ;
#3880 = CARTESIAN_POINT ( 'NONE',  ( 22.13999999999997215, 38.20000000000000995, 112.0000000000000000 ) ) ;
#3881 = DIRECTION ( 'NONE',  ( 1.000000000000000000, 0.000000000000000000, 0.000000000000000000 ) ) ;
#3882 = DIRECTION ( 'NONE',  ( 0.000000000000000000, 1.000000000000000000, 0.000000000000000000 ) ) ;
#3883 = CARTESIAN_POINT ( 'NONE',  ( -51.50000000000000711, 6.301806461634237522, 39.30000000000005400 ) ) ;
#3884 = ORIENTED_EDGE ( 'NONE', *, *, #483, .T. ) ;
#3885 = FACE_OUTER_BOUND ( 'NONE', #1183, .T. ) ;
#3886 = LINE ( 'NONE', #4877, #8600 ) ;
#3887 = ADVANCED_FACE ( 'NONE', ( #8434 ), #8300, .F. ) ;
#3888 = ORIENTED_EDGE ( 'NONE', *, *, #1605, .T. ) ;
#3889 = LINE ( 'NONE', #7119, #11767 ) ;
#3890 = VERTEX_POINT ( 'NONE', #11322 ) ;
#3891 = ORIENTED_EDGE ( 'NONE', *, *, #12690, .F. ) ;
#3892 = CARTESIAN_POINT ( 'NONE',  ( -42.42640687119281040, -38.17640687119281040, 10.00099999999999945 ) ) ;
#3893 = ADVANCED_FACE ( 'NONE', ( #10334 ), #3171, .T. ) ;
#3894 = AXIS2_PLACEMENT_3D ( 'NONE', #6690, #2531, #501 ) ;
#3895 = DIRECTION ( 'NONE',  ( 0.000000000000000000, 0.000000000000000000, -1.000000000000000000 ) ) ;
#3896 = EDGE_CURVE ( 'NONE', #2879, #412, #5436, .T. ) ;
#3897 = CARTESIAN_POINT ( 'NONE',  ( -52.00000000002091838, -291423.1000000000349, -67.00000000000000000 ) ) ;
#3898 = EDGE_CURVE ( 'NONE', #10525, #7984, #5009, .T. ) ;
#3899 = ORIENTED_EDGE ( 'NONE', *, *, #1235, .F. ) ;
#3900 = CARTESIAN_POINT ( 'NONE',  ( -7.000000000000000000, 8.572527594031473190E-16, -2.299999999999999822 ) ) ;
#3901 = LINE ( 'NONE', #10816, #1249 ) ;
#3902 = CIRCLE ( 'NONE', #1415, 26.00000000000001066 ) ;
#3903 = ORIENTED_EDGE ( 'NONE', *, *, #10716, .F. ) ;
#3904 = CARTESIAN_POINT ( 'NONE',  ( -47.00000000000000000, 5.755839955992560641E-15, 6.372309488248129483 ) ) ;
#3905 = EDGE_LOOP ( 'NONE', ( #10111, #9561 ) ) ;
#3906 = DIRECTION ( 'NONE',  ( 1.000000000000000000, 0.000000000000000000, 0.000000000000000000 ) ) ;
#3907 = ORIENTED_EDGE ( 'NONE', *, *, #10732, .T. ) ;
#3908 = VECTOR ( 'NONE', #11726, 1000.000000000000114 ) ;
#3909 = DIRECTION ( 'NONE',  ( 0.000000000000000000, 0.000000000000000000, -1.000000000000000000 ) ) ;
#3910 = CARTESIAN_POINT ( 'NONE',  ( 42.42640687119285303, 42.42640687119286724, 10.00099999999999945 ) ) ;
#3911 = CIRCLE ( 'NONE', #2658, 100.0000000000000000 ) ;
#3912 = DIRECTION ( 'NONE',  ( -1.156482317317871478E-16, -0.000000000000000000, 1.000000000000000000 ) ) ;
#3913 = EDGE_CURVE ( 'NONE', #3673, #5834, #3741, .T. ) ;
#3914 = AXIS2_PLACEMENT_3D ( 'NONE', #1001, #10862, #3882 ) ;
#3915 = CIRCLE ( 'NONE', #11056, 6.800000000000007816 ) ;
#3916 = EDGE_CURVE ( 'NONE', #1060, #7469, #4417, .T. ) ;
#3917 = DIRECTION ( 'NONE',  ( 1.000000000000000000, 0.000000000000000000, 0.000000000000000000 ) ) ;
#3918 = DIRECTION ( 'NONE',  ( 0.000000000000000000, 0.000000000000000000, -1.000000000000000000 ) ) ;
#3919 = CONICAL_SURFACE ( 'NONE', #11274, 12.50000000000000000, 0.5235987755982988157 ) ;
#3920 = EDGE_LOOP ( 'NONE', ( #4720, #4685, #1507 ) ) ;
#3921 = ORIENTED_EDGE ( 'NONE', *, *, #4957, .F. ) ;
#3922 = DIRECTION ( 'NONE',  ( 1.000000000000000000, 0.000000000000000000, 0.000000000000000000 ) ) ;
#3923 = LINE ( 'NONE', #909, #12985 ) ;
#3924 = CARTESIAN_POINT ( 'NONE',  ( 29.33956106112633577, 35.75089393306183894, 112.0000000000000000 ) ) ;
#3925 = ORIENTED_EDGE ( 'NONE', *, *, #12997, .F. ) ;
#3926 = AXIS2_PLACEMENT_3D ( 'NONE', #6051, #9064, #8075 ) ;
#3927 = CARTESIAN_POINT ( 'NONE',  ( 36.77000000000000313, -36.76999999999998181, 112.0000000000000000 ) ) ;
#3928 = CARTESIAN_POINT ( 'NONE',  ( 12.50000000000000000, 114.0000000000000000, 14.20569654897112244 ) ) ;
#3929 = ORIENTED_EDGE ( 'NONE', *, *, #5686, .T. ) ;
#3930 = CARTESIAN_POINT ( 'NONE',  ( 0.000000000000000000, 114.0000000000000000, -65.50000000000000000 ) ) ;
#3931 = EDGE_CURVE ( 'NONE', #4021, #9954, #4782, .T. ) ;
#3932 = FACE_OUTER_BOUND ( 'NONE', #7549, .T. ) ;
#3933 = AXIS2_PLACEMENT_3D ( 'NONE', #8258, #7622, #3856 ) ;
#3934 = EDGE_CURVE ( 'NONE', #11674, #625, #6896, .T. ) ;
#3935 = DIRECTION ( 'NONE',  ( 0.000000000000000000, 0.000000000000000000, -1.000000000000000000 ) ) ;
#3936 = DIRECTION ( 'NONE',  ( 0.000000000000000000, 0.000000000000000000, -1.000000000000000000 ) ) ;
#3937 = CARTESIAN_POINT ( 'NONE',  ( -28.28999999999998849, 73.14000000000000057, -69.99999999999998579 ) ) ;
#3938 = CARTESIAN_POINT ( 'NONE',  ( 34.50000000000000711, 114.0000000000000000, -44.90443948822942843 ) ) ;
#3939 = ORIENTED_EDGE ( 'NONE', *, *, #6276, .T. ) ;
#3940 = EDGE_CURVE ( 'NONE', #2854, #1305, #8628, .T. ) ;
#3941 = ORIENTED_EDGE ( 'NONE', *, *, #12022, .F. ) ;
#3942 = VECTOR ( 'NONE', #6117, 1000.000000000000114 ) ;
#3943 = CARTESIAN_POINT ( 'NONE',  ( 35.75089393306190999, 29.33956106112634643, 112.0000000000000000 ) ) ;
#3944 = VERTEX_POINT ( 'NONE', #12701 ) ;
#3945 = ORIENTED_EDGE ( 'NONE', *, *, #5324, .T. ) ;
#3946 = DIRECTION ( 'NONE',  ( -1.000000000000000000, 0.000000000000000000, 0.000000000000000000 ) ) ;
#3947 = ADVANCED_FACE ( 'NONE', ( #542 ), #1969, .F. ) ;
#3948 = CARTESIAN_POINT ( 'NONE',  ( 42.42640687119288856, -42.42640687119281750, 10.00099999999999945 ) ) ;
#3949 = ADVANCED_FACE ( 'NONE', ( #3633 ), #11950, .T. ) ;
#3950 = DIRECTION ( 'NONE',  ( 0.000000000000000000, 0.000000000000000000, 1.000000000000000000 ) ) ;
#3951 = CIRCLE ( 'NONE', #1248, 22.50000000000000000 ) ;
#3952 = VECTOR ( 'NONE', #3992, 1000.000000000000000 ) ;
#3953 = EDGE_LOOP ( 'NONE', ( #11862, #9281, #12675, #7526 ) ) ;
#3954 = LINE ( 'NONE', #1993, #4973 ) ;
#3955 = DIRECTION ( 'NONE',  ( 0.000000000000000000, 0.000000000000000000, -1.000000000000000000 ) ) ;
#3956 = EDGE_LOOP ( 'NONE', ( #7609, #10592, #5697, #4668 ) ) ;
#3957 = DIRECTION ( 'NONE',  ( 1.224646799147353207E-16, 1.000000000000000000, 0.000000000000000000 ) ) ;
#3958 = CARTESIAN_POINT ( 'NONE',  ( -51.50000000000001421, -13.14532928934595013, 55.54749221803537296 ) ) ;
#3959 = ORIENTED_EDGE ( 'NONE', *, *, #12075, .F. ) ;
#3960 = DIRECTION ( 'NONE',  ( 0.000000000000000000, 0.000000000000000000, -1.000000000000000000 ) ) ;
#3961 = CIRCLE ( 'NONE', #6279, 1.999999999999994893 ) ;
#3962 = ORIENTED_EDGE ( 'NONE', *, *, #22, .F. ) ;
#3963 = CIRCLE ( 'NONE', #6707, 1.000000000000000888 ) ;
#3964 = CARTESIAN_POINT ( 'NONE',  ( 48.92640687119283882, 42.42640687119283882, 19.59999999999999076 ) ) ;
#3965 = CARTESIAN_POINT ( 'NONE',  ( 38.19999999999997442, 22.14000000000005031, 112.0000000000000000 ) ) ;
#3966 = EDGE_CURVE ( 'NONE', #1587, #9877, #6485, .T. ) ;
#3967 = ORIENTED_EDGE ( 'NONE', *, *, #10744, .T. ) ;
#3968 = CIRCLE ( 'NONE', #5468, 13.07735026918962795 ) ;
#3969 = VECTOR ( 'NONE', #4740, 1000.000000000000114 ) ;
#3970 = CARTESIAN_POINT ( 'NONE',  ( -47.00000000000000000, 114.0000000000000000, -69.99999999999998579 ) ) ;
#3971 = DIRECTION ( 'NONE',  ( 0.000000000000000000, 1.000000000000000000, 0.000000000000000000 ) ) ;
#3972 = VERTEX_POINT ( 'NONE', #3565 ) ;
#3973 = ORIENTED_EDGE ( 'NONE', *, *, #3807, .F. ) ;
#3974 = CARTESIAN_POINT ( 'NONE',  ( -45.00000000000001421, 22.14000000000006452, 10.00000000000000000 ) ) ;
#3975 = VERTEX_POINT ( 'NONE', #12938 ) ;
#3976 = ADVANCED_FACE ( 'NONE', ( #9668 ), #12502, .T. ) ;
#3977 = CARTESIAN_POINT ( 'NONE',  ( 37.49999999999999289, 114.0000000000000000, -0.4999999999999900080 ) ) ;
#3978 = EDGE_CURVE ( 'NONE', #9006, #11525, #3539, .T. ) ;
#3979 = EDGE_LOOP ( 'NONE', ( #10285, #5049, #1770, #9328 ) ) ;
#3980 = EDGE_LOOP ( 'NONE', ( #3476, #3082 ) ) ;
#3981 = DIRECTION ( 'NONE',  ( 0.000000000000000000, 0.000000000000000000, -1.000000000000000000 ) ) ;
#3982 = CIRCLE ( 'NONE', #7142, 33.46499999999999631 ) ;
#3983 = CIRCLE ( 'NONE', #5685, 20.00000000000000355 ) ;
#3984 = FACE_OUTER_BOUND ( 'NONE', #10491, .T. ) ;
#3985 = FACE_OUTER_BOUND ( 'NONE', #9500, .T. ) ;
#3986 = ADVANCED_FACE ( 'NONE', ( #673 ), #11587, .T. ) ;
#3987 = DIRECTION ( 'NONE',  ( 0.000000000000000000, -0.000000000000000000, 1.000000000000000000 ) ) ;
#3988 = DIRECTION ( 'NONE',  ( -0.000000000000000000, -0.000000000000000000, 1.000000000000000000 ) ) ;
#3989 = ORIENTED_EDGE ( 'NONE', *, *, #3592, .T. ) ;
#3990 = CARTESIAN_POINT ( 'NONE',  ( 0.000000000000000000, 114.0000000000000000, 9.499999999999994671 ) ) ;
#3991 = CARTESIAN_POINT ( 'NONE',  ( -24.50000000000000000, 114.0000000000000000, -36.50000000000000711 ) ) ;
#3992 = DIRECTION ( 'NONE',  ( 0.000000000000000000, 0.000000000000000000, 1.000000000000000000 ) ) ;
#3993 = CARTESIAN_POINT ( 'NONE',  ( 0.000000000000000000, 114.0000000000000000, -35.50000000000000711 ) ) ;
#3994 = EDGE_CURVE ( 'NONE', #1697, #7813, #7512, .T. ) ;
#3995 = ADVANCED_FACE ( 'NONE', ( #11523 ), #6603, .F. ) ;
#3996 = CARTESIAN_POINT ( 'NONE',  ( 52.00000000000002132, 42.50000000000002132, 10.00000000000000000 ) ) ;
#3997 = ORIENTED_EDGE ( 'NONE', *, *, #5276, .F. ) ;
#3998 = CARTESIAN_POINT ( 'NONE',  ( 0.000000000000000000, 114.0000000000000000, 14.20569654897112244 ) ) ;
#3999 = CIRCLE ( 'NONE', #11980, 4.499999999999998224 ) ;
#4000 = DIRECTION ( 'NONE',  ( 0.000000000000000000, 0.000000000000000000, -1.000000000000000000 ) ) ;
#4001 = DIRECTION ( 'NONE',  ( 0.000000000000000000, 1.000000000000000000, 0.000000000000000000 ) ) ;
#4002 = ORIENTED_EDGE ( 'NONE', *, *, #1536, .F. ) ;
#4003 = CARTESIAN_POINT ( 'NONE',  ( -42.42640687119281750, 42.42640687119286014, 10.00099999999999945 ) ) ;
#4004 = FACE_OUTER_BOUND ( 'NONE', #234, .T. ) ;
#4005 = DIRECTION ( 'NONE',  ( 0.4999999999999958367, 6.123233995736715499E-17, -0.8660254037844410391 ) ) ;
#4006 = EDGE_CURVE ( 'NONE', #237, #640, #12563, .T. ) ;
#4007 = VECTOR ( 'NONE', #70, 1000.000000000000000 ) ;
#4009 = ORIENTED_EDGE ( 'NONE', *, *, #11636, .F. ) ;
#4008 = CIRCLE ( 'NONE', #7587, 4.250000000000003553 ) ;
#4010 = CARTESIAN_POINT ( 'NONE',  ( 13.07735026918962795, 114.0000000000000000, -79.00000000000001421 ) ) ;
#4011 = EDGE_CURVE ( 'NONE', #2341, #1933, #2634, .T. ) ;
#4012 = ORIENTED_EDGE ( 'NONE', *, *, #5729, .F. ) ;
#4013 = ORIENTED_EDGE ( 'NONE', *, *, #7933, .T. ) ;
#4014 = DIRECTION ( 'NONE',  ( -0.000000000000000000, -0.000000000000000000, 1.000000000000000000 ) ) ;
#4015 = CARTESIAN_POINT ( 'NONE',  ( -41.50000000000000000, -4.999999999999983125, 40.13333333333329733 ) ) ;
#4016 = DIRECTION ( 'NONE',  ( 0.000000000000000000, 0.000000000000000000, 1.000000000000000000 ) ) ;
#4017 = CONICAL_SURFACE ( 'NONE', #6965, 22.50000000000000000, 0.5235987755983080305 ) ;
#4018 = AXIS2_PLACEMENT_3D ( 'NONE', #3661, #1700, #5713 ) ;
#4019 = LINE ( 'NONE', #5011, #4130 ) ;
#4020 = DIRECTION ( 'NONE',  ( -0.1358808089250767570, -0.9907251918498221066, 0.000000000000000000 ) ) ;
#4021 = VERTEX_POINT ( 'NONE', #7710 ) ;
#4022 = DIRECTION ( 'NONE',  ( -0.000000000000000000, -0.000000000000000000, 1.000000000000000000 ) ) ;
#4023 = CARTESIAN_POINT ( 'NONE',  ( -39.12398950069061954, 28.87693130457876123, 112.0000000000000000 ) ) ;
#4024 = EDGE_CURVE ( 'NONE', #2671, #7037, #5681, .T. ) ;
#4025 = ORIENTED_EDGE ( 'NONE', *, *, #386, .T. ) ;
#4026 = CARTESIAN_POINT ( 'NONE',  ( 38.19999999999997442, 22.14000000000005031, 10.00000000000000000 ) ) ;
#4027 = AXIS2_PLACEMENT_3D ( 'NONE', #1369, #1558, #9428 ) ;
#4028 = VECTOR ( 'NONE', #11702, 1000.000000000000000 ) ;
#4029 = EDGE_LOOP ( 'NONE', ( #2046, #11599, #9670, #7357 ) ) ;
#4030 = AXIS2_PLACEMENT_3D ( 'NONE', #12206, #2279, #8007 ) ;
#4031 = EDGE_CURVE ( 'NONE', #2195, #5246, #11884, .T. ) ;
#4032 = CARTESIAN_POINT ( 'NONE',  ( -45.50000000000012079, -12.27851844886866139, 63.27892172405611149 ) ) ;
#4033 = CARTESIAN_POINT ( 'NONE',  ( -13.07735026918962795, 114.0000000000000000, -79.00000000000001421 ) ) ;
#4034 = EDGE_LOOP ( 'NONE', ( #7129, #3118, #6138, #4545 ) ) ;
#4035 = ORIENTED_EDGE ( 'NONE', *, *, #8039, .T. ) ;
#4036 = AXIS2_PLACEMENT_3D ( 'NONE', #9898, #12736, #3727 ) ;
#4037 = CARTESIAN_POINT ( 'NONE',  ( -22.14000000000007518, -45.00000000000002132, 112.0000000000000000 ) ) ;
#4038 = CARTESIAN_POINT ( 'NONE',  ( -42.42640687119306619, -42.42640687119262566, -1.102182119232617788E-16 ) ) ;
#4039 = VERTEX_POINT ( 'NONE', #1901 ) ;
#4040 = CARTESIAN_POINT ( 'NONE',  ( 42.42640687119283882, 42.42640687119283882, 9.999999999999992895 ) ) ;
#4041 = EDGE_CURVE ( 'NONE', #2649, #5463, #1538, .T. ) ;
#4042 = CARTESIAN_POINT ( 'NONE',  ( -52.00000000000005684, 165.9999999999999432, -48.80000000000001137 ) ) ;
#4043 = CIRCLE ( 'NONE', #11398, 1.249999999999987121 ) ;
#4044 = ORIENTED_EDGE ( 'NONE', *, *, #11293, .T. ) ;
#4045 = DIRECTION ( 'NONE',  ( -0.1358808089250767570, -0.9907251918498221066, 0.000000000000000000 ) ) ;
#4046 = CARTESIAN_POINT ( 'NONE',  ( -45.50000000000000711, 0.000000000000000000, 58.79999999999997584 ) ) ;
#4047 = AXIS2_PLACEMENT_3D ( 'NONE', #1147, #10076, #9097 ) ;
#4048 = ORIENTED_EDGE ( 'NONE', *, *, #3441, .T. ) ;
#4049 = DIRECTION ( 'NONE',  ( 1.000000000000000000, 0.000000000000000000, 0.000000000000000000 ) ) ;
#4050 = LINE ( 'NONE', #5603, #2659 ) ;
#4051 = FACE_OUTER_BOUND ( 'NONE', #10418, .T. ) ;
#4052 = VECTOR ( 'NONE', #11355, 1000.000000000000000 ) ;
#4053 = DIRECTION ( 'NONE',  ( 1.000000000000000000, 0.000000000000000000, 0.000000000000000000 ) ) ;
#4054 = ORIENTED_EDGE ( 'NONE', *, *, #1904, .T. ) ;
#4055 = VECTOR ( 'NONE', #2123, 1000.000000000000000 ) ;
#4056 = PLANE ( 'NONE',  #7834 ) ;
#4057 = DIRECTION ( 'NONE',  ( 1.000000000000000000, 1.334402673828310381E-16, 0.000000000000000000 ) ) ;
#4058 = CARTESIAN_POINT ( 'NONE',  ( -45.50000000000007105, 61.99999999999998579, 11.50000000000001066 ) ) ;
#4059 = DIRECTION ( 'NONE',  ( -0.9907251918498203302, -0.1358808089250893303, 0.000000000000000000 ) ) ;
#4060 = ADVANCED_FACE ( 'NONE', ( #47 ), #172, .T. ) ;
#4061 = CARTESIAN_POINT ( 'NONE',  ( -52.00000000000005684, 165.9999999999999716, -72.00000000000001421 ) ) ;
#4062 = VERTEX_POINT ( 'NONE', #4058 ) ;
#4063 = LINE ( 'NONE', #6171, #481 ) ;
#4064 = AXIS2_PLACEMENT_3D ( 'NONE', #1239, #2404, #10296 ) ;
#4065 = CARTESIAN_POINT ( 'NONE',  ( 0.000000000000000000, 6.019999999999993356, -25.00000000000000000 ) ) ;
#4066 = EDGE_CURVE ( 'NONE', #10140, #11936, #5178, .T. ) ;
#4067 = CARTESIAN_POINT ( 'NONE',  ( 45.00000000000000000, 45.00000000000000000, 112.0000000000000000 ) ) ;
#4068 = ORIENTED_EDGE ( 'NONE', *, *, #7148, .F. ) ;
#4069 = DIRECTION ( 'NONE',  ( -0.9907251918498203302, -0.1358808089250893303, 0.000000000000000000 ) ) ;
#4070 = CYLINDRICAL_SURFACE ( 'NONE', #4161, 5.000000000000000000 ) ;
#4071 = ORIENTED_EDGE ( 'NONE', *, *, #11851, .T. ) ;
#4072 = DIRECTION ( 'NONE',  ( 1.000000000000000000, 0.000000000000000000, 0.000000000000000000 ) ) ;
#4073 = ORIENTED_EDGE ( 'NONE', *, *, #1674, .F. ) ;
#4074 = EDGE_LOOP ( 'NONE', ( #3368, #12163, #7164, #5350 ) ) ;
#4075 = DIRECTION ( 'NONE',  ( 0.000000000000000000, -1.000000000000000000, 0.000000000000000000 ) ) ;
#4076 = DIRECTION ( 'NONE',  ( -0.000000000000000000, -0.000000000000000000, 1.000000000000000000 ) ) ;
#4077 = LINE ( 'NONE', #205, #8965 ) ;
#4078 = EDGE_CURVE ( 'NONE', #412, #2879, #7747, .T. ) ;
#4079 = FACE_OUTER_BOUND ( 'NONE', #4530, .T. ) ;
#4080 = DIRECTION ( 'NONE',  ( 1.000000000000000000, 0.000000000000000000, 0.000000000000000000 ) ) ;
#4081 = ORIENTED_EDGE ( 'NONE', *, *, #5805, .T. ) ;
#4082 = CARTESIAN_POINT ( 'NONE',  ( 36.77000000000000313, -36.76999999999998181, 10.00000000000000000 ) ) ;
#4083 = DIRECTION ( 'NONE',  ( -0.000000000000000000, -0.000000000000000000, 1.000000000000000000 ) ) ;
#4084 = ORIENTED_EDGE ( 'NONE', *, *, #1717, .T. ) ;
#4085 = CARTESIAN_POINT ( 'NONE',  ( 0.000000000000000000, 114.0000000000000000, -16.50000000000000355 ) ) ;
#4086 = VERTEX_POINT ( 'NONE', #6104 ) ;
#4087 = ORIENTED_EDGE ( 'NONE', *, *, #7414, .T. ) ;
#4088 = DIRECTION ( 'NONE',  ( 1.000000000000000000, 0.000000000000000000, 0.000000000000000000 ) ) ;
#4089 = DIRECTION ( 'NONE',  ( 0.000000000000000000, 0.000000000000000000, -1.000000000000000000 ) ) ;
#4090 = VERTEX_POINT ( 'NONE', #11161 ) ;
#4091 = EDGE_CURVE ( 'NONE', #4355, #605, #8580, .T. ) ;
#4092 = VERTEX_POINT ( 'NONE', #8069 ) ;
#4093 = CARTESIAN_POINT ( 'NONE',  ( -22.14000000000007518, -45.00000000000002132, 10.00000000000000000 ) ) ;
#4094 = ADVANCED_FACE ( 'NONE', ( #3205 ), #10301, .F. ) ;
#4095 = CARTESIAN_POINT ( 'NONE',  ( 25.79000000000000625, 154.8599999999999852, -69.99999999999998579 ) ) ;
#4096 = CARTESIAN_POINT ( 'NONE',  ( 0.000000000000000000, 114.0000000000000000, -53.76762496022975313 ) ) ;
#4097 = B_SPLINE_CURVE_WITH_KNOTS ( 'NONE', 3,
 ( #7586, #417, #1354, #1418, #8504, #11594, #3639, #4423, #616, #9417, #5625, #7396, #10546, #5425, #2515, #4554, #2641, #7656, #8442, #4358, #1543 ),
 .UNSPECIFIED., .F., .F.,
 ( 4, 1, 1, 1, 1, 1, 1, 1, 1, 1, 1, 1, 1, 1, 1, 1, 1, 1, 4 ),
 ( 0.000000000000000000, 0.06249999991339234839, 0.1249999999258017969, 0.1874999999382112592, 0.2187499999444162402, 0.2499999999506206938, 0.3124999999630305170, 0.3749999999754399793, 0.4374999999878497747, 0.5000000000002592371, 0.5625000000126688660, 0.6250000000250782728, 0.6875000000374879017, 0.7500000000498975306, 0.7812500000561023450, 0.8125000000623072705, 0.8750000000747166773, 0.9375000000871263062, 1.000000000000000000 ),
 .UNSPECIFIED. ) ;
#4098 = ORIENTED_EDGE ( 'NONE', *, *, #2643, .F. ) ;
#4099 = CARTESIAN_POINT ( 'NONE',  ( 34.50000000000000711, 114.0000000000000000, -63.50000000000000000 ) ) ;
#4100 = EDGE_CURVE ( 'NONE', #3185, #8614, #11094, .T. ) ;
#4101 = LINE ( 'NONE', #8117, #1525 ) ;
#4102 = VECTOR ( 'NONE', #11218, 1000.000000000000000 ) ;
#4103 = ORIENTED_EDGE ( 'NONE', *, *, #9736, .T. ) ;
#4104 = DIRECTION ( 'NONE',  ( 0.000000000000000000, 0.000000000000000000, 1.000000000000000000 ) ) ;
#4105 = CARTESIAN_POINT ( 'NONE',  ( -45.82640687119306477, -42.42640687119262566, -18.00000000000000355 ) ) ;
#4106 = CARTESIAN_POINT ( 'NONE',  ( -59.00000000000001421, 11.01017621455065942, 50.88369923439373110 ) ) ;
#4107 = ADVANCED_FACE ( 'NONE', ( #12084 ), #11289, .F. ) ;
#4108 = EDGE_CURVE ( 'NONE', #12459, #11676, #5117, .T. ) ;
#4109 = EDGE_CURVE ( 'NONE', #5314, #6012, #11306, .T. ) ;
#4110 = AXIS2_PLACEMENT_3D ( 'NONE', #11481, #3397, #12466 ) ;
#4111 = DIRECTION ( 'NONE',  ( -0.000000000000000000, -0.000000000000000000, -1.000000000000000000 ) ) ;
#4112 = EDGE_LOOP ( 'NONE', ( #8390, #3809, #9616, #5996 ) ) ;
#4113 = CARTESIAN_POINT ( 'NONE',  ( -51.99999999999998579, 52.00000000000000711, 0.000000000000000000 ) ) ;
#4114 = CIRCLE ( 'NONE', #4718, 1.249999999999997558 ) ;
#4115 = CARTESIAN_POINT ( 'NONE',  ( 0.000000000000000000, 0.000000000000000000, -2.000000000000001776 ) ) ;
#4116 = CARTESIAN_POINT ( 'NONE',  ( -45.50000000000006395, 159.4999999999999716, -72.00000000000001421 ) ) ;
#4117 = DIRECTION ( 'NONE',  ( 1.000000000000000000, 6.672013369141566696E-17, -0.000000000000000000 ) ) ;
#4118 = DIRECTION ( 'NONE',  ( 0.000000000000000000, 0.000000000000000000, -1.000000000000000000 ) ) ;
#4119 = AXIS2_PLACEMENT_3D ( 'NONE', #2446, #1608, #6474 ) ;
#4120 = CIRCLE ( 'NONE', #11485, 13.07735026918962795 ) ;
#4121 = CARTESIAN_POINT ( 'NONE',  ( -42.42640687119306619, 42.42640687119262566, 0.000000000000000000 ) ) ;
#4122 = CIRCLE ( 'NONE', #11890, 4.250000000000003553 ) ;
#4123 = DIRECTION ( 'NONE',  ( -1.000000000000000000, 0.000000000000000000, 0.000000000000000000 ) ) ;
#4124 = FACE_OUTER_BOUND ( 'NONE', #6738, .T. ) ;
#4125 = ORIENTED_EDGE ( 'NONE', *, *, #1102, .T. ) ;
#4126 = EDGE_CURVE ( 'NONE', #9621, #1212, #5089, .T. ) ;
#4127 = ORIENTED_EDGE ( 'NONE', *, *, #1992, .F. ) ;
#4128 = AXIS2_PLACEMENT_3D ( 'NONE', #3232, #8092, #12104 ) ;
#4129 = CARTESIAN_POINT ( 'NONE',  ( -36.50000000000000711, 114.0000000000000000, -1.500000000000011768 ) ) ;
#4130 = VECTOR ( 'NONE', #1737, 1000.000000000000000 ) ;
#4131 = AXIS2_PLACEMENT_3D ( 'NONE', #10164, #12330, #1304 ) ;
#4132 = DIRECTION ( 'NONE',  ( 1.000000000000000000, 0.000000000000000000, 0.000000000000000000 ) ) ;
#4133 = ORIENTED_EDGE ( 'NONE', *, *, #10453, .T. ) ;
#4134 = CARTESIAN_POINT ( 'NONE',  ( 22.13999999999997215, 38.20000000000000995, 19.60000000000000497 ) ) ;
#4135 = VERTEX_POINT ( 'NONE', #11031 ) ;
#4136 = EDGE_LOOP ( 'NONE', ( #4157, #11933, #3878, #1956 ) ) ;
#4137 = FACE_BOUND ( 'NONE', #12712, .T. ) ;
#4138 = AXIS2_PLACEMENT_3D ( 'NONE', #3080, #10115, #9188 ) ;
#4139 = CYLINDRICAL_SURFACE ( 'NONE', #2237, 22.50000000000000000 ) ;
#4140 = DIRECTION ( 'NONE',  ( 1.000000000000000000, 0.000000000000000000, 0.000000000000000000 ) ) ;
#4141 = DIRECTION ( 'NONE',  ( 0.8571673007021114454, 0.000000000000000000, 0.5150380749100555988 ) ) ;
#4142 = CARTESIAN_POINT ( 'NONE',  ( 26.17625000000000313, 114.0000000000000000, -8.500000000000003553 ) ) ;
#4143 = ORIENTED_EDGE ( 'NONE', *, *, #8615, .T. ) ;
#4144 = DIRECTION ( 'NONE',  ( -0.000000000000000000, -0.000000000000000000, -1.000000000000000000 ) ) ;
#4145 = CARTESIAN_POINT ( 'NONE',  ( -45.49999999999998579, -8.540273170678178261, 68.75831212841542595 ) ) ;
#4146 = ORIENTED_EDGE ( 'NONE', *, *, #12177, .T. ) ;
#4147 = FACE_OUTER_BOUND ( 'NONE', #4369, .T. ) ;
#4148 = ORIENTED_EDGE ( 'NONE', *, *, #10599, .T. ) ;
#4149 = ADVANCED_FACE ( 'NONE', ( #12144 ), #5052, .T. ) ;
#4150 = ADVANCED_FACE ( 'NONE', ( #8997 ), #8200, .T. ) ;
#4151 = ORIENTED_EDGE ( 'NONE', *, *, #7769, .T. ) ;
#4152 = AXIS2_PLACEMENT_3D ( 'NONE', #10984, #12762, #3808 ) ;
#4153 = CYLINDRICAL_SURFACE ( 'NONE', #6381, 6.499999999999999112 ) ;
#4154 = AXIS2_PLACEMENT_3D ( 'NONE', #2939, #5614, #4546 ) ;
#4155 = EDGE_LOOP ( 'NONE', ( #11611, #11434, #8550, #11679 ) ) ;
#4156 = CYLINDRICAL_SURFACE ( 'NONE', #3708, 20.00000000000000355 ) ;
#4157 = ORIENTED_EDGE ( 'NONE', *, *, #12660, .F. ) ;
#4158 = FACE_OUTER_BOUND ( 'NONE', #2425, .T. ) ;
#4159 = FACE_OUTER_BOUND ( 'NONE', #5679, .T. ) ;
#4160 = ORIENTED_EDGE ( 'NONE', *, *, #6372, .T. ) ;
#4161 = AXIS2_PLACEMENT_3D ( 'NONE', #8082, #3087, #7101 ) ;
#4162 = DIRECTION ( 'NONE',  ( 1.000000000000000000, 0.000000000000000000, 0.000000000000000000 ) ) ;
#4163 = CIRCLE ( 'NONE', #11528, 6.499999999999999112 ) ;
#4164 = AXIS2_PLACEMENT_3D ( 'NONE', #1073, #1934, #8096 ) ;
#4165 = EDGE_LOOP ( 'NONE', ( #2563, #7218, #544, #2600 ) ) ;
#4166 = EDGE_LOOP ( 'NONE', ( #9379, #4727, #7338, #7397 ) ) ;
#4167 = ADVANCED_FACE ( 'NONE', ( #3141 ), #4254, .F. ) ;
#4168 = DIRECTION ( 'NONE',  ( -0.000000000000000000, -0.000000000000000000, 1.000000000000000000 ) ) ;
#4169 = ORIENTED_EDGE ( 'NONE', *, *, #11385, .F. ) ;
#4170 = TOROIDAL_SURFACE ( 'NONE', #5452, 36.50000000000000711, 0.9999999999999887867 ) ;
#4171 = EDGE_CURVE ( 'NONE', #2764, #8218, #11384, .T. ) ;
#4172 = ORIENTED_EDGE ( 'NONE', *, *, #6337, .T. ) ;
#4173 = LINE ( 'NONE', #1161, #3803 ) ;
#4174 = DIRECTION ( 'NONE',  ( -1.000000000000000000, -2.001604010742469762E-16, 0.000000000000000000 ) ) ;
#4175 = VERTEX_POINT ( 'NONE', #12274 ) ;
#4176 = FACE_OUTER_BOUND ( 'NONE', #3980, .T. ) ;
#4177 = DIRECTION ( 'NONE',  ( 1.000000000000000000, 0.000000000000000000, 0.000000000000000000 ) ) ;
#4178 = CIRCLE ( 'NONE', #1878, 4.499999999999998224 ) ;
#4179 = CARTESIAN_POINT ( 'NONE',  ( -42.42640687119284593, -42.42640687119285303, 9.999999999999992895 ) ) ;
#4180 = DIRECTION ( 'NONE',  ( -1.000000000000000000, 0.000000000000000000, 0.000000000000000000 ) ) ;
#4181 = EDGE_LOOP ( 'NONE', ( #12909, #1229, #461, #7107 ) ) ;
#4182 = FACE_OUTER_BOUND ( 'NONE', #5732, .T. ) ;
#4183 = VERTEX_POINT ( 'NONE', #10039 ) ;
#4184 = FACE_OUTER_BOUND ( 'NONE', #9759, .T. ) ;
#4185 = VECTOR ( 'NONE', #12560, 1000.000000000000000 ) ;
#4186 = DIRECTION ( 'NONE',  ( 0.000000000000000000, -0.000000000000000000, -1.000000000000000000 ) ) ;
#4187 = CIRCLE ( 'NONE', #202, 33.46499999999999631 ) ;
#4188 = DIRECTION ( 'NONE',  ( 1.000000000000000000, 0.000000000000000000, 0.000000000000000000 ) ) ;
#4189 = EDGE_CURVE ( 'NONE', #5002, #9006, #1039, .T. ) ;
#4190 = DIRECTION ( 'NONE',  ( 1.000000000000000000, 0.000000000000000000, 0.000000000000000000 ) ) ;
#4191 = VERTEX_POINT ( 'NONE', #445 ) ;
#4192 = DIRECTION ( 'NONE',  ( 1.000000000000000000, 0.000000000000000000, 0.000000000000000000 ) ) ;
#4193 = CIRCLE ( 'NONE', #1267, 20.00000000000000000 ) ;
#4194 = CARTESIAN_POINT ( 'NONE',  ( 0.000000000000000000, 114.0000000000000000, -69.99999999999998579 ) ) ;
#4195 = CIRCLE ( 'NONE', #12172, 19.90000000000000213 ) ;
#4196 = DIRECTION ( 'NONE',  ( -0.000000000000000000, 0.000000000000000000, -1.000000000000000000 ) ) ;
#4197 = ORIENTED_EDGE ( 'NONE', *, *, #6197, .T. ) ;
#4198 = ORIENTED_EDGE ( 'NONE', *, *, #9632, .F. ) ;
#4199 = LINE ( 'NONE', #11567, #10824 ) ;
#4200 = FACE_OUTER_BOUND ( 'NONE', #7450, .T. ) ;
#4201 = CIRCLE ( 'NONE', #3157, 7.499999999999985789 ) ;
#4202 = ORIENTED_EDGE ( 'NONE', *, *, #8006, .T. ) ;
#4203 = CARTESIAN_POINT ( 'NONE',  ( 0.000000000000000000, 114.0000000000000000, -65.50000000000000000 ) ) ;
#4204 = ORIENTED_EDGE ( 'NONE', *, *, #9072, .T. ) ;
#4205 = VERTEX_POINT ( 'NONE', #10438 ) ;
#4206 = VECTOR ( 'NONE', #2280, 1000.000000000000114 ) ;
#4207 = DIRECTION ( 'NONE',  ( 0.000000000000000000, -1.000000000000000000, 0.000000000000000000 ) ) ;
#4208 = DIRECTION ( 'NONE',  ( -0.000000000000000000, -1.501203008056852691E-16, 1.000000000000000000 ) ) ;
#4209 = DIRECTION ( 'NONE',  ( 0.000000000000000000, 0.000000000000000000, -1.000000000000000000 ) ) ;
#4210 = DIRECTION ( 'NONE',  ( 0.1358808089250893303, -0.9907251918498203302, 0.000000000000000000 ) ) ;
#4211 = CARTESIAN_POINT ( 'NONE',  ( -57.49999999999988631, -8.608685188049248538, 68.83342550644628943 ) ) ;
#4212 = AXIS2_PLACEMENT_3D ( 'NONE', #10280, #10361, #3326 ) ;
#4213 = CARTESIAN_POINT ( 'NONE',  ( 52.00000000002091838, -45.50000000000409273, -67.00000000000000000 ) ) ;
#4214 = EDGE_LOOP ( 'NONE', ( #5476, #8111, #10937, #3310 ) ) ;
#4215 = DIRECTION ( 'NONE',  ( 0.9907251918498221066, -0.1358808089250767570, 0.000000000000000000 ) ) ;
#4216 = CARTESIAN_POINT ( 'NONE',  ( -51.50000000000002842, -3.195323443268000663, 72.04676867896040449 ) ) ;
#4217 = ORIENTED_EDGE ( 'NONE', *, *, #1063, .T. ) ;
#4218 = CARTESIAN_POINT ( 'NONE',  ( -51.50000000000001421, -5.867870974422789487, 39.29999999999998295 ) ) ;
#4219 = ORIENTED_EDGE ( 'NONE', *, *, #2779, .T. ) ;
#4220 = EDGE_CURVE ( 'NONE', #10484, #6934, #10376, .T. ) ;
#4221 = ADVANCED_FACE ( 'NONE', ( #6369 ), #9441, .F. ) ;
#4222 = AXIS2_PLACEMENT_3D ( 'NONE', #7241, #7981, #8968 ) ;
#4223 = DIRECTION ( 'NONE',  ( 0.000000000000000000, 0.000000000000000000, -1.000000000000000000 ) ) ;
#4224 = ORIENTED_EDGE ( 'NONE', *, *, #7162, .T. ) ;
#4225 = CARTESIAN_POINT ( 'NONE',  ( -4.000000000000000888, 126.2483176690734581, -78.66645194914647732 ) ) ;
#4226 = ORIENTED_EDGE ( 'NONE', *, *, #8730, .T. ) ;
#4227 = ADVANCED_FACE ( 'NONE', ( #9377 ), #12537, .F. ) ;
#4228 = CARTESIAN_POINT ( 'NONE',  ( -4.000000000000000888, 125.8427192823270104, -64.00000000000000000 ) ) ;
#4229 = EDGE_CURVE ( 'NONE', #2511, #3435, #6139, .T. ) ;
#4230 = ADVANCED_FACE ( 'NONE', ( #6433 ), #8334, .T. ) ;
#4231 = CARTESIAN_POINT ( 'NONE',  ( 0.000000000000000000, 114.0000000000000000, -57.50000000000000000 ) ) ;
#4232 = ORIENTED_EDGE ( 'NONE', *, *, #1976, .T. ) ;
#4233 = VECTOR ( 'NONE', #4734, 1000.000000000000227 ) ;
#4234 = AXIS2_PLACEMENT_3D ( 'NONE', #12294, #2367, #6323 ) ;
#4235 = ORIENTED_EDGE ( 'NONE', *, *, #6663, .F. ) ;
#4236 = CARTESIAN_POINT ( 'NONE',  ( 42.42640687119306619, 42.42640687119262566, -18.00000000000000355 ) ) ;
#4237 = AXIS2_PLACEMENT_3D ( 'NONE', #7865, #2666, #10820 ) ;
#4238 = ORIENTED_EDGE ( 'NONE', *, *, #5366, .F. ) ;
#4239 = LINE ( 'NONE', #6090, #3806 ) ;
#4240 = CARTESIAN_POINT ( 'NONE',  ( 0.000000000000000000, 114.0000000000000000, 8.500000000000010658 ) ) ;
#4241 = LINE ( 'NONE', #1029, #10575 ) ;
#4242 = CIRCLE ( 'NONE', #7187, 20.00000000000000355 ) ;
#4243 = LINE ( 'NONE', #3328, #2455 ) ;
#4244 = ORIENTED_EDGE ( 'NONE', *, *, #229, .T. ) ;
#4245 = EDGE_CURVE ( 'NONE', #8418, #5934, #7612, .T. ) ;
#4246 = EDGE_CURVE ( 'NONE', #10565, #11125, #10121, .T. ) ;
#4247 = CARTESIAN_POINT ( 'NONE',  ( 27.04000000000000270, 73.14000000000001478, 6.499999999999996447 ) ) ;
#4248 = EDGE_CURVE ( 'NONE', #2361, #6507, #8468, .T. ) ;
#4249 = FACE_OUTER_BOUND ( 'NONE', #9572, .T. ) ;
#4250 = CARTESIAN_POINT ( 'NONE',  ( 38.17640687119307330, 71.57359312880737434, -72.00000000000001421 ) ) ;
#4251 = ORIENTED_EDGE ( 'NONE', *, *, #11805, .T. ) ;
#4252 = CARTESIAN_POINT ( 'NONE',  ( -52.00000000000008527, -52.00000000000000000, -313.5367466867102166 ) ) ;
#4253 = EDGE_CURVE ( 'NONE', #12425, #4711, #3335, .T. ) ;
#4254 = CYLINDRICAL_SURFACE ( 'NONE', #8651, 1.249999999999997558 ) ;
#4255 = AXIS2_PLACEMENT_3D ( 'NONE', #3413, #7426, #6511 ) ;
#4256 = LINE ( 'NONE', #11290, #4206 ) ;
#4257 = PLANE ( 'NONE',  #7623 ) ;
#4258 = CARTESIAN_POINT ( 'NONE',  ( -22.13999999999997925, -38.20000000000001705, 112.0000000000000000 ) ) ;
#4259 = CIRCLE ( 'NONE', #8880, 4.499999999999997335 ) ;
#4260 = ORIENTED_EDGE ( 'NONE', *, *, #6792, .T. ) ;
#4261 = CIRCLE ( 'NONE', #11615, 24.50000000000000000 ) ;
#4262 = FACE_BOUND ( 'NONE', #5537, .T. ) ;
#4263 = AXIS2_PLACEMENT_3D ( 'NONE', #11347, #12328, #5108 ) ;
#4264 = CARTESIAN_POINT ( 'NONE',  ( -22.39999999999999858, 114.0000000000000000, 14.20569654897112244 ) ) ;
#4265 = EDGE_CURVE ( 'NONE', #6486, #11691, #7403, .T. ) ;
#4266 = VERTEX_POINT ( 'NONE', #11554 ) ;
#4267 = ORIENTED_EDGE ( 'NONE', *, *, #12346, .T. ) ;
#4268 = CARTESIAN_POINT ( 'NONE',  ( 0.000000000000000000, 0.000000000000000000, -25.00000000000000000 ) ) ;
#4269 = LINE ( 'NONE', #11302, #3324 ) ;
#4270 = ADVANCED_FACE ( 'NONE', ( #5321 ), #6504, .T. ) ;
#4271 = CIRCLE ( 'NONE', #1125, 9.500000000000001776 ) ;
#4272 = EDGE_LOOP ( 'NONE', ( #9879, #3859, #10201, #5400 ) ) ;
#4273 = CARTESIAN_POINT ( 'NONE',  ( 0.000000000000000000, 114.0000000000000000, 8.499999999999994671 ) ) ;
#4274 = EDGE_LOOP ( 'NONE', ( #1766, #3235, #6849, #7895 ) ) ;
#4275 = ORIENTED_EDGE ( 'NONE', *, *, #1051, .T. ) ;
#4276 = VECTOR ( 'NONE', #11671, 1000.000000000000114 ) ;
#4277 = DIRECTION ( 'NONE',  ( 0.9907251918498203302, 0.1358808089250893303, 0.000000000000000000 ) ) ;
#4278 = CARTESIAN_POINT ( 'NONE',  ( 36.50000000000000711, 114.0000000000000000, -64.50000000000000000 ) ) ;
#4279 = CIRCLE ( 'NONE', #2228, 33.46499999999999631 ) ;
#4280 = DIRECTION ( 'NONE',  ( -0.000000000000000000, -0.000000000000000000, 1.000000000000000000 ) ) ;
#4281 = AXIS2_PLACEMENT_3D ( 'NONE', #9638, #643, #4640 ) ;
#4282 = CARTESIAN_POINT ( 'NONE',  ( 28.87693130457876123, 39.12398950069061243, 112.0000000000000000 ) ) ;
#4283 = ADVANCED_FACE ( 'NONE', ( #7484 ), #7420, .F. ) ;
#4284 = CARTESIAN_POINT ( 'NONE',  ( 0.000000000000000000, 114.0000000000000000, -44.90443948822942843 ) ) ;
#4285 = LINE ( 'NONE', #3367, #1879 ) ;
#4286 = ORIENTED_EDGE ( 'NONE', *, *, #3966, .F. ) ;
#4287 = DIRECTION ( 'NONE',  ( -0.000000000000000000, -0.000000000000000000, -1.000000000000000000 ) ) ;
#4288 = CARTESIAN_POINT ( 'NONE',  ( -51.49999999999987210, 12.75761020543048652, 63.43552400136132263 ) ) ;
#4289 = ORIENTED_EDGE ( 'NONE', *, *, #6096, .F. ) ;
#4290 = DIRECTION ( 'NONE',  ( -1.000000000000000000, 0.000000000000000000, 0.000000000000000000 ) ) ;
#4291 = DIRECTION ( 'NONE',  ( 0.000000000000000000, 0.000000000000000000, -1.000000000000000000 ) ) ;
#4292 = AXIS2_PLACEMENT_3D ( 'NONE', #11436, #5531, #8347 ) ;
#4293 = DIRECTION ( 'NONE',  ( 0.000000000000000000, 0.000000000000000000, -1.000000000000000000 ) ) ;
#4294 = ORIENTED_EDGE ( 'NONE', *, *, #3931, .T. ) ;
#4295 = DIRECTION ( 'NONE',  ( 1.000000000000000000, 0.000000000000000000, 0.000000000000000000 ) ) ;
#4296 = EDGE_CURVE ( 'NONE', #9368, #2852, #6776, .T. ) ;
#4297 = DIRECTION ( 'NONE',  ( -0.000000000000000000, 0.000000000000000000, 1.000000000000000000 ) ) ;
#4298 = EDGE_LOOP ( 'NONE', ( #10428, #343, #12116, #4656 ) ) ;
#4299 = DIRECTION ( 'NONE',  ( -1.000000000000000000, 0.000000000000000000, 0.000000000000000000 ) ) ;
#4300 = ORIENTED_EDGE ( 'NONE', *, *, #7311, .T. ) ;
#4301 = CARTESIAN_POINT ( 'NONE',  ( 38.20000000000000995, -22.13999999999998636, 19.60000000000000497 ) ) ;
#4302 = VERTEX_POINT ( 'NONE', #11427 ) ;
#4303 = LINE ( 'NONE', #1434, #8649 ) ;
#4304 = DIRECTION ( 'NONE',  ( -1.000000000000000000, 0.000000000000000000, 0.000000000000000000 ) ) ;
#4305 = CARTESIAN_POINT ( 'NONE',  ( -58.99999999999992895, 10.28944411027173089, 66.86324657783308112 ) ) ;
#4306 = EDGE_CURVE ( 'NONE', #8816, #10558, #1381, .T. ) ;
#4307 = CIRCLE ( 'NONE', #5999, 23.50000000000000355 ) ;
#4308 = EDGE_LOOP ( 'NONE', ( #11521, #5533 ) ) ;
#4309 = CARTESIAN_POINT ( 'NONE',  ( 0.000000000000000000, 114.0000000000000000, 29.09545482057523813 ) ) ;
#4310 = FACE_OUTER_BOUND ( 'NONE', #3647, .T. ) ;
#4311 = EDGE_CURVE ( 'NONE', #10058, #8043, #6764, .T. ) ;
#4312 = CARTESIAN_POINT ( 'NONE',  ( -28.43660512957058017, 65.99999999995799271, 6.499999999999996447 ) ) ;
#4313 = DIRECTION ( 'NONE',  ( 0.4999999999999955036, -1.060575238724910243E-16, -0.8660254037844412611 ) ) ;
#4314 = DIRECTION ( 'NONE',  ( 0.000000000000000000, 0.000000000000000000, -1.000000000000000000 ) ) ;
#4315 = CARTESIAN_POINT ( 'NONE',  ( 42.25000000000000000, 142.4311571906818017, 6.499999999999996447 ) ) ;
#4316 = CARTESIAN_POINT ( 'NONE',  ( -28.87693130457883939, 39.12398950069048453, 112.0000000000000000 ) ) ;
#4317 = VERTEX_POINT ( 'NONE', #8404 ) ;
#4318 = EDGE_CURVE ( 'NONE', #9078, #3705, #10544, .T. ) ;
#4319 = LINE ( 'NONE', #12089, #8661 ) ;
#4320 = EDGE_CURVE ( 'NONE', #12984, #7560, #6340, .T. ) ;
#4321 = ORIENTED_EDGE ( 'NONE', *, *, #11396, .F. ) ;
#4322 = TOROIDAL_SURFACE ( 'NONE', #5808, 30.77624999999999744, 4.499999999999997335 ) ;
#4323 = DIRECTION ( 'NONE',  ( 1.000000000000000000, 0.000000000000000000, 0.000000000000000000 ) ) ;
#4324 = AXIS2_PLACEMENT_3D ( 'NONE', #9339, #7860, #12917 ) ;
#4325 = DIRECTION ( 'NONE',  ( -0.000000000000000000, -0.000000000000000000, 1.000000000000000000 ) ) ;
#4326 = ORIENTED_EDGE ( 'NONE', *, *, #6167, .T. ) ;
#4327 = DIRECTION ( 'NONE',  ( 0.000000000000000000, 1.000000000000000000, 0.000000000000000000 ) ) ;
#4328 = CYLINDRICAL_SURFACE ( 'NONE', #7940, 6.800000000000007816 ) ;
#4329 = EDGE_LOOP ( 'NONE', ( #11063, #4460, #2592, #7291 ) ) ;
#4330 = VECTOR ( 'NONE', #744, 1000.000000000000000 ) ;
#4331 = DIRECTION ( 'NONE',  ( 1.000000000000000000, 0.000000000000000000, 0.000000000000000000 ) ) ;
#4332 = AXIS2_PLACEMENT_3D ( 'NONE', #4798, #12706, #10859 ) ;
#4333 = ORIENTED_EDGE ( 'NONE', *, *, #9072, .F. ) ;
#4334 = ORIENTED_EDGE ( 'NONE', *, *, #1424, .T. ) ;
#4335 = LINE ( 'NONE', #5203, #8207 ) ;
#4336 = CARTESIAN_POINT ( 'NONE',  ( -42.42640687119284593, -42.42640687119285303, 19.59999999999999076 ) ) ;
#4337 = ADVANCED_FACE ( 'NONE', ( #8782 ), #2561, .F. ) ;
#4338 = CIRCLE ( 'NONE', #9167, 4.250000000000003553 ) ;
#4339 = EDGE_CURVE ( 'NONE', #3513, #12579, #5131, .T. ) ;
#4340 = DIRECTION ( 'NONE',  ( 1.000000000000000000, 0.000000000000000000, 0.000000000000000000 ) ) ;
#4341 = CARTESIAN_POINT ( 'NONE',  ( -42.42640687119306619, 42.42640687119262566, -1.102182119232617788E-16 ) ) ;
#4342 = AXIS2_PLACEMENT_3D ( 'NONE', #2110, #12045, #10131 ) ;
#4343 = CIRCLE ( 'NONE', #8546, 37.49999999999999289 ) ;
#4344 = AXIS2_PLACEMENT_3D ( 'NONE', #9081, #8090, #12103 ) ;
#4345 = DIRECTION ( 'NONE',  ( 0.000000000000000000, 0.000000000000000000, -1.000000000000000000 ) ) ;
#4346 = FACE_OUTER_BOUND ( 'NONE', #6082, .T. ) ;
#4347 = FACE_OUTER_BOUND ( 'NONE', #8771, .T. ) ;
#4348 = CIRCLE ( 'NONE', #12956, 36.50000000000000711 ) ;
#4349 = ORIENTED_EDGE ( 'NONE', *, *, #7942, .F. ) ;
#4350 = CARTESIAN_POINT ( 'NONE',  ( 0.000000000000000000, 114.0000000000000000, -21.09556051177057867 ) ) ;
#4351 = DIRECTION ( 'NONE',  ( 1.000000000000000000, 0.000000000000000000, 0.000000000000000000 ) ) ;
#4352 = ORIENTED_EDGE ( 'NONE', *, *, #8730, .F. ) ;
#4353 = DIRECTION ( 'NONE',  ( 0.000000000000000000, 0.000000000000000000, -1.000000000000000000 ) ) ;
#4354 = AXIS2_PLACEMENT_3D ( 'NONE', #6968, #6173, #9003 ) ;
#4355 = VERTEX_POINT ( 'NONE', #10759 ) ;
#4356 = EDGE_CURVE ( 'NONE', #8189, #160, #11934, .T. ) ;
#4357 = DIRECTION ( 'NONE',  ( 1.000000000000000000, 0.000000000000000000, 0.000000000000000000 ) ) ;
#4358 = CARTESIAN_POINT ( 'NONE',  ( -51.50000000000000711, 13.14532928934594658, 55.54749221803537296 ) ) ;
#4359 = ORIENTED_EDGE ( 'NONE', *, *, #2458, .T. ) ;
#4360 = DIRECTION ( 'NONE',  ( -0.000000000000000000, 0.000000000000000000, -1.000000000000000000 ) ) ;
#4361 = VECTOR ( 'NONE', #8791, 1000.000000000000000 ) ;
#4362 = CARTESIAN_POINT ( 'NONE',  ( 26.75000000000000000, 114.0000000000000000, -14.50000000000000711 ) ) ;
#4363 = EDGE_LOOP ( 'NONE', ( #9944, #5227, #3240, #10168 ) ) ;
#4364 = DIRECTION ( 'NONE',  ( 1.000000000000000000, 0.000000000000000000, 0.000000000000000000 ) ) ;
#4365 = ORIENTED_EDGE ( 'NONE', *, *, #7802, .F. ) ;
#4366 = LINE ( 'NONE', #12394, #7144 ) ;
#4367 = ORIENTED_EDGE ( 'NONE', *, *, #149, .T. ) ;
#4368 = CIRCLE ( 'NONE', #1020, 13.07735026918962795 ) ;
#4369 = EDGE_LOOP ( 'NONE', ( #5404, #11714, #11828, #477 ) ) ;
#4370 = DIRECTION ( 'NONE',  ( 0.000000000000000000, -0.000000000000000000, 1.000000000000000000 ) ) ;
#4371 = CARTESIAN_POINT ( 'NONE',  ( -44.99999999999998579, -22.14000000000005386, 112.0000000000000000 ) ) ;
#4372 = CARTESIAN_POINT ( 'NONE',  ( -20.00000000000000355, 114.0000000000000000, 9.499999999999994671 ) ) ;
#4373 = CARTESIAN_POINT ( 'NONE',  ( -30.77624999999999744, 114.0000000000000000, -57.50000000000000000 ) ) ;
#4374 = EDGE_LOOP ( 'NONE', ( #3279, #10286, #1802, #5438 ) ) ;
#4375 = AXIS2_PLACEMENT_3D ( 'NONE', #7628, #1584, #3613 ) ;
#4376 = TOROIDAL_SURFACE ( 'NONE', #7746, 36.50000000000000000, 0.9999999999999922284 ) ;
#4377 = VECTOR ( 'NONE', #2573, 1000.000000000000000 ) ;
#4378 = FACE_OUTER_BOUND ( 'NONE', #3040, .T. ) ;
#4379 = DIRECTION ( 'NONE',  ( -0.000000000000000000, -0.000000000000000000, 1.000000000000000000 ) ) ;
#4380 = ORIENTED_EDGE ( 'NONE', *, *, #6458, .T. ) ;
#4381 = CARTESIAN_POINT ( 'NONE',  ( 52.00000000000001421, -51.99999999999997868, 0.000000000000000000 ) ) ;
#4382 = CARTESIAN_POINT ( 'NONE',  ( 0.000000000000000000, 114.0000000000000000, 14.20569654897112244 ) ) ;
#4383 = CARTESIAN_POINT ( 'NONE',  ( -30.77624999999999744, 114.0000000000000000, -8.500000000000003553 ) ) ;
#4384 = CARTESIAN_POINT ( 'NONE',  ( 0.000000000000000000, 114.0000000000000000, -8.500000000000003553 ) ) ;
#4385 = ORIENTED_EDGE ( 'NONE', *, *, #10388, .T. ) ;
#4386 = CARTESIAN_POINT ( 'NONE',  ( -45.82640687119307188, 42.42640687119262566, -1.102182119232617788E-16 ) ) ;
#4387 = ORIENTED_EDGE ( 'NONE', *, *, #3603, .F. ) ;
#4388 = AXIS2_PLACEMENT_3D ( 'NONE', #4252, #11288, #4057 ) ;
#4389 = AXIS2_PLACEMENT_3D ( 'NONE', #339, #207, #8094 ) ;
#4390 = DIRECTION ( 'NONE',  ( -1.000000000000000000, 0.000000000000000000, 0.000000000000000000 ) ) ;
#4391 = ADVANCED_FACE ( 'NONE', ( #7677, #9701 ), #1822, .F. ) ;
#4392 = ADVANCED_FACE ( 'NONE', ( #706 ), #11592, .F. ) ;
#4393 = VERTEX_POINT ( 'NONE', #5650 ) ;
#4394 = CARTESIAN_POINT ( 'NONE',  ( 45.49999999999994316, 159.4999999999999716, -313.5367466867102166 ) ) ;
#4395 = LINE ( 'NONE', #12416, #7447 ) ;
#4396 = ORIENTED_EDGE ( 'NONE', *, *, #8485, .T. ) ;
#4397 = CIRCLE ( 'NONE', #12593, 34.50000000000000000 ) ;
#4398 = CARTESIAN_POINT ( 'NONE',  ( 0.000000000000000000, 114.0000000000000000, -12.23237503977025575 ) ) ;
#4399 = EDGE_CURVE ( 'NONE', #12687, #196, #5833, .T. ) ;
#4400 = DIRECTION ( 'NONE',  ( 1.000000000000000000, 0.000000000000000000, 0.000000000000000000 ) ) ;
#4401 = EDGE_CURVE ( 'NONE', #1647, #2609, #1764, .T. ) ;
#4402 = ORIENTED_EDGE ( 'NONE', *, *, #4730, .T. ) ;
#4403 = FACE_OUTER_BOUND ( 'NONE', #1490, .T. ) ;
#4404 = ORIENTED_EDGE ( 'NONE', *, *, #1499, .T. ) ;
#4405 = ORIENTED_EDGE ( 'NONE', *, *, #7148, .T. ) ;
#4406 = CARTESIAN_POINT ( 'NONE',  ( -45.50000000000006395, 165.9999999999999716, -72.00000000000001421 ) ) ;
#4407 = FACE_OUTER_BOUND ( 'NONE', #2000, .T. ) ;
#4408 = APPROVAL_PERSON_ORGANIZATION ( #3381, #7132, #487 ) ;
#4409 = VECTOR ( 'NONE', #555, 1000.000000000000000 ) ;
#4410 = DIRECTION ( 'NONE',  ( -1.000000000000000000, 0.000000000000000000, 0.000000000000000000 ) ) ;
#4411 = CARTESIAN_POINT ( 'NONE',  ( 0.000000000000000000, 114.0000000000000000, 14.20569654897112244 ) ) ;
#4412 = DIRECTION ( 'NONE',  ( 0.000000000000000000, 0.000000000000000000, -1.000000000000000000 ) ) ;
#4413 = DIRECTION ( 'NONE',  ( -0.000000000000000000, -0.000000000000000000, 1.000000000000000000 ) ) ;
#4414 = DIRECTION ( 'NONE',  ( 1.000000000000000000, 0.000000000000000000, 0.000000000000000000 ) ) ;
#4415 = ADVANCED_FACE ( 'NONE', ( #6881 ), #1886, .F. ) ;
#4416 = VERTEX_POINT ( 'NONE', #1636 ) ;
#4417 = LINE ( 'NONE', #12636, #2072 ) ;
#4418 = CARTESIAN_POINT ( 'NONE',  ( -45.50000000000002132, 13.07521828316743395, 57.69572726120718897 ) ) ;
#4419 = VERTEX_POINT ( 'NONE', #9893 ) ;
#4420 = EDGE_LOOP ( 'NONE', ( #10135, #5107, #12810, #7265 ) ) ;
#4421 = AXIS2_PLACEMENT_3D ( 'NONE', #3802, #11770, #2757 ) ;
#4422 = DIRECTION ( 'NONE',  ( 0.000000000000000000, 0.000000000000000000, -1.000000000000000000 ) ) ;
#4423 = CARTESIAN_POINT ( 'NONE',  ( -51.50000000000004263, -8.882333257533533200, 69.13387901856991391 ) ) ;
#4424 = VECTOR ( 'NONE', #12227, 1000.000000000000000 ) ;
#4425 = AXIS2_PLACEMENT_3D ( 'NONE', #8008, #1840, #11825 ) ;
#4426 = CARTESIAN_POINT ( 'NONE',  ( 46.67640687119308041, 156.4264068711926257, -77.00000000000000000 ) ) ;
#4427 = DIRECTION ( 'NONE',  ( -1.000000000000000000, 0.000000000000000000, 0.000000000000000000 ) ) ;
#4428 = ADVANCED_FACE ( 'NONE', ( #828 ), #12862, .T. ) ;
#4429 = EDGE_LOOP ( 'NONE', ( #12375, #10088, #9152, #8356 ) ) ;
#4430 = CARTESIAN_POINT ( 'NONE',  ( -399996.4800881994888, 65.99999999986039256, 6.499999999999996447 ) ) ;
#4431 = ORIENTED_EDGE ( 'NONE', *, *, #463, .F. ) ;
#4432 = DIRECTION ( 'NONE',  ( -1.000000000000000000, 0.000000000000000000, 0.000000000000000000 ) ) ;
#4433 = ORIENTED_EDGE ( 'NONE', *, *, #1754, .T. ) ;
#4434 = AXIS2_PLACEMENT_3D ( 'NONE', #9056, #12145, #6105 ) ;
#4435 = VERTEX_POINT ( 'NONE', #10698 ) ;
#4436 = DIRECTION ( 'NONE',  ( 0.000000000000000000, 0.000000000000000000, -1.000000000000000000 ) ) ;
#4437 = CARTESIAN_POINT ( 'NONE',  ( 26.75000000000000000, 114.0000000000000000, -49.50000000000000000 ) ) ;
#4438 = CARTESIAN_POINT ( 'NONE',  ( -19.90000000000000213, 114.0000000000000000, 14.20569654897112244 ) ) ;
#4439 = CARTESIAN_POINT ( 'NONE',  ( 28.43660512956202169, 156.0000000000000000, 6.499999999999996447 ) ) ;
#4440 = ORIENTED_EDGE ( 'NONE', *, *, #5128, .T. ) ;
#4441 = EDGE_CURVE ( 'NONE', #3774, #456, #3722, .T. ) ;
#4442 = VECTOR ( 'NONE', #4436, 1000.000000000000000 ) ;
#4443 = AXIS2_PLACEMENT_3D ( 'NONE', #9880, #7854, #11857 ) ;
#4444 = VECTOR ( 'NONE', #7741, 1000.000000000000000 ) ;
#4445 = CARTESIAN_POINT ( 'NONE',  ( 26.75000000000000000, 114.0000000000000000, -16.50000000000000355 ) ) ;
#4446 = DIRECTION ( 'NONE',  ( -0.000000000000000000, -0.000000000000000000, -1.000000000000000000 ) ) ;
#4447 = ADVANCED_FACE ( 'NONE', ( #5775 ), #12924, .F. ) ;
#4448 = VERTEX_POINT ( 'NONE', #7801 ) ;
#4449 = ORIENTED_EDGE ( 'NONE', *, *, #7859, .F. ) ;
#4450 = LINE ( 'NONE', #574, #11412 ) ;
#4451 = DIRECTION ( 'NONE',  ( -0.000000000000000000, -0.000000000000000000, 1.000000000000000000 ) ) ;
#4452 = CARTESIAN_POINT ( 'NONE',  ( 0.000000000000000000, 114.0000000000000000, -21.09556051177057867 ) ) ;
#4453 = DIRECTION ( 'NONE',  ( 0.000000000000000000, 0.000000000000000000, -1.000000000000000000 ) ) ;
#4454 = LINE ( 'NONE', #9317, #7211 ) ;
#4455 = VECTOR ( 'NONE', #5872, 1000.000000000000000 ) ;
#4456 = AXIS2_PLACEMENT_3D ( 'NONE', #2686, #7569, #1657 ) ;
#4457 = ORIENTED_EDGE ( 'NONE', *, *, #6741, .F. ) ;
#4458 = AXIS2_PLACEMENT_3D ( 'NONE', #2605, #12339, #1505 ) ;
#4459 = CARTESIAN_POINT ( 'NONE',  ( -28.43660512956202169, 156.0000000000000000, 6.499999999999996447 ) ) ;
#4460 = ORIENTED_EDGE ( 'NONE', *, *, #9400, .T. ) ;
#4461 = LINE ( 'NONE', #9517, #5134 ) ;
#4462 = ORIENTED_EDGE ( 'NONE', *, *, #5384, .F. ) ;
#4463 = VECTOR ( 'NONE', #11748, 1000.000000000000000 ) ;
#4464 = CYLINDRICAL_SURFACE ( 'NONE', #10626, 34.50000000000000000 ) ;
#4465 = FACE_OUTER_BOUND ( 'NONE', #7439, .T. ) ;
#4466 = ADVANCED_FACE ( 'NONE', ( #5904 ), #4826, .T. ) ;
#4467 = VERTEX_POINT ( 'NONE', #12671 ) ;
#4468 = CYLINDRICAL_SURFACE ( 'NONE', #3378, 4.249999999999996447 ) ;
#4469 = ORIENTED_EDGE ( 'NONE', *, *, #2148, .T. ) ;
#4470 = ORIENTED_EDGE ( 'NONE', *, *, #8249, .T. ) ;
#4471 = CARTESIAN_POINT ( 'NONE',  ( 0.000000000000000000, 114.0000000000000000, -21.09556051177057867 ) ) ;
#4472 = DIRECTION ( 'NONE',  ( -0.000000000000000000, -0.000000000000000000, -1.000000000000000000 ) ) ;
#4473 = EDGE_CURVE ( 'NONE', #11208, #7469, #9278, .T. ) ;
#4474 = AXIS2_PLACEMENT_3D ( 'NONE', #3965, #7791, #4813 ) ;
#4475 = APPROVAL ( #2387, 'UNSPECIFIED' ) ;
#4476 = CYLINDRICAL_SURFACE ( 'NONE', #7082, 22.50000000000000000 ) ;
#4477 = EDGE_CURVE ( 'NONE', #2266, #9877, #5233, .T. ) ;
#4478 = CYLINDRICAL_SURFACE ( 'NONE', #6034, 37.49999999999999289 ) ;
#4479 = DIRECTION ( 'NONE',  ( -1.000000000000000000, 0.000000000000000000, 0.000000000000000000 ) ) ;
#4480 = DIRECTION ( 'NONE',  ( -0.000000000000000000, -0.000000000000000000, 1.000000000000000000 ) ) ;
#4481 = DIRECTION ( 'NONE',  ( 0.000000000000000000, 0.000000000000000000, -1.000000000000000000 ) ) ;
#4482 = CIRCLE ( 'NONE', #12670, 28.08750000000000213 ) ;
#4483 = EDGE_CURVE ( 'NONE', #322, #5162, #33, .T. ) ;
#4484 = ORIENTED_EDGE ( 'NONE', *, *, #7788, .F. ) ;
#4485 = AXIS2_PLACEMENT_3D ( 'NONE', #7941, #3988, #2147 ) ;
#4486 = DIRECTION ( 'NONE',  ( -1.000000000000000000, -0.000000000000000000, 0.000000000000000000 ) ) ;
#4487 = CARTESIAN_POINT ( 'NONE',  ( -52.00000000002091838, -45.50000000000409273, -67.00000000000000000 ) ) ;
#4488 = EDGE_LOOP ( 'NONE', ( #8670, #260, #4894, #3021 ) ) ;
#4489 = DIRECTION ( 'NONE',  ( 1.000000000000000000, 0.000000000000000000, 0.000000000000000000 ) ) ;
#4490 = EDGE_CURVE ( 'NONE', #1413, #10392, #6966, .T. ) ;
#4491 = CARTESIAN_POINT ( 'NONE',  ( -51.50000000000000711, -4.499999999999982236, 25.29999999999998295 ) ) ;
#4492 = CIRCLE ( 'NONE', #12049, 28.08750000000000213 ) ;
#4493 = PERSON_AND_ORGANIZATION_ROLE ( 'design_owner' ) ;
#4494 = LINE ( 'NONE', #3506, #2454 ) ;
#4495 = CARTESIAN_POINT ( 'NONE',  ( -27.04000000000000270, 154.8599999999999852, -2.000000000000004441 ) ) ;
#4496 = ORIENTED_EDGE ( 'NONE', *, *, #4311, .T. ) ;
#4497 = CARTESIAN_POINT ( 'NONE',  ( 0.000000000000000000, 114.0000000000000000, 14.20569654897112244 ) ) ;
#4498 = ORIENTED_EDGE ( 'NONE', *, *, #10510, .F. ) ;
#4499 = FACE_OUTER_BOUND ( 'NONE', #846, .T. ) ;
#4500 = ORIENTED_EDGE ( 'NONE', *, *, #6033, .F. ) ;
#4501 = ORIENTED_EDGE ( 'NONE', *, *, #5454, .F. ) ;
#4502 = DIRECTION ( 'NONE',  ( 0.000000000000000000, 0.000000000000000000, -1.000000000000000000 ) ) ;
#4503 = DIRECTION ( 'NONE',  ( -0.000000000000000000, -0.000000000000000000, 1.000000000000000000 ) ) ;
#4504 = CARTESIAN_POINT ( 'NONE',  ( -51.50000000000000711, -6.301806461634196665, 39.29999999999996874 ) ) ;
#4505 = EDGE_CURVE ( 'NONE', #7615, #11632, #1726, .T. ) ;
#4506 = CARTESIAN_POINT ( 'NONE',  ( -22.14000000000005031, 44.99999999999997868, 112.0000000000000000 ) ) ;
#4507 = ADVANCED_FACE ( 'NONE', ( #3190 ), #10223, .F. ) ;
#4508 = ORIENTED_EDGE ( 'NONE', *, *, #9789, .T. ) ;
#4509 = CARTESIAN_POINT ( 'NONE',  ( -58.99999999999998579, -1.322500744998724172E-15, 49.29999999999997584 ) ) ;
#4510 = DIRECTION ( 'NONE',  ( 0.000000000000000000, 0.000000000000000000, 1.000000000000000000 ) ) ;
#4511 = VERTEX_POINT ( 'NONE', #11212 ) ;
#4512 = DIRECTION ( 'NONE',  ( -0.000000000000000000, -0.000000000000000000, -1.000000000000000000 ) ) ;
#4513 = CARTESIAN_POINT ( 'NONE',  ( 30.17016143302161879, 150.9605291273451542, -72.00000000000001421 ) ) ;
#4514 = DIRECTION ( 'NONE',  ( -0.000000000000000000, -1.000000000000000000, -0.000000000000000000 ) ) ;
#4515 = DIRECTION ( 'NONE',  ( 0.000000000000000000, 0.000000000000000000, -1.000000000000000000 ) ) ;
#4516 = ORIENTED_EDGE ( 'NONE', *, *, #12253, .T. ) ;
#4517 = LINE ( 'NONE', #4316, #7840 ) ;
#4518 = EDGE_CURVE ( 'NONE', #5630, #10317, #1159, .T. ) ;
#4519 = VERTEX_POINT ( 'NONE', #3977 ) ;
#4520 = AXIS2_PLACEMENT_3D ( 'NONE', #3281, #6116, #7038 ) ;
#4521 = CARTESIAN_POINT ( 'NONE',  ( 0.000000000000000000, 114.0000000000000000, -49.00000000000000000 ) ) ;
#4522 = ADVANCED_FACE ( 'NONE', ( #6944 ), #5102, .F. ) ;
#4523 = VERTEX_POINT ( 'NONE', #2993 ) ;
#4524 = LINE ( 'NONE', #520, #6619 ) ;
#4525 = ORIENTED_EDGE ( 'NONE', *, *, #7378, .T. ) ;
#4526 = ORIENTED_EDGE ( 'NONE', *, *, #3770, .F. ) ;
#4527 = DIRECTION ( 'NONE',  ( 0.000000000000000000, 1.000000000000000000, 0.000000000000000000 ) ) ;
#4528 = AXIS2_PLACEMENT_3D ( 'NONE', #8415, #11439, #12351 ) ;
#4529 = DIRECTION ( 'NONE',  ( -0.000000000000000000, -0.000000000000000000, 1.000000000000000000 ) ) ;
#4530 = EDGE_LOOP ( 'NONE', ( #8141, #4334, #9677, #1527 ) ) ;
#4531 = FACE_OUTER_BOUND ( 'NONE', #3777, .T. ) ;
#4532 = VERTEX_POINT ( 'NONE', #961 ) ;
#4533 = ORIENTED_EDGE ( 'NONE', *, *, #11892, .F. ) ;
#4534 = AXIS2_PLACEMENT_3D ( 'NONE', #9749, #10876, #1876 ) ;
#4535 = PLANE ( 'NONE',  #29 ) ;
#4536 = DIRECTION ( 'NONE',  ( 1.000000000000000000, 0.000000000000000000, 0.000000000000000000 ) ) ;
#4537 = VECTOR ( 'NONE', #10081, 1000.000000000000000 ) ;
#4538 = DIRECTION ( 'NONE',  ( 0.000000000000000000, 0.000000000000000000, -1.000000000000000000 ) ) ;
#4539 = EDGE_CURVE ( 'NONE', #10317, #5389, #8058, .T. ) ;
#4540 = DIRECTION ( 'NONE',  ( -0.000000000000000000, -0.000000000000000000, 1.000000000000000000 ) ) ;
#4541 = CARTESIAN_POINT ( 'NONE',  ( -22.14000000000005031, 44.99999999999997868, 19.59999999999999076 ) ) ;
#4542 = VECTOR ( 'NONE', #2582, 1000.000000000000000 ) ;
#4543 = CARTESIAN_POINT ( 'NONE',  ( -36.50000000000000711, 114.0000000000000000, -0.5000000000000213163 ) ) ;
#4544 = DIRECTION ( 'NONE',  ( -1.000000000000000000, 0.000000000000000000, 0.000000000000000000 ) ) ;
#4545 = ORIENTED_EDGE ( 'NONE', *, *, #6260, .T. ) ;
#4546 = DIRECTION ( 'NONE',  ( 0.000000000000000000, 1.000000000000000000, 0.000000000000000000 ) ) ;
#4547 = DIRECTION ( 'NONE',  ( -0.000000000000000000, -0.000000000000000000, 1.000000000000000000 ) ) ;
#4548 = ORIENTED_EDGE ( 'NONE', *, *, #11230, .F. ) ;
#4549 = AXIS2_PLACEMENT_3D ( 'NONE', #12232, #6186, #1067 ) ;
#4550 = VECTOR ( 'NONE', #8895, 1000.000000000000000 ) ;
#4551 = AXIS2_PLACEMENT_3D ( 'NONE', #71, #4076, #2108 ) ;
#4552 = DIRECTION ( 'NONE',  ( 0.000000000000000000, 0.000000000000000000, 1.000000000000000000 ) ) ;
#4553 = EDGE_CURVE ( 'NONE', #6932, #10125, #8252, .T. ) ;
#4554 = CARTESIAN_POINT ( 'NONE',  ( -51.50000000000002842, 11.83595217003051658, 65.35802719681949213 ) ) ;
#4555 = CIRCLE ( 'NONE', #3302, 13.09999999999999964 ) ;
#4556 = DIRECTION ( 'NONE',  ( 0.000000000000000000, 0.000000000000000000, -1.000000000000000000 ) ) ;
#4557 = FACE_OUTER_BOUND ( 'NONE', #6237, .T. ) ;
#4558 = AXIS2_PLACEMENT_3D ( 'NONE', #1048, #5988, #2948 ) ;
#4559 = ORIENTED_EDGE ( 'NONE', *, *, #10472, .T. ) ;
#4560 = CYLINDRICAL_SURFACE ( 'NONE', #12109, 6.800000000000006040 ) ;
#4561 = EDGE_CURVE ( 'NONE', #10761, #9190, #8983, .T. ) ;
#4562 = AXIS2_PLACEMENT_3D ( 'NONE', #6593, #7938, #6887 ) ;
#4563 = EDGE_CURVE ( 'NONE', #7371, #12880, #2761, .T. ) ;
#4564 = ORIENTED_EDGE ( 'NONE', *, *, #6741, .T. ) ;
#4565 = CARTESIAN_POINT ( 'NONE',  ( 0.000000000000000000, 114.0000000000000000, 0.3267949192431139904 ) ) ;
#4566 = ORIENTED_EDGE ( 'NONE', *, *, #11429, .F. ) ;
#4567 = CARTESIAN_POINT ( 'NONE',  ( 42.42640687119285303, 42.42640687119286724, 0.000000000000000000 ) ) ;
#4568 = DIRECTION ( 'NONE',  ( -0.000000000000000000, -0.000000000000000000, 1.000000000000000000 ) ) ;
#4569 = CIRCLE ( 'NONE', #11912, 6.499999999999999112 ) ;
#4570 = CYLINDRICAL_SURFACE ( 'NONE', #968, 9.500000000000001776 ) ;
#4571 = ORIENTED_EDGE ( 'NONE', *, *, #1470, .T. ) ;
#4572 = CARTESIAN_POINT ( 'NONE',  ( -23.50000000000000355, 114.0000000000000000, -0.5000000000000038858 ) ) ;
#4573 = CARTESIAN_POINT ( 'NONE',  ( 0.000000000000000000, 114.0000000000000000, -14.50000000000000355 ) ) ;
#4574 = ORIENTED_EDGE ( 'NONE', *, *, #12308, .F. ) ;
#4575 = LINE ( 'NONE', #3720, #2867 ) ;
#4576 = DIRECTION ( 'NONE',  ( -0.000000000000000000, -0.000000000000000000, 1.000000000000000000 ) ) ;
#4577 = EDGE_CURVE ( 'NONE', #11457, #212, #4239, .T. ) ;
#4578 = DIRECTION ( 'NONE',  ( 0.000000000000000000, -1.000000000000000000, 0.000000000000000000 ) ) ;
#4579 = DIRECTION ( 'NONE',  ( -1.000000000000000000, 0.000000000000000000, 0.000000000000000000 ) ) ;
#4580 = DIRECTION ( 'NONE',  ( -0.000000000000000000, -0.000000000000000000, 1.000000000000000000 ) ) ;
#4581 = VERTEX_POINT ( 'NONE', #7991 ) ;
#4582 = CARTESIAN_POINT ( 'NONE',  ( 0.000000000000000000, 114.0000000000000000, -79.00000000000000000 ) ) ;
#4583 = EDGE_LOOP ( 'NONE', ( #118, #12780, #4294, #2710 ) ) ;
#4584 = CIRCLE ( 'NONE', #11099, 28.08750000000000568 ) ;
#4585 = AXIS2_PLACEMENT_3D ( 'NONE', #1108, #10173, #7090 ) ;
#4586 = CARTESIAN_POINT ( 'NONE',  ( -25.79000000000000270, 154.8599999999999852, 6.499999999999996447 ) ) ;
#4587 = CARTESIAN_POINT ( 'NONE',  ( -42.42640687119276777, 156.4264068711929383, -77.00000000000000000 ) ) ;
#4588 = ORIENTED_EDGE ( 'NONE', *, *, #5158, .F. ) ;
#4589 = DIRECTION ( 'NONE',  ( 1.000000000000000000, 0.000000000000000000, 0.000000000000000000 ) ) ;
#4590 = DIRECTION ( 'NONE',  ( -1.541976423090495633E-16, -0.000000000000000000, 1.000000000000000000 ) ) ;
#4591 = ADVANCED_FACE ( 'NONE', ( #1092 ), #1953, .F. ) ;
#4592 = ORIENTED_EDGE ( 'NONE', *, *, #973, .F. ) ;
#4593 = CIRCLE ( 'NONE', #3547, 29.00000000000001066 ) ;
#4594 = DIRECTION ( 'NONE',  ( 0.000000000000000000, 0.000000000000000000, -1.000000000000000000 ) ) ;
#4595 = VECTOR ( 'NONE', #10347, 1000.000000000000000 ) ;
#4596 = CIRCLE ( 'NONE', #3550, 34.50000000000000000 ) ;
#4597 = ORIENTED_EDGE ( 'NONE', *, *, #10216, .F. ) ;
#4598 = DIRECTION ( 'NONE',  ( -0.000000000000000000, -0.000000000000000000, 1.000000000000000000 ) ) ;
#4599 = DIRECTION ( 'NONE',  ( -0.000000000000000000, -0.000000000000000000, 1.000000000000000000 ) ) ;
#4600 = CARTESIAN_POINT ( 'NONE',  ( -38.19999999999998153, -22.14000000000005386, 10.00000000000000000 ) ) ;
#4601 = AXIS2_PLACEMENT_3D ( 'NONE', #10003, #8900, #6993 ) ;
#4602 = CONICAL_SURFACE ( 'NONE', #7122, 12.50000000000000000, 0.5235987755982988157 ) ;
#4603 = FACE_OUTER_BOUND ( 'NONE', #4859, .T. ) ;
#4604 = CARTESIAN_POINT ( 'NONE',  ( -26.75000000000000355, 114.0000000000000000, -65.50000000000000000 ) ) ;
#4605 = DIRECTION ( 'NONE',  ( 1.000000000000000000, 0.000000000000000000, 0.000000000000000000 ) ) ;
#4606 = EDGE_LOOP ( 'NONE', ( #6307, #3107, #751, #12041, #3837, #12920 ) ) ;
#4607 = ORIENTED_EDGE ( 'NONE', *, *, #2702, .F. ) ;
#4608 = DIRECTION ( 'NONE',  ( 0.9907251918498203302, 0.1358808089250893303, 0.000000000000000000 ) ) ;
#4609 = CYLINDRICAL_SURFACE ( 'NONE', #13006, 6.499999999999999112 ) ;
#4610 = ORIENTED_EDGE ( 'NONE', *, *, #1750, .F. ) ;
#4611 = AXIS2_PLACEMENT_3D ( 'NONE', #9270, #6250, #12357 ) ;
#4612 = CARTESIAN_POINT ( 'NONE',  ( 23.50000000000000000, 114.0000000000000000, -50.50000000000000000 ) ) ;
#4613 = FACE_OUTER_BOUND ( 'NONE', #2809, .T. ) ;
#4614 = DIRECTION ( 'NONE',  ( 0.000000000000000000, 0.000000000000000000, -1.000000000000000000 ) ) ;
#4615 = DIRECTION ( 'NONE',  ( 0.000000000000000000, 0.000000000000000000, -1.000000000000000000 ) ) ;
#4616 = EDGE_LOOP ( 'NONE', ( #4148, #685, #1391, #2210 ) ) ;
#4617 = DIRECTION ( 'NONE',  ( 0.000000000000000000, 1.000000000000000000, 0.000000000000000000 ) ) ;
#4618 = EDGE_CURVE ( 'NONE', #12389, #2357, #2198, .T. ) ;
#4619 = EDGE_CURVE ( 'NONE', #10352, #1517, #12848, .T. ) ;
#4620 = ORIENTED_EDGE ( 'NONE', *, *, #3717, .T. ) ;
#4621 = DIRECTION ( 'NONE',  ( -1.000000000000000000, 0.000000000000000000, 0.000000000000000000 ) ) ;
#4622 = DIRECTION ( 'NONE',  ( -0.000000000000000000, -0.000000000000000000, -1.000000000000000000 ) ) ;
#4623 = EDGE_CURVE ( 'NONE', #2260, #5715, #4101, .T. ) ;
#4624 = VECTOR ( 'NONE', #8998, 1000.000000000000000 ) ;
#4625 = CARTESIAN_POINT ( 'NONE',  ( -51.50000000000000000, -9.891959196743037808, 46.76305422273921408 ) ) ;
#4626 = ADVANCED_FACE ( 'NONE', ( #12131 ), #6151, .F. ) ;
#4627 = DIRECTION ( 'NONE',  ( -0.000000000000000000, 1.000000000000000000, -0.000000000000000000 ) ) ;
#4628 = EDGE_CURVE ( 'NONE', #5695, #5013, #1061, .T. ) ;
#4629 = EDGE_LOOP ( 'NONE', ( #11925, #2394, #1641, #960 ) ) ;
#4630 = LINE ( 'NONE', #698, #3700 ) ;
#4631 = DIRECTION ( 'NONE',  ( 1.000000000000000000, 0.000000000000000000, 0.000000000000000000 ) ) ;
#4632 = EDGE_LOOP ( 'NONE', ( #4202, #1824, #561, #10014 ) ) ;
#4633 = AXIS2_PLACEMENT_3D ( 'NONE', #9586, #1468, #10595 ) ;
#4634 = CIRCLE ( 'NONE', #10101, 37.49999999999999289 ) ;
#4635 = ORIENTED_EDGE ( 'NONE', *, *, #9590, .F. ) ;
#4636 = DIRECTION ( 'NONE',  ( 1.000000000000000000, 0.000000000000000000, 0.000000000000000000 ) ) ;
#4637 = ADVANCED_FACE ( 'NONE', ( #6285 ), #7468, .T. ) ;
#4638 = CARTESIAN_POINT ( 'NONE',  ( 42.42640687119276777, -42.42640687119292409, 0.000000000000000000 ) ) ;
#4639 = ORIENTED_EDGE ( 'NONE', *, *, #2058, .F. ) ;
#4640 = DIRECTION ( 'NONE',  ( 0.000000000000000000, 1.000000000000000000, 0.000000000000000000 ) ) ;
#4641 = ORIENTED_EDGE ( 'NONE', *, *, #5539, .T. ) ;
#4642 = DIRECTION ( 'NONE',  ( 1.000000000000000000, 1.334402673828310381E-16, 0.000000000000000000 ) ) ;
#4643 = VERTEX_POINT ( 'NONE', #11273 ) ;
#4644 = AXIS2_PLACEMENT_3D ( 'NONE', #4721, #3739, #7760 ) ;
#4645 = AXIS2_PLACEMENT_3D ( 'NONE', #2593, #5572, #7342 ) ;
#4646 = EDGE_CURVE ( 'NONE', #625, #1086, #4195, .T. ) ;
#4647 = CARTESIAN_POINT ( 'NONE',  ( -34.50000000000000711, 114.0000000000000000, -0.5000000000000108802 ) ) ;
#4648 = LINE ( 'NONE', #3672, #5140 ) ;
#4649 = ORIENTED_EDGE ( 'NONE', *, *, #2370, .F. ) ;
#4650 = VERTEX_POINT ( 'NONE', #10417 ) ;
#4651 = DIRECTION ( 'NONE',  ( 1.224646799147353207E-16, 1.000000000000000000, 0.000000000000000000 ) ) ;
#4652 = CARTESIAN_POINT ( 'NONE',  ( 28.87693130457876478, 39.12398950069061243, 112.0000000000000000 ) ) ;
#4653 = ADVANCED_FACE ( 'NONE', ( #2523 ), #494, .T. ) ;
#4654 = AXIS2_PLACEMENT_3D ( 'NONE', #5972, #11147, #8187 ) ;
#4656 = ORIENTED_EDGE ( 'NONE', *, *, #8732, .T. ) ;
#4655 = AXIS2_PLACEMENT_3D ( 'NONE', #6998, #9947, #8358 ) ;
#4657 = CARTESIAN_POINT ( 'NONE',  ( -30.77624999999999744, 114.0000000000000000, -8.500000000000003553 ) ) ;
#4658 = VECTOR ( 'NONE', #376, 1000.000000000000000 ) ;
#4659 = DIRECTION ( 'NONE',  ( -1.000000000000000000, 0.000000000000000000, 0.000000000000000000 ) ) ;
#4660 = CARTESIAN_POINT ( 'NONE',  ( 0.000000000000000000, 114.0000000000000000, 14.20569654897112244 ) ) ;
#4661 = DIRECTION ( 'NONE',  ( 0.000000000000000000, 1.000000000000000000, 0.000000000000000000 ) ) ;
#4662 = EDGE_CURVE ( 'NONE', #12596, #2469, #10287, .T. ) ;
#4663 = DIRECTION ( 'NONE',  ( 1.000000000000000000, 0.000000000000000000, 0.000000000000000000 ) ) ;
#4664 = CIRCLE ( 'NONE', #48, 7.499999999999985789 ) ;
#4665 = FACE_OUTER_BOUND ( 'NONE', #7496, .T. ) ;
#4666 = DIRECTION ( 'NONE',  ( -1.000000000000000000, 0.000000000000000000, 0.000000000000000000 ) ) ;
#4667 = CARTESIAN_POINT ( 'NONE',  ( -42.42640687119307330, 71.57359312880737434, 11.50000000000001066 ) ) ;
#4668 = ORIENTED_EDGE ( 'NONE', *, *, #12585, .T. ) ;
#4669 = AXIS2_PLACEMENT_3D ( 'NONE', #1780, #12883, #6964 ) ;
#4670 = ORIENTED_EDGE ( 'NONE', *, *, #4399, .T. ) ;
#4671 = DIRECTION ( 'NONE',  ( -0.000000000000000000, -0.000000000000000000, 1.000000000000000000 ) ) ;
#4672 = DIRECTION ( 'NONE',  ( -0.000000000000000000, -0.000000000000000000, 1.000000000000000000 ) ) ;
#4673 = VERTEX_POINT ( 'NONE', #5307 ) ;
#4674 = CIRCLE ( 'NONE', #3834, 19.90000000000000213 ) ;
#4675 = PLANE ( 'NONE',  #6235 ) ;
#4676 = ADVANCED_FACE ( 'NONE', ( #361 ), #3322, .F. ) ;
#4677 = TOROIDAL_SURFACE ( 'NONE', #10142, 30.77624999999999744, 4.599999999999995204 ) ;
#4678 = CARTESIAN_POINT ( 'NONE',  ( 0.000000000000000000, 114.0000000000000000, 10.99999999999999645 ) ) ;
#4679 = APPLICATION_PROTOCOL_DEFINITION ( 'international standard', 'config_control_design', 1994, #5897 ) ;
#4680 = CYLINDRICAL_SURFACE ( 'NONE', #10652, 7.499999999999985789 ) ;
#4681 = AXIS2_PLACEMENT_3D ( 'NONE', #7982, #5022, #11992 ) ;
#4682 = CYLINDRICAL_SURFACE ( 'NONE', #6510, 34.50000000000000711 ) ;
#4683 = ORIENTED_EDGE ( 'NONE', *, *, #4311, .F. ) ;
#4684 = CARTESIAN_POINT ( 'NONE',  ( -45.00000000000001421, 22.14000000000006452, 73.39999999999997726 ) ) ;
#4685 = ORIENTED_EDGE ( 'NONE', *, *, #250, .T. ) ;
#4686 = DIRECTION ( 'NONE',  ( 1.000000000000000000, 0.000000000000000000, 0.000000000000000000 ) ) ;
#4687 = ORIENTED_EDGE ( 'NONE', *, *, #9366, .F. ) ;
#4688 = AXIS2_PLACEMENT_3D ( 'NONE', #2359, #6385, #1392 ) ;
#4689 = CARTESIAN_POINT ( 'NONE',  ( 44.99999999999997868, 22.14000000000004675, 112.0000000000000000 ) ) ;
#4690 = VECTOR ( 'NONE', #4180, 1000.000000000000000 ) ;
#4691 = DIRECTION ( 'NONE',  ( 1.000000000000000000, 0.000000000000000000, 0.000000000000000000 ) ) ;
#4692 = CARTESIAN_POINT ( 'NONE',  ( 27.04000000000000270, 73.14000000000001478, -2.000000000000004441 ) ) ;
#4693 = ADVANCED_FACE ( 'NONE', ( #4499 ), #8451, .T. ) ;
#4694 = ORIENTED_EDGE ( 'NONE', *, *, #2846, .F. ) ;
#4695 = VERTEX_POINT ( 'NONE', #3451 ) ;
#4696 = CLOSED_SHELL ( 'NONE', ( #12915, #12673, #8962, #6979, #3986, #9073, #8706, #10350, #12406, #1946, #7123, #2312, #3949, #5498, #5141, #2499, #10067, #10814, #4094, #9354, #38, #11623, #6725, #6613, #10843, #11152, #6625, #5741, #2640, #1368, #7243, #4270, #7483, #537, #4676, #3695, #4150, #12699, #7495, #11036, #2393, #3976, #3887, #12583, #10946, #5196, #3624, #7764, #11184, #3893, #10689, #5823, #2101, #5144, #2485, #7427, #6463, #2257, #530, #3187, #12707, #2020, #8682, #10037, #6900, #1643, #1549, #6321, #4107, #1065, #4637, #12448, #8443, #11433, #5850, #12423, #5974, #2278, #7703, #5725, #2578, #10326, #2216, #7702, #8723, #10670, #2392, #5258, #4908, #9700, #9108, #6181, #1299, #7425, #4946, #6573, #12642, #7478, #1376, #3947, #5842, #8354, #2928, #5846, #6445, #8423, #11464, #5303, #11985, #3589, #5474, #3995, #9090, #11475, #6987, #3576, #4415, #6259, #8570, #2532, #8610, #8262, #10579, #1350, #2674, #9, #1854, #6057, #8325, #6704, #9048, #3768, #6088, #11704, #133, #11711, #7800, #9157, #865, #7632, #9997, #10163, #8263, #9917, #415, #7331, #6670, #7968, #3283, #1321, #10183, #7247, #1384, #5028, #12295, #10515, #11516, #11315, #8877, #9543, #3873, #9243 ) ) ;
#4697 = FACE_BOUND ( 'NONE', #11690, .T. ) ;
#4698 = ORIENTED_EDGE ( 'NONE', *, *, #3755, .F. ) ;
#4699 = FACE_OUTER_BOUND ( 'NONE', #2102, .T. ) ;
#4700 = ORIENTED_EDGE ( 'NONE', *, *, #12832, .F. ) ;
#4701 = EDGE_LOOP ( 'NONE', ( #2914, #12252, #9129, #4169 ) ) ;
#4702 = CARTESIAN_POINT ( 'NONE',  ( 4.000000000000000888, 126.4743737317750885, -4.500000000000003553 ) ) ;
#4703 = DIRECTION ( 'NONE',  ( 0.000000000000000000, 0.000000000000000000, -1.000000000000000000 ) ) ;
#4704 = ORIENTED_EDGE ( 'NONE', *, *, #10336, .T. ) ;
#4705 = LINE ( 'NONE', #5777, #1135 ) ;
#4706 = EDGE_LOOP ( 'NONE', ( #495, #10382, #10775, #9222 ) ) ;
#4707 = DIRECTION ( 'NONE',  ( -1.000000000000000000, -0.000000000000000000, -1.156482317317871478E-16 ) ) ;
#4708 = EDGE_CURVE ( 'NONE', #11472, #3731, #2722, .T. ) ;
#4709 = LINE ( 'NONE', #10767, #1003 ) ;
#4710 = CARTESIAN_POINT ( 'NONE',  ( -42.42640687119284593, 42.42640687119283172, 11.59999999999999254 ) ) ;
#4711 = VERTEX_POINT ( 'NONE', #8387 ) ;
#4712 = VERTEX_POINT ( 'NONE', #8314 ) ;
#4713 = LINE ( 'NONE', #3861, #7654 ) ;
#4714 = DIRECTION ( 'NONE',  ( -1.000000000000000000, 0.000000000000000000, 0.000000000000000000 ) ) ;
#4715 = ORIENTED_EDGE ( 'NONE', *, *, #11109, .F. ) ;
#4716 = CYLINDRICAL_SURFACE ( 'NONE', #8424, 6.800000000000004263 ) ;
#4717 = EDGE_CURVE ( 'NONE', #8056, #10295, #1275, .T. ) ;
#4718 = AXIS2_PLACEMENT_3D ( 'NONE', #12562, #4413, #10662 ) ;
#4719 = EDGE_CURVE ( 'NONE', #9306, #6630, #7, .T. ) ;
#4720 = ORIENTED_EDGE ( 'NONE', *, *, #503, .F. ) ;
#4721 = CARTESIAN_POINT ( 'NONE',  ( 0.000000000000000000, 114.0000000000000000, -51.50000000000000000 ) ) ;
#4722 = DIRECTION ( 'NONE',  ( -0.000000000000000000, -0.000000000000000000, -1.000000000000000000 ) ) ;
#4723 = CARTESIAN_POINT ( 'NONE',  ( 34.50000000000000000, 114.0000000000000000, -16.50000000000000355 ) ) ;
#4724 = DIRECTION ( 'NONE',  ( 0.000000000000000000, 0.000000000000000000, -1.000000000000000000 ) ) ;
#4725 = CARTESIAN_POINT ( 'NONE',  ( -12.50000000000000000, 114.0000000000000000, -78.00000000000000000 ) ) ;
#4726 = DIRECTION ( 'NONE',  ( -0.000000000000000000, -0.000000000000000000, 1.000000000000000000 ) ) ;
#4727 = ORIENTED_EDGE ( 'NONE', *, *, #4505, .T. ) ;
#4728 = ORIENTED_EDGE ( 'NONE', *, *, #2065, .F. ) ;
#4729 = CARTESIAN_POINT ( 'NONE',  ( 42.42640687119283882, 42.42640687119283882, 11.59999999999999254 ) ) ;
#4730 = EDGE_CURVE ( 'NONE', #6774, #139, #11974, .T. ) ;
#4731 = ORIENTED_EDGE ( 'NONE', *, *, #6976, .F. ) ;
#4732 = VECTOR ( 'NONE', #2010, 1000.000000000000000 ) ;
#4733 = EDGE_CURVE ( 'NONE', #12270, #12972, #1702, .T. ) ;
#4734 = DIRECTION ( 'NONE',  ( 0.5000000000000078826, 6.123233995736862178E-17, -0.8660254037844340447 ) ) ;
#4735 = PLANE ( 'NONE',  #9786 ) ;
#4736 = EDGE_CURVE ( 'NONE', #8411, #3731, #1431, .T. ) ;
#4737 = DIRECTION ( 'NONE',  ( 0.000000000000000000, 0.000000000000000000, 1.000000000000000000 ) ) ;
#4738 = CARTESIAN_POINT ( 'NONE',  ( -57.49999999999994316, 6.691476164454077669, 40.90121286592876260 ) ) ;
#4739 = VECTOR ( 'NONE', #11014, 1000.000000000000000 ) ;
#4740 = DIRECTION ( 'NONE',  ( 0.9907251918498221066, -0.1358808089250767570, 0.000000000000000000 ) ) ;
#4741 = ORIENTED_EDGE ( 'NONE', *, *, #11332, .F. ) ;
#4742 = CARTESIAN_POINT ( 'NONE',  ( 35.75089393306183894, -29.33956106112634998, 73.39999999999999147 ) ) ;
#4743 = EDGE_CURVE ( 'NONE', #6680, #11525, #4366, .T. ) ;
#4744 = VERTEX_POINT ( 'NONE', #11538 ) ;
#4745 = CARTESIAN_POINT ( 'NONE',  ( 42.42640687119288856, -46.67640687119281750, 0.000000000000000000 ) ) ;
#4746 = ORIENTED_EDGE ( 'NONE', *, *, #10425, .F. ) ;
#4747 = TOROIDAL_SURFACE ( 'NONE', #9573, 30.77624999999999744, 4.499999999999997335 ) ;
#4748 = CIRCLE ( 'NONE', #12106, 6.800000000000000711 ) ;
#4749 = CARTESIAN_POINT ( 'NONE',  ( 29.33956106112633933, -35.75089393306192420, 112.0000000000000000 ) ) ;
#4750 = CARTESIAN_POINT ( 'NONE',  ( 52.00000000000001421, -42.49999999999997868, 10.00000000000000000 ) ) ;
#4751 = FACE_OUTER_BOUND ( 'NONE', #5991, .T. ) ;
#4752 = ORIENTED_EDGE ( 'NONE', *, *, #6478, .F. ) ;
#4753 = AXIS2_PLACEMENT_3D ( 'NONE', #4600, #5481, #10462 ) ;
#4754 = CIRCLE ( 'NONE', #6462, 12.24999999999999645 ) ;
#4755 = CIRCLE ( 'NONE', #5195, 12.69999999999999929 ) ;
#4756 = DIRECTION ( 'NONE',  ( -1.541976423090494894E-16, -0.000000000000000000, 1.000000000000000000 ) ) ;
#4757 = EDGE_LOOP ( 'NONE', ( #11441, #1998 ) ) ;
#4758 = DIRECTION ( 'NONE',  ( -1.541976423090495633E-16, -0.000000000000000000, 1.000000000000000000 ) ) ;
#4759 = ORIENTED_EDGE ( 'NONE', *, *, #8693, .T. ) ;
#4760 = ORIENTED_EDGE ( 'NONE', *, *, #3197, .F. ) ;
#4761 = DIRECTION ( 'NONE',  ( -0.000000000000000000, -0.000000000000000000, 1.000000000000000000 ) ) ;
#4762 = DIRECTION ( 'NONE',  ( 1.000000000000000000, 0.000000000000000000, 0.000000000000000000 ) ) ;
#4763 = ORIENTED_EDGE ( 'NONE', *, *, #2589, .F. ) ;
#4764 = CARTESIAN_POINT ( 'NONE',  ( 33.46500000000000341, 114.0000000000000000, -2.500000000000005773 ) ) ;
#4765 = LINE ( 'NONE', #1892, #7617 ) ;
#4766 = CARTESIAN_POINT ( 'NONE',  ( 0.000000000000000000, 114.0000000000000000, -44.90443948822942843 ) ) ;
#4767 = LINE ( 'NONE', #716, #4361 ) ;
#4768 = DIRECTION ( 'NONE',  ( -1.000000000000000000, 0.000000000000000000, 0.000000000000000000 ) ) ;
#4769 = EDGE_LOOP ( 'NONE', ( #12895, #1488, #6205, #10446 ) ) ;
#4770 = ORIENTED_EDGE ( 'NONE', *, *, #7424, .F. ) ;
#4771 = LINE ( 'NONE', #8796, #1982 ) ;
#4772 = DIRECTION ( 'NONE',  ( -1.000000000000000000, 0.000000000000000000, 0.000000000000000000 ) ) ;
#4773 = EDGE_LOOP ( 'NONE', ( #5835, #10841, #6362, #10622 ) ) ;
#4774 = DIRECTION ( 'NONE',  ( -1.000000000000000000, 0.000000000000000000, 0.000000000000000000 ) ) ;
#4775 = EDGE_CURVE ( 'NONE', #10639, #9324, #6482, .T. ) ;
#4776 = EDGE_CURVE ( 'NONE', #4090, #3890, #6548, .T. ) ;
#4777 = CARTESIAN_POINT ( 'NONE',  ( -51.50000000000000711, 8.187467664686016278, 42.99026466362879262 ) ) ;
#4778 = EDGE_CURVE ( 'NONE', #4695, #2079, #9426, .T. ) ;
#4779 = AXIS2_PLACEMENT_3D ( 'NONE', #1055, #325, #11239 ) ;
#4780 = DIRECTION ( 'NONE',  ( -0.000000000000000000, -0.000000000000000000, -1.000000000000000000 ) ) ;
#4781 = FACE_OUTER_BOUND ( 'NONE', #9015, .T. ) ;
#4782 = CIRCLE ( 'NONE', #12987, 12.50000000000000000 ) ;
#4783 = FACE_OUTER_BOUND ( 'NONE', #6054, .T. ) ;
#4784 = EDGE_CURVE ( 'NONE', #166, #3244, #8413, .T. ) ;
#4785 = EDGE_CURVE ( 'NONE', #8246, #760, #1898, .T. ) ;
#4786 = LINE ( 'NONE', #7704, #9851 ) ;
#4787 = AXIS2_PLACEMENT_3D ( 'NONE', #10648, #5664, #7366 ) ;
#4788 = FACE_OUTER_BOUND ( 'NONE', #10205, .T. ) ;
#4789 = VECTOR ( 'NONE', #10737, 1000.000000000000000 ) ;
#4790 = FACE_OUTER_BOUND ( 'NONE', #5378, .T. ) ;
#4791 = ORIENTED_EDGE ( 'NONE', *, *, #8529, .F. ) ;
#4792 = ORIENTED_EDGE ( 'NONE', *, *, #2657, .F. ) ;
#4793 = CARTESIAN_POINT ( 'NONE',  ( -42.49999999999998579, 42.50000000000000000, 0.000000000000000000 ) ) ;
#4794 = AXIS2_PLACEMENT_3D ( 'NONE', #1660, #9661, #405 ) ;
#4795 = EDGE_LOOP ( 'NONE', ( #9929, #9808, #6533, #4904 ) ) ;
#4796 = FACE_OUTER_BOUND ( 'NONE', #9229, .T. ) ;
#4797 = AXIS2_PLACEMENT_3D ( 'NONE', #2028, #3138, #8131 ) ;
#4798 = CARTESIAN_POINT ( 'NONE',  ( 22.14000000000005031, -38.19999999999998863, 112.0000000000000000 ) ) ;
#4799 = AXIS2_PLACEMENT_3D ( 'NONE', #9209, #12369, #75 ) ;
#4800 = DIRECTION ( 'NONE',  ( -0.000000000000000000, -0.000000000000000000, -1.000000000000000000 ) ) ;
#4801 = EDGE_CURVE ( 'NONE', #952, #11525, #4810, .T. ) ;
#4802 = DIRECTION ( 'NONE',  ( -0.000000000000000000, -0.000000000000000000, -1.000000000000000000 ) ) ;
#4803 = AXIS2_PLACEMENT_3D ( 'NONE', #5742, #1848, #2950 ) ;
#4804 = PLANE ( 'NONE',  #9641 ) ;
#4805 = ORIENTED_EDGE ( 'NONE', *, *, #6047, .F. ) ;
#4806 = CIRCLE ( 'NONE', #622, 6.800000000000000711 ) ;
#4807 = DIRECTION ( 'NONE',  ( -0.1358808089250893303, 0.9907251918498203302, -2.095250037129522688E-17 ) ) ;
#4808 = DIRECTION ( 'NONE',  ( -0.000000000000000000, -0.000000000000000000, 1.000000000000000000 ) ) ;
#4809 = ORIENTED_EDGE ( 'NONE', *, *, #557, .F. ) ;
#4810 = LINE ( 'NONE', #3706, #10922 ) ;
#4811 = EDGE_LOOP ( 'NONE', ( #3254, #3135, #5459, #3290 ) ) ;
#4812 = CARTESIAN_POINT ( 'NONE',  ( 0.000000000000000000, 0.000000000000000000, 6.372309488248129483 ) ) ;
#4813 = DIRECTION ( 'NONE',  ( 0.000000000000000000, -1.000000000000000000, 0.000000000000000000 ) ) ;
#4814 = LOCAL_TIME ( 11, 39, 17.00000000000000000, #6542 ) ;
#4815 = DIRECTION ( 'NONE',  ( 1.000000000000000000, 0.000000000000000000, 0.000000000000000000 ) ) ;
#4816 = VECTOR ( 'NONE', #11666, 1000.000000000000000 ) ;
#4817 = EDGE_CURVE ( 'NONE', #2263, #2667, #3574, .T. ) ;
#4818 = ORIENTED_EDGE ( 'NONE', *, *, #7802, .T. ) ;
#4819 = DIRECTION ( 'NONE',  ( 0.000000000000000000, 0.000000000000000000, 1.000000000000000000 ) ) ;
#4820 = ORIENTED_EDGE ( 'NONE', *, *, #1684, .F. ) ;
#4821 = DIRECTION ( 'NONE',  ( -0.000000000000000000, -0.000000000000000000, 1.000000000000000000 ) ) ;
#4822 = ADVANCED_FACE ( 'NONE', ( #12717 ), #10741, .T. ) ;
#4823 = ORIENTED_EDGE ( 'NONE', *, *, #9523, .F. ) ;
#4824 = ORIENTED_EDGE ( 'NONE', *, *, #5561, .T. ) ;
#4825 = CARTESIAN_POINT ( 'NONE',  ( -45.00000000000000711, -22.14000000000003610, 10.00000000000000000 ) ) ;
#4826 = CYLINDRICAL_SURFACE ( 'NONE', #7393, 22.50000000000000000 ) ;
#4827 = ORIENTED_EDGE ( 'NONE', *, *, #5698, .F. ) ;
#4828 = AXIS2_PLACEMENT_3D ( 'NONE', #5817, #7849, #12587 ) ;
#4829 = VERTEX_POINT ( 'NONE', #7787 ) ;
#4830 = ORIENTED_EDGE ( 'NONE', *, *, #10262, .T. ) ;
#4831 = LINE ( 'NONE', #8855, #8482 ) ;
#4832 = CARTESIAN_POINT ( 'NONE',  ( -27.03999999999999559, 73.14000000000000057, -69.99999999999998579 ) ) ;
#4833 = CIRCLE ( 'NONE', #11769, 6.800000000000007816 ) ;
#4834 = CARTESIAN_POINT ( 'NONE',  ( -45.82640687119306477, 42.42640687119262566, -18.00000000000000355 ) ) ;
#4835 = EDGE_CURVE ( 'NONE', #7863, #858, #11790, .T. ) ;
#4836 = FACE_OUTER_BOUND ( 'NONE', #6825, .T. ) ;
#4837 = CIRCLE ( 'NONE', #6952, 26.27625000000000099 ) ;
#4838 = DIRECTION ( 'NONE',  ( 0.000000000000000000, 0.000000000000000000, -1.000000000000000000 ) ) ;
#4839 = ORIENTED_EDGE ( 'NONE', *, *, #7196, .T. ) ;
#4840 = ORIENTED_EDGE ( 'NONE', *, *, #7602, .F. ) ;
#4841 = DIRECTION ( 'NONE',  ( -0.000000000000000000, -0.000000000000000000, 1.000000000000000000 ) ) ;
#4842 = LINE ( 'NONE', #841, #11930 ) ;
#4843 = VERTEX_POINT ( 'NONE', #5696 ) ;
#4844 = CARTESIAN_POINT ( 'NONE',  ( 39.12398950069061243, -28.87693130457877189, 112.0000000000000000 ) ) ;
#4845 = CARTESIAN_POINT ( 'NONE',  ( -51.50000000000001421, 11.44173849835793888, 50.60797718660825240 ) ) ;
#4846 = AXIS2_PLACEMENT_3D ( 'NONE', #3150, #3935, #9005 ) ;
#4847 = AXIS2_PLACEMENT_3D ( 'NONE', #4384, #7422, #11428 ) ;
#4848 = VERTEX_POINT ( 'NONE', #2836 ) ;
#4849 = CYLINDRICAL_SURFACE ( 'NONE', #8446, 12.50000000000000000 ) ;
#4850 = DIRECTION ( 'NONE',  ( 9.796085511398432081E-15, -1.000000000000000000, 0.000000000000000000 ) ) ;
#4851 = ADVANCED_FACE ( 'NONE', ( #688 ), #9659, .F. ) ;
#4852 = EDGE_CURVE ( 'NONE', #4950, #3877, #626, .T. ) ;
#4853 = CARTESIAN_POINT ( 'NONE',  ( 42.42640687119276066, -42.42640687119292409, -20.04292610469370928 ) ) ;
#4854 = AXIS2_PLACEMENT_3D ( 'NONE', #9495, #7470, #5508 ) ;
#4855 = AXIS2_PLACEMENT_3D ( 'NONE', #271, #3358, #8426 ) ;
#4856 = LINE ( 'NONE', #5992, #7683 ) ;
#4857 = AXIS2_PLACEMENT_3D ( 'NONE', #2730, #2923, #2795 ) ;
#4858 = DIRECTION ( 'NONE',  ( 0.1358808089250767570, 0.9907251918498221066, 0.000000000000000000 ) ) ;
#4859 = EDGE_LOOP ( 'NONE', ( #10580, #12552, #10896, #7009 ) ) ;
#4860 = ADVANCED_FACE ( 'NONE', ( #8703 ), #1745, .F. ) ;
#4861 = ORIENTED_EDGE ( 'NONE', *, *, #12628, .F. ) ;
#4862 = CYLINDRICAL_SURFACE ( 'NONE', #8811, 6.499999999999999112 ) ;
#4863 = EDGE_LOOP ( 'NONE', ( #2922, #12056, #373, #8520 ) ) ;
#4864 = ORIENTED_EDGE ( 'NONE', *, *, #7395, .F. ) ;
#4865 = ADVANCED_FACE ( 'NONE', ( #4879 ), #3773, .T. ) ;
#4866 = CARTESIAN_POINT ( 'NONE',  ( 22.14000000000004320, -44.99999999999999289, 112.0000000000000000 ) ) ;
#4867 = EDGE_CURVE ( 'NONE', #12896, #5037, #3149, .T. ) ;
#4868 = VECTOR ( 'NONE', #11008, 1000.000000000000000 ) ;
#4869 = LINE ( 'NONE', #1671, #3287 ) ;
#4870 = LINE ( 'NONE', #9868, #346 ) ;
#4871 = EDGE_CURVE ( 'NONE', #12389, #3226, #8640, .T. ) ;
#4872 = CARTESIAN_POINT ( 'NONE',  ( -57.49999999999995737, 12.37433680018098769, 63.31024217951729582 ) ) ;
#4873 = CARTESIAN_POINT ( 'NONE',  ( -51.50000000000000711, 5.000000000000015987, 39.29999999999998295 ) ) ;
#4874 = VECTOR ( 'NONE', #5327, 1000.000000000000000 ) ;
#4875 = ORIENTED_EDGE ( 'NONE', *, *, #8002, .T. ) ;
#4876 = DIRECTION ( 'NONE',  ( 1.000000000000000000, 0.000000000000000000, 0.000000000000000000 ) ) ;
#4877 = CARTESIAN_POINT ( 'NONE',  ( -12.50000000000000000, 114.0000000000000000, 14.20569654897112244 ) ) ;
#4878 = ORIENTED_EDGE ( 'NONE', *, *, #317, .T. ) ;
#4879 = FACE_OUTER_BOUND ( 'NONE', #2487, .T. ) ;
#4880 = ORIENTED_EDGE ( 'NONE', *, *, #9352, .T. ) ;
#4881 = EDGE_LOOP ( 'NONE', ( #12306, #2663, #9437, #9988 ) ) ;
#4882 = EDGE_CURVE ( 'NONE', #2417, #6803, #1868, .T. ) ;
#4883 = ADVANCED_FACE ( 'NONE', ( #2777 ), #1806, .T. ) ;
#4884 = VERTEX_POINT ( 'NONE', #4745 ) ;
#4885 = CARTESIAN_POINT ( 'NONE',  ( -51.50000000000000711, 1.561251128379126385E-14, 40.29999999999998295 ) ) ;
#4886 = CIRCLE ( 'NONE', #9504, 6.499999999999999112 ) ;
#4887 = CARTESIAN_POINT ( 'NONE',  ( 0.000000000000000000, 114.0000000000000000, -49.50000000000000000 ) ) ;
#4888 = VECTOR ( 'NONE', #12473, 1000.000000000000000 ) ;
#4889 = AXIS2_PLACEMENT_3D ( 'NONE', #12784, #1689, #2654 ) ;
#4890 = CYLINDRICAL_SURFACE ( 'NONE', #125, 4.250000000000003553 ) ;
#4891 = EDGE_LOOP ( 'NONE', ( #7977, #11021, #4402, #8905 ) ) ;
#4892 = DIRECTION ( 'NONE',  ( 0.000000000000000000, 0.000000000000000000, -1.000000000000000000 ) ) ;
#4893 = DIRECTION ( 'NONE',  ( -1.000000000000000000, 0.000000000000000000, 0.000000000000000000 ) ) ;
#4894 = ORIENTED_EDGE ( 'NONE', *, *, #3585, .T. ) ;
#4895 = AXIS2_PLACEMENT_3D ( 'NONE', #11292, #12343, #7423 ) ;
#4896 = VERTEX_POINT ( 'NONE', #3648 ) ;
#4897 = CARTESIAN_POINT ( 'NONE',  ( 0.000000000000000000, 0.000000000000000000, 11.49999999999999645 ) ) ;
#4898 = EDGE_LOOP ( 'NONE', ( #7925, #4013, #6861, #2120 ) ) ;
#4899 = CARTESIAN_POINT ( 'NONE',  ( 4.000000000000000888, 126.0457124988288200, -78.33310685835434128 ) ) ;
#4900 = EDGE_CURVE ( 'NONE', #6081, #12070, #1910, .T. ) ;
#4901 = ORIENTED_EDGE ( 'NONE', *, *, #2456, .T. ) ;
#4902 = ORIENTED_EDGE ( 'NONE', *, *, #2225, .F. ) ;
#4903 = LINE ( 'NONE', #11746, #7428 ) ;
#4904 = ORIENTED_EDGE ( 'NONE', *, *, #6204, .F. ) ;
#4905 = DIRECTION ( 'NONE',  ( -0.000000000000000000, -0.000000000000000000, -1.000000000000000000 ) ) ;
#4906 = AXIS2_PLACEMENT_3D ( 'NONE', #12134, #11215, #12992 ) ;
#4907 = DIRECTION ( 'NONE',  ( -0.000000000000000000, -0.000000000000000000, 1.000000000000000000 ) ) ;
#4908 = ADVANCED_FACE ( 'NONE', ( #10870 ), #7664, .T. ) ;
#4909 = DIRECTION ( 'NONE',  ( 0.000000000000000000, 0.000000000000000000, -1.000000000000000000 ) ) ;
#4910 = CIRCLE ( 'NONE', #8279, 4.999999999999997335 ) ;
#4911 = CARTESIAN_POINT ( 'NONE',  ( 0.000000000000000000, 114.0000000000000000, -53.76762496022975313 ) ) ;
#4912 = ORIENTED_EDGE ( 'NONE', *, *, #9633, .F. ) ;
#4913 = EDGE_LOOP ( 'NONE', ( #8483, #3778, #12460, #9446 ) ) ;
#4914 = DIRECTION ( 'NONE',  ( 1.000000000000000000, 0.000000000000000000, 0.000000000000000000 ) ) ;
#4915 = DIRECTION ( 'NONE',  ( 0.000000000000000000, 0.000000000000000000, -1.000000000000000000 ) ) ;
#4916 = ADVANCED_FACE ( 'NONE', ( #143 ), #8099, .F. ) ;
#4917 = DIRECTION ( 'NONE',  ( 0.000000000000000000, 0.000000000000000000, -1.000000000000000000 ) ) ;
#4918 = ORIENTED_EDGE ( 'NONE', *, *, #3337, .T. ) ;
#4919 = CARTESIAN_POINT ( 'NONE',  ( 36.77000000000000313, -36.76999999999998181, 73.39999999999999147 ) ) ;
#4920 = ADVANCED_FACE ( 'NONE', ( #1145 ), #7978, .T. ) ;
#4921 = ORIENTED_EDGE ( 'NONE', *, *, #11220, .T. ) ;
#4922 = ORIENTED_EDGE ( 'NONE', *, *, #9217, .F. ) ;
#4923 = DIRECTION ( 'NONE',  ( -0.000000000000000000, -0.000000000000000000, 1.000000000000000000 ) ) ;
#4924 = DIRECTION ( 'NONE',  ( -0.000000000000000000, -0.000000000000000000, 1.000000000000000000 ) ) ;
#4925 = CARTESIAN_POINT ( 'NONE',  ( -46.67640687119277487, 156.4264068711929383, 11.50000000000001066 ) ) ;
#4926 = ORIENTED_EDGE ( 'NONE', *, *, #12022, .T. ) ;
#4927 = DIRECTION ( 'NONE',  ( -0.000000000000000000, -0.000000000000000000, -1.000000000000000000 ) ) ;
#4928 = PLANE ( 'NONE',  #2713 ) ;
#4929 = ORIENTED_EDGE ( 'NONE', *, *, #10276, .F. ) ;
#4930 = ORIENTED_EDGE ( 'NONE', *, *, #6961, .F. ) ;
#4931 = DIRECTION ( 'NONE',  ( 0.000000000000000000, 0.000000000000000000, -1.000000000000000000 ) ) ;
#4932 = ORIENTED_EDGE ( 'NONE', *, *, #9057, .T. ) ;
#4933 = ORIENTED_EDGE ( 'NONE', *, *, #10009, .T. ) ;
#4934 = CARTESIAN_POINT ( 'NONE',  ( 28.87693130457876478, 39.12398950069061243, 73.39999999999999147 ) ) ;
#4935 = EDGE_CURVE ( 'NONE', #9494, #5248, #9151, .T. ) ;
#4936 = DIRECTION ( 'NONE',  ( 1.000000000000000000, 0.000000000000000000, 0.000000000000000000 ) ) ;
#4937 = DIRECTION ( 'NONE',  ( -0.000000000000000000, -0.000000000000000000, 1.000000000000000000 ) ) ;
#4938 = CYLINDRICAL_SURFACE ( 'NONE', #7288, 33.46499999999999631 ) ;
#4939 = DIRECTION ( 'NONE',  ( -0.000000000000000000, -0.000000000000000000, 1.000000000000000000 ) ) ;
#4940 = ORIENTED_EDGE ( 'NONE', *, *, #12264, .F. ) ;
#4941 = DIRECTION ( 'NONE',  ( -0.000000000000000000, -0.000000000000000000, 1.000000000000000000 ) ) ;
#4942 = DIRECTION ( 'NONE',  ( 0.000000000000000000, 0.000000000000000000, -1.000000000000000000 ) ) ;
#4943 = EDGE_LOOP ( 'NONE', ( #906, #12994, #10190 ) ) ;
#4944 = DIRECTION ( 'NONE',  ( 0.000000000000000000, 1.000000000000000000, 0.000000000000000000 ) ) ;
#4945 = EDGE_CURVE ( 'NONE', #10792, #11745, #5085, .T. ) ;
#4946 = ADVANCED_FACE ( 'NONE', ( #4147 ), #12176, .F. ) ;
#4947 = CARTESIAN_POINT ( 'NONE',  ( 35.92640687119283882, 42.42640687119283882, 9.999999999999992895 ) ) ;
#4948 = CIRCLE ( 'NONE', #9778, 26.00000000000001066 ) ;
#4949 = DIRECTION ( 'NONE',  ( -0.1358808089250767570, -0.9907251918498221066, 0.000000000000000000 ) ) ;
#4950 = VERTEX_POINT ( 'NONE', #5017 ) ;
#4951 = DIRECTION ( 'NONE',  ( 0.000000000000000000, 0.000000000000000000, -1.000000000000000000 ) ) ;
#4952 = VECTOR ( 'NONE', #8912, 1000.000000000000114 ) ;
#4953 = VERTEX_POINT ( 'NONE', #3175 ) ;
#4954 = ORIENTED_EDGE ( 'NONE', *, *, #4852, .F. ) ;
#4955 = EDGE_CURVE ( 'NONE', #8795, #1344, #7186, .T. ) ;
#4956 = DIRECTION ( 'NONE',  ( -0.000000000000000000, -0.000000000000000000, 1.000000000000000000 ) ) ;
#4957 = EDGE_CURVE ( 'NONE', #6024, #4355, #6075, .T. ) ;
#4958 = CARTESIAN_POINT ( 'NONE',  ( 45.00000000000000000, 45.00000000000000000, 112.0000000000000000 ) ) ;
#4959 = ORIENTED_EDGE ( 'NONE', *, *, #10293, .F. ) ;
#4960 = EDGE_LOOP ( 'NONE', ( #890, #8113, #3840, #9242 ) ) ;
#4961 = LINE ( 'NONE', #3904, #8970 ) ;
#4962 = CIRCLE ( 'NONE', #7499, 12.50000000000000000 ) ;
#4963 = ORIENTED_EDGE ( 'NONE', *, *, #10916, .F. ) ;
#4964 = CARTESIAN_POINT ( 'NONE',  ( 0.000000000000000000, 114.0000000000000000, -49.00000000000000000 ) ) ;
#4965 = EDGE_LOOP ( 'NONE', ( #7074, #3088, #5580, #10967 ) ) ;
#4966 = CONICAL_SURFACE ( 'NONE', #5177, 19.90000000000000213, 0.5235987755983080305 ) ;
#4967 = ORIENTED_EDGE ( 'NONE', *, *, #11733, .T. ) ;
#4968 = CARTESIAN_POINT ( 'NONE',  ( 0.000000000000000000, 114.0000000000000000, -63.50000000000000000 ) ) ;
#4969 = VERTEX_POINT ( 'NONE', #8041 ) ;
#4970 = PLANE ( 'NONE',  #6145 ) ;
#4971 = TOROIDAL_SURFACE ( 'NONE', #6232, 30.77624999999999744, 4.599999999999995204 ) ;
#4972 = CARTESIAN_POINT ( 'NONE',  ( 36.77000000000000313, -36.76999999999998181, 112.0000000000000000 ) ) ;
#4973 = VECTOR ( 'NONE', #2967, 1000.000000000000000 ) ;
#4974 = VECTOR ( 'NONE', #2930, 1000.000000000000000 ) ;
#4975 = EDGE_CURVE ( 'NONE', #11004, #687, #849, .T. ) ;
#4976 = ADVANCED_FACE ( 'NONE', ( #3044 ), #9092, .F. ) ;
#4977 = DIRECTION ( 'NONE',  ( -0.000000000000000000, -0.000000000000000000, -1.000000000000000000 ) ) ;
#4978 = DIRECTION ( 'NONE',  ( 0.7071067811865463515, 0.000000000000000000, 0.7071067811865487940 ) ) ;
#4979 = ADVANCED_FACE ( 'NONE', ( #11064 ), #19, .F. ) ;
#4980 = ORIENTED_EDGE ( 'NONE', *, *, #4441, .T. ) ;
#4981 = CARTESIAN_POINT ( 'NONE',  ( 35.92640687119283882, 42.42640687119283882, 19.59999999999999076 ) ) ;
#4982 = DIRECTION ( 'NONE',  ( 1.000000000000000000, 0.000000000000000000, 0.000000000000000000 ) ) ;
#4983 = DIRECTION ( 'NONE',  ( -1.000000000000000000, -0.000000000000000000, 0.000000000000000000 ) ) ;
#4984 = VECTOR ( 'NONE', #1975, 1000.000000000000000 ) ;
#4985 = CARTESIAN_POINT ( 'NONE',  ( 29.33956106112634643, -35.75089393306192420, 112.0000000000000000 ) ) ;
#4986 = CIRCLE ( 'NONE', #8556, 7.499999999999985789 ) ;
#4987 = CARTESIAN_POINT ( 'NONE',  ( 22.50000000000000000, 114.0000000000000000, 14.20569654897112244 ) ) ;
#4988 = DIRECTION ( 'NONE',  ( 1.000000000000000000, 0.000000000000000000, 0.000000000000000000 ) ) ;
#4989 = ORIENTED_EDGE ( 'NONE', *, *, #5158, .T. ) ;
#4990 = PLANE ( 'NONE',  #4354 ) ;
#4991 = AXIS2_PLACEMENT_3D ( 'NONE', #11876, #11751, #6708 ) ;
#4992 = DIRECTION ( 'NONE',  ( 1.000000000000000000, 0.000000000000000000, -0.000000000000000000 ) ) ;
#4993 = EDGE_CURVE ( 'NONE', #1882, #5570, #7782, .T. ) ;
#4994 = ORIENTED_EDGE ( 'NONE', *, *, #11109, .T. ) ;
#4995 = DIRECTION ( 'NONE',  ( -0.000000000000000000, -0.000000000000000000, 1.000000000000000000 ) ) ;
#4996 = ORIENTED_EDGE ( 'NONE', *, *, #5276, .T. ) ;
#4997 = CYLINDRICAL_SURFACE ( 'NONE', #1393, 33.46499999999999631 ) ;
#4998 = CYLINDRICAL_SURFACE ( 'NONE', #7738, 29.00000000000001066 ) ;
#4999 = ORIENTED_EDGE ( 'NONE', *, *, #12264, .T. ) ;
#5000 = VECTOR ( 'NONE', #1328, 1000.000000000000114 ) ;
#5001 = DIRECTION ( 'NONE',  ( 1.000000000000000000, 0.000000000000000000, 0.000000000000000000 ) ) ;
#5002 = VERTEX_POINT ( 'NONE', #3105 ) ;
#5003 = VERTEX_POINT ( 'NONE', #12907 ) ;
#5004 = CYLINDRICAL_SURFACE ( 'NONE', #676, 4.250000000000003553 ) ;
#5005 = DIRECTION ( 'NONE',  ( 0.000000000000000000, 0.000000000000000000, -1.000000000000000000 ) ) ;
#5006 = DIRECTION ( 'NONE',  ( 1.000000000000000000, 0.000000000000000000, 0.000000000000000000 ) ) ;
#5007 = CIRCLE ( 'NONE', #2270, 21.00000000000000355 ) ;
#5008 = CIRCLE ( 'NONE', #1871, 26.17625000000000313 ) ;
#5009 = CIRCLE ( 'NONE', #9822, 12.50000000000000000 ) ;
#5010 = EDGE_CURVE ( 'NONE', #5340, #4435, #3889, .T. ) ;
#5011 = CARTESIAN_POINT ( 'NONE',  ( 29.33956106112633577, 35.75089393306183894, 112.0000000000000000 ) ) ;
#5012 = DIRECTION ( 'NONE',  ( 1.000000000000000000, 0.000000000000000000, 0.000000000000000000 ) ) ;
#5013 = VERTEX_POINT ( 'NONE', #7909 ) ;
#5014 = CARTESIAN_POINT ( 'NONE',  ( 0.000000000000000000, 0.000000000000000000, -52.95891286372533813 ) ) ;
#5015 = CARTESIAN_POINT ( 'NONE',  ( 30.57934253055339724, 152.1726740112389109, -72.00000000000001421 ) ) ;
#5016 = VERTEX_POINT ( 'NONE', #2119 ) ;
#5017 = CARTESIAN_POINT ( 'NONE',  ( -42.42640687119281750, 38.17640687119286014, 10.00000000000000000 ) ) ;
#5018 = CIRCLE ( 'NONE', #12365, 6.499999999999999112 ) ;
#5019 = ORIENTED_EDGE ( 'NONE', *, *, #8164, .F. ) ;
#5020 = AXIS2_PLACEMENT_3D ( 'NONE', #6940, #4821, #8846 ) ;
#5021 = VERTEX_POINT ( 'NONE', #12971 ) ;
#5022 = DIRECTION ( 'NONE',  ( -0.000000000000000000, 0.000000000000000000, -1.000000000000000000 ) ) ;
#5023 = CARTESIAN_POINT ( 'NONE',  ( 21.00000000000000355, 114.0000000000000000, 10.99999999999999645 ) ) ;
#5024 = ORIENTED_EDGE ( 'NONE', *, *, #8872, .T. ) ;
#5025 = EDGE_LOOP ( 'NONE', ( #3448, #225, #5103, #3372 ) ) ;
#5026 = VECTOR ( 'NONE', #6848, 1000.000000000000000 ) ;
#5027 = AXIS2_PLACEMENT_3D ( 'NONE', #7050, #2899, #1994 ) ;
#5028 = ADVANCED_FACE ( 'NONE', ( #11917 ), #11987, .T. ) ;
#5029 = LINE ( 'NONE', #4037, #4739 ) ;
#5030 = FACE_OUTER_BOUND ( 'NONE', #9712, .T. ) ;
#5031 = EDGE_CURVE ( 'NONE', #10321, #5234, #9872, .T. ) ;
#5032 = EDGE_CURVE ( 'NONE', #5771, #5934, #7180, .T. ) ;
#5033 = ORIENTED_EDGE ( 'NONE', *, *, #1866, .T. ) ;
#5034 = FACE_OUTER_BOUND ( 'NONE', #7618, .T. ) ;
#5035 = EDGE_LOOP ( 'NONE', ( #5586, #4081, #7723, #7812 ) ) ;
#5036 = DIRECTION ( 'NONE',  ( 1.000000000000000000, 0.000000000000000000, 0.000000000000000000 ) ) ;
#5037 = VERTEX_POINT ( 'NONE', #8964 ) ;
#5038 = EDGE_LOOP ( 'NONE', ( #355, #6618 ) ) ;
#5039 = CARTESIAN_POINT ( 'NONE',  ( -45.50000000000007816, 51.49999999999998579, 0.000000000000000000 ) ) ;
#5040 = PLANE ( 'NONE',  #5205 ) ;
#5041 = AXIS2_PLACEMENT_3D ( 'NONE', #6316, #10318, #1330 ) ;
#5042 = DIRECTION ( 'NONE',  ( -0.000000000000000000, -1.000000000000000000, -0.000000000000000000 ) ) ;
#5043 = EDGE_CURVE ( 'NONE', #11013, #1567, #10272, .T. ) ;
#5044 = FACE_OUTER_BOUND ( 'NONE', #465, .T. ) ;
#5045 = LINE ( 'NONE', #9903, #3771 ) ;
#5046 = EDGE_CURVE ( 'NONE', #2395, #1385, #5272, .T. ) ;
#5047 = CARTESIAN_POINT ( 'NONE',  ( 51.99999999999993605, 165.9999999999999432, -48.80000000000001137 ) ) ;
#5048 = EDGE_CURVE ( 'NONE', #1264, #11650, #2672, .T. ) ;
#5049 = ORIENTED_EDGE ( 'NONE', *, *, #3095, .F. ) ;
#5050 = DIRECTION ( 'NONE',  ( 0.000000000000000000, 0.000000000000000000, -1.000000000000000000 ) ) ;
#5051 = DIRECTION ( 'NONE',  ( -0.000000000000000000, -1.501203008056852691E-16, 1.000000000000000000 ) ) ;
#5052 = CYLINDRICAL_SURFACE ( 'NONE', #4030, 9.000000000000007105 ) ;
#5053 = CARTESIAN_POINT ( 'NONE',  ( 0.000000000000000000, 114.0000000000000000, -0.4999999999999900080 ) ) ;
#5054 = CARTESIAN_POINT ( 'NONE',  ( 38.17640687119307330, 156.4264068711926257, -72.00000000000001421 ) ) ;
#5055 = EDGE_LOOP ( 'NONE', ( #2170, #2328, #12892, #4433 ) ) ;
#5056 = DIRECTION ( 'NONE',  ( -0.000000000000000000, -0.000000000000000000, 1.000000000000000000 ) ) ;
#5057 = EDGE_CURVE ( 'NONE', #5295, #566, #213, .T. ) ;
#5058 = VECTOR ( 'NONE', #7501, 1000.000000000000000 ) ;
#5059 = CIRCLE ( 'NONE', #2740, 22.50000000000000000 ) ;
#5060 = LINE ( 'NONE', #10046, #8133 ) ;
#5061 = PRODUCT ( 'A1861_F', 'A1861_F', '', ( #681 ) ) ;
#5062 = CARTESIAN_POINT ( 'NONE',  ( 42.42640687119283882, 42.42640687119283882, 19.59999999999999076 ) ) ;
#5063 = ORIENTED_EDGE ( 'NONE', *, *, #10685, .T. ) ;
#5064 = ORIENTED_EDGE ( 'NONE', *, *, #11053, .T. ) ;
#5065 = CARTESIAN_POINT ( 'NONE',  ( 23.50000000000000000, 114.0000000000000000, -16.50000000000000355 ) ) ;
#5066 = LINE ( 'NONE', #12159, #3942 ) ;
#5067 = VERTEX_POINT ( 'NONE', #11257 ) ;
#5068 = CYLINDRICAL_SURFACE ( 'NONE', #8608, 22.39999999999999858 ) ;
#5069 = ORIENTED_EDGE ( 'NONE', *, *, #2707, .F. ) ;
#5070 = ORIENTED_EDGE ( 'NONE', *, *, #5539, .F. ) ;
#5071 = PLANE ( 'NONE',  #6110 ) ;
#5072 = EDGE_CURVE ( 'NONE', #7930, #12054, #2249, .T. ) ;
#5073 = EDGE_CURVE ( 'NONE', #67, #7238, #10017, .T. ) ;
#5074 = DIRECTION ( 'NONE',  ( -0.000000000000000000, -0.000000000000000000, 1.000000000000000000 ) ) ;
#5075 = AXIS2_PLACEMENT_3D ( 'NONE', #9714, #1650, #7752 ) ;
#5076 = DIRECTION ( 'NONE',  ( 4.558414069555589476E-30, -4.270088556250602685E-15, -1.000000000000000000 ) ) ;
#5077 = CIRCLE ( 'NONE', #1088, 47.00000000000000000 ) ;
#5078 = AXIS2_PLACEMENT_3D ( 'NONE', #8658, #4703, #11869 ) ;
#5079 = FACE_OUTER_BOUND ( 'NONE', #128, .T. ) ;
#5080 = CARTESIAN_POINT ( 'NONE',  ( -42.42640687119281040, -42.42640687119281040, 10.00099999999999945 ) ) ;
#5081 = ORIENTED_EDGE ( 'NONE', *, *, #2422, .F. ) ;
#5082 = CARTESIAN_POINT ( 'NONE',  ( 28.87693130457883584, -39.12398950069050585, 19.60000000000000497 ) ) ;
#5083 = CARTESIAN_POINT ( 'NONE',  ( 39.12398950069061243, -28.87693130457877544, 112.0000000000000000 ) ) ;
#5084 = VERTEX_POINT ( 'NONE', #11325 ) ;
#5085 = LINE ( 'NONE', #10936, #10516 ) ;
#5086 = EDGE_CURVE ( 'NONE', #9860, #1563, #4986, .T. ) ;
#5087 = TOROIDAL_SURFACE ( 'NONE', #12434, 23.50000000000000355, 1.000000000000000888 ) ;
#5088 = VECTOR ( 'NONE', #915, 1000.000000000000000 ) ;
#5089 = CIRCLE ( 'NONE', #12013, 6.499999999999999112 ) ;
#5090 = ORIENTED_EDGE ( 'NONE', *, *, #1669, .F. ) ;
#5091 = EDGE_CURVE ( 'NONE', #2470, #5246, #12961, .T. ) ;
#5092 = CARTESIAN_POINT ( 'NONE',  ( 45.50000000000002842, 68.49999999999998579, -1.000000000000000888 ) ) ;
#5093 = DIRECTION ( 'NONE',  ( 1.000000000000000000, 0.000000000000000000, 0.000000000000000000 ) ) ;
#5094 = EDGE_LOOP ( 'NONE', ( #7040, #4457, #4286, #10702 ) ) ;
#5095 = EDGE_LOOP ( 'NONE', ( #8974, #12859, #4525, #11437 ) ) ;
#5096 = CARTESIAN_POINT ( 'NONE',  ( 52.00000000000002132, 42.50000000000002132, 10.00000000000000000 ) ) ;
#5097 = CIRCLE ( 'NONE', #6360, 12.50000000000000000 ) ;
#5098 = DIRECTION ( 'NONE',  ( -1.541976423090495633E-16, -0.000000000000000000, 1.000000000000000000 ) ) ;
#5099 = DIRECTION ( 'NONE',  ( -1.000000000000000000, 0.000000000000000000, 0.000000000000000000 ) ) ;
#5100 = ORIENTED_EDGE ( 'NONE', *, *, #2503, .T. ) ;
#5101 = DIRECTION ( 'NONE',  ( -1.000000000000000000, 0.000000000000000000, 0.000000000000000000 ) ) ;
#5102 = CYLINDRICAL_SURFACE ( 'NONE', #5721, 37.49999999999999289 ) ;
#5103 = ORIENTED_EDGE ( 'NONE', *, *, #5130, .T. ) ;
#5104 = LINE ( 'NONE', #10026, #8275 ) ;
#5105 = CYLINDRICAL_SURFACE ( 'NONE', #12757, 6.800000000000000711 ) ;
#5106 = CIRCLE ( 'NONE', #9930, 6.000000000000001776 ) ;
#5107 = ORIENTED_EDGE ( 'NONE', *, *, #6889, .F. ) ;
#5108 = DIRECTION ( 'NONE',  ( 0.000000000000000000, 0.000000000000000000, -1.000000000000000000 ) ) ;
#5109 = EDGE_CURVE ( 'NONE', #10156, #6938, #11707, .T. ) ;
#5110 = DIRECTION ( 'NONE',  ( 0.000000000000000000, 0.000000000000000000, -1.000000000000000000 ) ) ;
#5111 = CARTESIAN_POINT ( 'NONE',  ( -42.42640687119306619, 42.42640687119262566, 0.000000000000000000 ) ) ;
#5112 = AXIS2_PLACEMENT_3D ( 'NONE', #3596, #7610, #1634 ) ;
#5113 = DIRECTION ( 'NONE',  ( -8.912340794009285204E-16, 1.000000000000000000, 1.273191542001184322E-16 ) ) ;
#5114 = CIRCLE ( 'NONE', #1132, 20.00000000000000355 ) ;
#5115 = FACE_OUTER_BOUND ( 'NONE', #1280, .T. ) ;
#5116 = CARTESIAN_POINT ( 'NONE',  ( 52.00000000000002132, 52.00000000000002842, 10.00000000000000000 ) ) ;
#5117 = LINE ( 'NONE', #12020, #3952 ) ;
#5118 = FACE_OUTER_BOUND ( 'NONE', #6635, .T. ) ;
#5119 = DIRECTION ( 'NONE',  ( -1.000000000000000000, 0.000000000000000000, 0.000000000000000000 ) ) ;
#5120 = VERTEX_POINT ( 'NONE', #11596 ) ;
#5121 = DIRECTION ( 'NONE',  ( 1.224646799147353207E-16, 1.000000000000000000, 0.000000000000000000 ) ) ;
#5122 = EDGE_CURVE ( 'NONE', #12797, #2092, #6247, .T. ) ;
#5123 = CARTESIAN_POINT ( 'NONE',  ( 29.33956106112633933, -35.75089393306192420, 112.0000000000000000 ) ) ;
#5124 = CARTESIAN_POINT ( 'NONE',  ( 42.42640687119283882, -42.42640687119285303, 9.999999999999992895 ) ) ;
#5125 = ORIENTED_EDGE ( 'NONE', *, *, #3684, .F. ) ;
#5126 = VERTEX_POINT ( 'NONE', #10677 ) ;
#5127 = DIRECTION ( 'NONE',  ( -1.000000000000000000, 0.000000000000000000, 0.000000000000000000 ) ) ;
#5128 = EDGE_CURVE ( 'NONE', #12586, #12425, #582, .T. ) ;
#5129 = FACE_OUTER_BOUND ( 'NONE', #3606, .T. ) ;
#5130 = EDGE_CURVE ( 'NONE', #5776, #3075, #12709, .T. ) ;
#5131 = B_SPLINE_CURVE_WITH_KNOTS ( 'NONE', 3,
 ( #9758, #4899, #764, #8852 ),
 .UNSPECIFIED., .F., .F.,
 ( 4, 4 ),
 ( 0.002367481584131566306, 0.003537734771081452005 ),
 .UNSPECIFIED. ) ;
#5132 = ORIENTED_EDGE ( 'NONE', *, *, #8249, .F. ) ;
#5133 = CARTESIAN_POINT ( 'NONE',  ( 4.000000000000000888, 126.0457129318597111, 9.833107568947360377 ) ) ;
#5134 = VECTOR ( 'NONE', #1580, 1000.000000000000000 ) ;
#5135 = VERTEX_POINT ( 'NONE', #5496 ) ;
#5136 = ORIENTED_EDGE ( 'NONE', *, *, #5939, .T. ) ;
#5137 = DIRECTION ( 'NONE',  ( -0.000000000000000000, 0.000000000000000000, -1.000000000000000000 ) ) ;
#5138 = CARTESIAN_POINT ( 'NONE',  ( 36.77000000000000313, -36.76999999999998181, 112.0000000000000000 ) ) ;
#5139 = DIRECTION ( 'NONE',  ( -0.000000000000000000, -0.000000000000000000, 1.000000000000000000 ) ) ;
#5140 = VECTOR ( 'NONE', #11752, 1000.000000000000000 ) ;
#5141 = ADVANCED_FACE ( 'NONE', ( #10548 ), #2517, .F. ) ;
#5142 = CARTESIAN_POINT ( 'NONE',  ( -57.49999999999997868, -6.060361292326855498, 39.69999999999999574 ) ) ;
#5143 = DIRECTION ( 'NONE',  ( 0.000000000000000000, 1.000000000000000000, 0.000000000000000000 ) ) ;
#5144 = ADVANCED_FACE ( 'NONE', ( #6476 ), #9419, .F. ) ;
#5145 = EDGE_LOOP ( 'NONE', ( #8501, #10271 ) ) ;
#5146 = CARTESIAN_POINT ( 'NONE',  ( 22.50000000000000000, 114.0000000000000000, -35.50000000000000711 ) ) ;
#5147 = CARTESIAN_POINT ( 'NONE',  ( -51.50000000000005684, 9.891959196743068006, 46.76305422273934198 ) ) ;
#5148 = ORIENTED_EDGE ( 'NONE', *, *, #11956, .T. ) ;
#5149 = DIRECTION ( 'NONE',  ( 0.000000000000000000, 0.000000000000000000, 1.000000000000000000 ) ) ;
#5150 = VERTEX_POINT ( 'NONE', #8635 ) ;
#5151 = DIRECTION ( 'NONE',  ( 1.000000000000000000, 0.000000000000000000, 0.000000000000000000 ) ) ;
#5152 = ORIENTED_EDGE ( 'NONE', *, *, #7336, .F. ) ;
#5153 = CARTESIAN_POINT ( 'NONE',  ( -22.14000000000005031, 44.99999999999997868, 112.0000000000000000 ) ) ;
#5154 = ORIENTED_EDGE ( 'NONE', *, *, #6336, .F. ) ;
#5155 = ORIENTED_EDGE ( 'NONE', *, *, #9391, .T. ) ;
#5156 = CARTESIAN_POINT ( 'NONE',  ( 33.46499999999999631, 114.0000000000000000, -61.23237503977025398 ) ) ;
#5157 = DIRECTION ( 'NONE',  ( -0.000000000000000000, -0.000000000000000000, 1.000000000000000000 ) ) ;
#5158 = EDGE_CURVE ( 'NONE', #5283, #12547, #1546, .T. ) ;
#5159 = VERTEX_POINT ( 'NONE', #2645 ) ;
#5160 = LINE ( 'NONE', #5965, #6238 ) ;
#5161 = ORIENTED_EDGE ( 'NONE', *, *, #9964, .T. ) ;
#5162 = VERTEX_POINT ( 'NONE', #1611 ) ;
#5163 = DIRECTION ( 'NONE',  ( 1.000000000000000000, 0.000000000000000000, 0.000000000000000000 ) ) ;
#5164 = AXIS2_PLACEMENT_3D ( 'NONE', #2306, #11312, #5480 ) ;
#5165 = LINE ( 'NONE', #12926, #2556 ) ;
#5166 = DIRECTION ( 'NONE',  ( -0.000000000000000000, -0.000000000000000000, 1.000000000000000000 ) ) ;
#5167 = ORIENTED_EDGE ( 'NONE', *, *, #10509, .T. ) ;
#5168 = VECTOR ( 'NONE', #27, 1000.000000000000000 ) ;
#5169 = CARTESIAN_POINT ( 'NONE',  ( -51.49999999999996447, 13.57707609273048277, 57.64361941132007416 ) ) ;
#5170 = DIRECTION ( 'NONE',  ( 0.000000000000000000, 0.000000000000000000, 1.000000000000000000 ) ) ;
#5171 = CARTESIAN_POINT ( 'NONE',  ( -22.13999999999997925, -38.20000000000001705, 53.29999999999998295 ) ) ;
#5172 = AXIS2_PLACEMENT_3D ( 'NONE', #8709, #10748, #1752 ) ;
#5173 = LINE ( 'NONE', #12140, #4690 ) ;
#5174 = DIRECTION ( 'NONE',  ( -1.000000000000000000, 0.000000000000000000, 0.000000000000000000 ) ) ;
#5175 = EDGE_LOOP ( 'NONE', ( #5612, #6870, #4670, #1151 ) ) ;
#5176 = PLANE ( 'NONE',  #6920 ) ;
#5177 = AXIS2_PLACEMENT_3D ( 'NONE', #11140, #12188, #3186 ) ;
#5178 = LINE ( 'NONE', #2152, #12771 ) ;
#5179 = LINE ( 'NONE', #10107, #848 ) ;
#5180 = ORIENTED_EDGE ( 'NONE', *, *, #7368, .F. ) ;
#5181 = CARTESIAN_POINT ( 'NONE',  ( -51.50000000000000711, 1.561251128379126385E-14, 40.29999999999998295 ) ) ;
#5182 = CIRCLE ( 'NONE', #2033, 6.499999999999999112 ) ;
#5183 = EDGE_LOOP ( 'NONE', ( #127, #8641, #4068, #2587 ) ) ;
#5184 = CIRCLE ( 'NONE', #357, 33.46499999999999631 ) ;
#5185 = CIRCLE ( 'NONE', #7914, 6.499999999999999112 ) ;
#5186 = CARTESIAN_POINT ( 'NONE',  ( 48.92640687119283882, 42.42640687119283882, 9.999999999999992895 ) ) ;
#5187 = AXIS2_PLACEMENT_3D ( 'NONE', #1803, #2648, #9548 ) ;
#5188 = PLANE ( 'NONE',  #12329 ) ;
#5189 = CARTESIAN_POINT ( 'NONE',  ( -45.50000000000409273, -52.00000000002439293, -67.00000000000000000 ) ) ;
#5190 = ORIENTED_EDGE ( 'NONE', *, *, #6913, .F. ) ;
#5191 = ORIENTED_EDGE ( 'NONE', *, *, #2418, .T. ) ;
#5192 = AXIS2_PLACEMENT_3D ( 'NONE', #2371, #7572, #9336 ) ;
#5193 = CYLINDRICAL_SURFACE ( 'NONE', #1172, 6.800000000000000711 ) ;
#5194 = VECTOR ( 'NONE', #6611, 1000.000000000000000 ) ;
#5195 = AXIS2_PLACEMENT_3D ( 'NONE', #2368, #8293, #6324 ) ;
#5196 = ADVANCED_FACE ( 'NONE', ( #9484 ), #8698, .F. ) ;
#5197 = LINE ( 'NONE', #11043, #10032 ) ;
#5198 = ADVANCED_FACE ( 'NONE', ( #9545 ), #5563, .F. ) ;
#5199 = EDGE_LOOP ( 'NONE', ( #4160, #5270, #10490, #504 ) ) ;
#5200 = CARTESIAN_POINT ( 'NONE',  ( 26.99999999999999645, 154.9000000000000057, -70.00000000000000000 ) ) ;
#5201 = EDGE_LOOP ( 'NONE', ( #11105, #9156, #10810, #4999 ) ) ;
#5202 = EDGE_LOOP ( 'NONE', ( #11640, #2784, #5599, #10632, #2873, #3463, #5959, #1995 ) ) ;
#5203 = CARTESIAN_POINT ( 'NONE',  ( 48.92640687119283882, -42.42640687119285303, 9.999999999999992895 ) ) ;
#5204 = CARTESIAN_POINT ( 'NONE',  ( -29.33956106112634288, 35.75089393306190289, 53.29999999999997584 ) ) ;
#5205 = AXIS2_PLACEMENT_3D ( 'NONE', #9169, #8063, #9043 ) ;
#5206 = CARTESIAN_POINT ( 'NONE',  ( 0.000000000000000000, 114.0000000000000000, -19.50000000000000355 ) ) ;
#5207 = ADVANCED_FACE ( 'NONE', ( #6677 ), #6234, .F. ) ;
#5208 = DIRECTION ( 'NONE',  ( -1.000000000000000000, 0.000000000000000000, 0.000000000000000000 ) ) ;
#5209 = CARTESIAN_POINT ( 'NONE',  ( 0.000000000000000000, 114.0000000000000000, -64.50000000000000000 ) ) ;
#5210 = DIRECTION ( 'NONE',  ( -1.000000000000000000, 0.000000000000000000, 0.000000000000000000 ) ) ;
#5211 = VERTEX_POINT ( 'NONE', #10482 ) ;
#5212 = DIRECTION ( 'NONE',  ( 1.000000000000000000, 0.000000000000000000, 0.000000000000000000 ) ) ;
#5213 = CARTESIAN_POINT ( 'NONE',  ( -51.49999999999992184, -13.47060853663947455, 60.85407270809606928 ) ) ;
#5214 = ORIENTED_EDGE ( 'NONE', *, *, #1754, .F. ) ;
#5215 = CARTESIAN_POINT ( 'NONE',  ( -31.49999999999999289, 73.09999999999999432, 62.93607486307095655 ) ) ;
#5216 = ORIENTED_EDGE ( 'NONE', *, *, #3460, .F. ) ;
#5217 = AXIS2_PLACEMENT_3D ( 'NONE', #7643, #5551, #9537 ) ;
#5218 = PLANE ( 'NONE',  #707 ) ;
#5219 = AXIS2_PLACEMENT_3D ( 'NONE', #7581, #10901, #910 ) ;
#5220 = EDGE_CURVE ( 'NONE', #8433, #7500, #5627, .T. ) ;
#5221 = ORIENTED_EDGE ( 'NONE', *, *, #1905, .F. ) ;
#5222 = CYLINDRICAL_SURFACE ( 'NONE', #12525, 28.08750000000000213 ) ;
#5223 = ORIENTED_EDGE ( 'NONE', *, *, #6512, .F. ) ;
#5224 = CARTESIAN_POINT ( 'NONE',  ( -51.50000000000000000, -9.891959196743037808, 46.76305422273921408 ) ) ;
#5225 = DIRECTION ( 'NONE',  ( 0.000000000000000000, -1.000000000000000000, 0.000000000000000000 ) ) ;
#5226 = ORIENTED_EDGE ( 'NONE', *, *, #7924, .T. ) ;
#5227 = ORIENTED_EDGE ( 'NONE', *, *, #5931, .T. ) ;
#5228 = CIRCLE ( 'NONE', #11304, 7.000000000000000000 ) ;
#5229 = DIRECTION ( 'NONE',  ( -0.000000000000000000, -0.000000000000000000, 1.000000000000000000 ) ) ;
#5230 = AXIS2_PLACEMENT_3D ( 'NONE', #6413, #2194, #9160 ) ;
#5231 = AXIS2_PLACEMENT_3D ( 'NONE', #1005, #11123, #10932 ) ;
#5232 = ORIENTED_EDGE ( 'NONE', *, *, #11823, .F. ) ;
#5233 = LINE ( 'NONE', #4042, #8440 ) ;
#5234 = VERTEX_POINT ( 'NONE', #488 ) ;
#5235 = DIRECTION ( 'NONE',  ( -1.000000000000000000, 0.000000000000000000, 0.000000000000000000 ) ) ;
#5236 = DIRECTION ( 'NONE',  ( -0.000000000000000000, -0.000000000000000000, -1.000000000000000000 ) ) ;
#5237 = CARTESIAN_POINT ( 'NONE',  ( -51.50000000000011369, 13.47060853663944968, 60.85407270809594849 ) ) ;
#5238 = EDGE_CURVE ( 'NONE', #6318, #12698, #4494, .T. ) ;
#5239 = DIRECTION ( 'NONE',  ( 0.000000000000000000, 0.000000000000000000, 1.000000000000000000 ) ) ;
#5240 = CIRCLE ( 'NONE', #11106, 24.50000000000000000 ) ;
#5241 = VECTOR ( 'NONE', #2968, 1000.000000000000000 ) ;
#5242 = ORIENTED_EDGE ( 'NONE', *, *, #10034, .F. ) ;
#5243 = DIRECTION ( 'NONE',  ( -0.000000000000000000, -0.000000000000000000, 1.000000000000000000 ) ) ;
#5244 = DIRECTION ( 'NONE',  ( -1.000000000000000000, 0.000000000000000000, 0.000000000000000000 ) ) ;
#5245 = ORIENTED_EDGE ( 'NONE', *, *, #10805, .F. ) ;
#5246 = VERTEX_POINT ( 'NONE', #5690 ) ;
#5247 = CARTESIAN_POINT ( 'NONE',  ( 27.03999999999999559, 154.8599999999999852, -61.49999999999999289 ) ) ;
#5248 = VERTEX_POINT ( 'NONE', #419 ) ;
#5249 = PLANE ( 'NONE',  #4388 ) ;
#5250 = CIRCLE ( 'NONE', #7557, 29.00000000000001066 ) ;
#5251 = APPROVAL_PERSON_ORGANIZATION ( #9674, #11787, #11595 ) ;
#5252 = CARTESIAN_POINT ( 'NONE',  ( 0.000000000000000000, 114.0000000000000000, -64.50000000000000000 ) ) ;
#5253 = CIRCLE ( 'NONE', #4611, 46.99999999999999289 ) ;
#5254 = DIRECTION ( 'NONE',  ( -0.000000000000000000, -0.000000000000000000, -1.000000000000000000 ) ) ;
#5255 = CARTESIAN_POINT ( 'NONE',  ( -29.33956106112635354, 35.75089393306190289, 112.0000000000000000 ) ) ;
#5256 = EDGE_LOOP ( 'NONE', ( #2681, #1322, #1816, #919 ) ) ;
#5257 = DIRECTION ( 'NONE',  ( -1.000000000000000000, 0.000000000000000000, 0.000000000000000000 ) ) ;
#5258 = ADVANCED_FACE ( 'NONE', ( #8444 ), #4680, .F. ) ;
#5259 = ORIENTED_EDGE ( 'NONE', *, *, #5010, .F. ) ;
#5260 = DIRECTION ( 'NONE',  ( 0.000000000000000000, 0.000000000000000000, -1.000000000000000000 ) ) ;
#5261 = AXIS2_PLACEMENT_3D ( 'NONE', #811, #5888, #4686 ) ;
#5262 = FACE_OUTER_BOUND ( 'NONE', #541, .T. ) ;
#5263 = VERTEX_POINT ( 'NONE', #1486 ) ;
#5264 = ORIENTED_EDGE ( 'NONE', *, *, #11009, .T. ) ;
#5265 = CARTESIAN_POINT ( 'NONE',  ( 39.12398950069061243, -28.87693130457877544, 112.0000000000000000 ) ) ;
#5266 = DIRECTION ( 'NONE',  ( -0.000000000000000000, -0.000000000000000000, 1.000000000000000000 ) ) ;
#5267 = ORIENTED_EDGE ( 'NONE', *, *, #12715, .F. ) ;
#5268 = CARTESIAN_POINT ( 'NONE',  ( 38.19999999999997442, 22.14000000000005031, 19.60000000000000497 ) ) ;
#5269 = ORIENTED_EDGE ( 'NONE', *, *, #3078, .T. ) ;
#5270 = ORIENTED_EDGE ( 'NONE', *, *, #730, .T. ) ;
#5271 = CIRCLE ( 'NONE', #9464, 4.599999999999992539 ) ;
#5272 = CIRCLE ( 'NONE', #6946, 12.50000000000000000 ) ;
#5273 = DIRECTION ( 'NONE',  ( 1.000000000000000000, 0.000000000000000000, 0.000000000000000000 ) ) ;
#5274 = CARTESIAN_POINT ( 'NONE',  ( -22.50000000000000000, 114.0000000000000000, 14.20569654897112244 ) ) ;
#5275 = DIRECTION ( 'NONE',  ( -1.000000000000000000, 0.000000000000000000, 0.000000000000000000 ) ) ;
#5276 = EDGE_CURVE ( 'NONE', #7863, #318, #9797, .T. ) ;
#5277 = EDGE_CURVE ( 'NONE', #3791, #8979, #12577, .T. ) ;
#5278 = FACE_OUTER_BOUND ( 'NONE', #7143, .T. ) ;
#5279 = CARTESIAN_POINT ( 'NONE',  ( -39.02640687119307472, 42.42640687119262566, -18.00000000000000355 ) ) ;
#5280 = AXIS2_PLACEMENT_3D ( 'NONE', #2047, #10322, #2173 ) ;
#5281 = VECTOR ( 'NONE', #4515, 1000.000000000000000 ) ;
#5282 = DIRECTION ( 'NONE',  ( -0.000000000000000000, -0.000000000000000000, 1.000000000000000000 ) ) ;
#5283 = VERTEX_POINT ( 'NONE', #9998 ) ;
#5284 = CARTESIAN_POINT ( 'NONE',  ( 0.000000000000000000, 114.0000000000000000, -21.09556051177057867 ) ) ;
#5285 = CARTESIAN_POINT ( 'NONE',  ( -45.49999999999992184, -5.973941752240142122, 70.48587473309794404 ) ) ;
#5286 = EDGE_CURVE ( 'NONE', #1701, #5771, #3954, .T. ) ;
#5287 = ORIENTED_EDGE ( 'NONE', *, *, #1360, .F. ) ;
#5288 = DIRECTION ( 'NONE',  ( 0.000000000000000000, 0.000000000000000000, -1.000000000000000000 ) ) ;
#5289 = ORIENTED_EDGE ( 'NONE', *, *, #9681, .T. ) ;
#5290 = EDGE_LOOP ( 'NONE', ( #5640, #11414, #1004, #8186 ) ) ;
#5291 = AXIS2_PLACEMENT_3D ( 'NONE', #3799, #2754, #8737 ) ;
#5292 = AXIS2_PLACEMENT_3D ( 'NONE', #5407, #1942, #10259 ) ;
#5293 = CARTESIAN_POINT ( 'NONE',  ( -45.50000000000012790, -12.65960891921467280, 55.67139415457066320 ) ) ;
#5294 = LINE ( 'NONE', #5153, #1197 ) ;
#5295 = VERTEX_POINT ( 'NONE', #6003 ) ;
#5296 = ORIENTED_EDGE ( 'NONE', *, *, #8023, .F. ) ;
#5297 = DIRECTION ( 'NONE',  ( 0.000000000000000000, -1.000000000000000000, 0.000000000000000000 ) ) ;
#5298 = CARTESIAN_POINT ( 'NONE',  ( 39.12398950069061243, -28.87693130457877189, 112.0000000000000000 ) ) ;
#5299 = VECTOR ( 'NONE', #8887, 1000.000000000000114 ) ;
#5300 = AXIS2_PLACEMENT_3D ( 'NONE', #3930, #4923, #9001 ) ;
#5301 = ORIENTED_EDGE ( 'NONE', *, *, #7317, .T. ) ;
#5302 = CARTESIAN_POINT ( 'NONE',  ( -52.00000000000007105, 68.49999999999998579, -1.000000000000000000 ) ) ;
#5303 = ADVANCED_FACE ( 'NONE', ( #5809 ), #11979, .T. ) ;
#5304 = VECTOR ( 'NONE', #12475, 1000.000000000000000 ) ;
#5305 = ADVANCED_FACE ( 'NONE', ( #12964 ), #4938, .F. ) ;
#5306 = ORIENTED_EDGE ( 'NONE', *, *, #6017, .T. ) ;
#5307 = CARTESIAN_POINT ( 'NONE',  ( -26.75000000000000000, 114.0000000000000000, -51.50000000000000000 ) ) ;
#5308 = ORIENTED_EDGE ( 'NONE', *, *, #8199, .F. ) ;
#5309 = EDGE_LOOP ( 'NONE', ( #4763, #9922, #1856, #11098 ) ) ;
#5310 = DIRECTION ( 'NONE',  ( 1.000000000000000000, 0.000000000000000000, 0.000000000000000000 ) ) ;
#5311 = LINE ( 'NONE', #7270, #3309 ) ;
#5312 = CARTESIAN_POINT ( 'NONE',  ( -28.28999999999999204, 73.14000000000000057, -61.49999999999999289 ) ) ;
#5313 = CARTESIAN_POINT ( 'NONE',  ( 0.000000000000000000, 114.0000000000000000, -49.00000000000000000 ) ) ;
#5314 = VERTEX_POINT ( 'NONE', #6988 ) ;
#5315 = ORIENTED_EDGE ( 'NONE', *, *, #5238, .F. ) ;
#5316 = DIRECTION ( 'NONE',  ( -0.000000000000000000, -0.000000000000000000, 1.000000000000000000 ) ) ;
#5317 = CARTESIAN_POINT ( 'NONE',  ( 38.20000000000000995, -22.13999999999998636, 53.29999999999999005 ) ) ;
#5318 = LINE ( 'NONE', #309, #4052 ) ;
#5319 = CARTESIAN_POINT ( 'NONE',  ( -28.87693130457876478, -39.12398950069061954, 73.39999999999997726 ) ) ;
#5320 = EDGE_CURVE ( 'NONE', #6934, #1679, #6855, .T. ) ;
#5321 = FACE_OUTER_BOUND ( 'NONE', #4632, .T. ) ;
#5322 = VECTOR ( 'NONE', #7729, 1000.000000000000000 ) ;
#5323 = LINE ( 'NONE', #9184, #13 ) ;
#5324 = EDGE_CURVE ( 'NONE', #7848, #10695, #3759, .T. ) ;
#5325 = CARTESIAN_POINT ( 'NONE',  ( 0.000000000000000000, 114.0000000000000000, -44.90443948822942843 ) ) ;
#5326 = ORIENTED_EDGE ( 'NONE', *, *, #4882, .F. ) ;
#5327 = DIRECTION ( 'NONE',  ( -0.000000000000000000, -0.000000000000000000, 1.000000000000000000 ) ) ;
#5328 = AXIS2_PLACEMENT_3D ( 'NONE', #515, #3534, #2545 ) ;
#5329 = VERTEX_POINT ( 'NONE', #2898 ) ;
#5330 = VECTOR ( 'NONE', #1443, 1000.000000000000000 ) ;
#5331 = DIRECTION ( 'NONE',  ( -0.4999999999999999445, 6.123233995736764803E-17, 0.8660254037844387076 ) ) ;
#5332 = CIRCLE ( 'NONE', #10991, 6.499999999999999112 ) ;
#5333 = FACE_OUTER_BOUND ( 'NONE', #4863, .T. ) ;
#5334 = ORIENTED_EDGE ( 'NONE', *, *, #9469, .T. ) ;
#5335 = DIRECTION ( 'NONE',  ( 0.000000000000000000, 0.000000000000000000, -1.000000000000000000 ) ) ;
#5336 = CARTESIAN_POINT ( 'NONE',  ( -33.46499999999999631, 114.0000000000000000, -44.90443948822942843 ) ) ;
#5337 = EDGE_CURVE ( 'NONE', #5021, #1826, #4019, .T. ) ;
#5338 = ORIENTED_EDGE ( 'NONE', *, *, #8889, .F. ) ;
#5339 = CARTESIAN_POINT ( 'NONE',  ( -26.99999999999999645, 73.09999999999999432, -72.00000000000001421 ) ) ;
#5340 = VERTEX_POINT ( 'NONE', #7781 ) ;
#5341 = ORIENTED_EDGE ( 'NONE', *, *, #7980, .T. ) ;
#5342 = AXIS2_PLACEMENT_3D ( 'NONE', #2272, #12334, #371 ) ;
#5343 = CARTESIAN_POINT ( 'NONE',  ( -45.00000000000001421, 22.14000000000006452, 53.29999999999997584 ) ) ;
#5344 = DIRECTION ( 'NONE',  ( 0.000000000000000000, 1.000000000000000000, 0.000000000000000000 ) ) ;
#5345 = CARTESIAN_POINT ( 'NONE',  ( 0.000000000000000000, 114.0000000000000000, -21.09556051177057867 ) ) ;
#5346 = LINE ( 'NONE', #6460, #10217 ) ;
#5347 = DIRECTION ( 'NONE',  ( 1.000000000000000000, 0.000000000000000000, 0.000000000000000000 ) ) ;
#5348 = FACE_OUTER_BOUND ( 'NONE', #5367, .T. ) ;
#5349 = DIRECTION ( 'NONE',  ( -0.000000000000000000, 0.000000000000000000, -1.000000000000000000 ) ) ;
#5350 = ORIENTED_EDGE ( 'NONE', *, *, #3453, .F. ) ;
#5351 = CARTESIAN_POINT ( 'NONE',  ( 0.000000000000000000, 114.0000000000000000, -2.500000000000005773 ) ) ;
#5352 = CARTESIAN_POINT ( 'NONE',  ( -51.50000000000000711, 6.301806461634237522, 39.30000000000005400 ) ) ;
#5353 = EDGE_CURVE ( 'NONE', #2852, #9325, #2829, .T. ) ;
#5354 = EDGE_LOOP ( 'NONE', ( #12302, #1705, #9977, #7449 ) ) ;
#5355 = CARTESIAN_POINT ( 'NONE',  ( 39.12398950069049164, 28.87693130457883584, 112.0000000000000000 ) ) ;
#5356 = CARTESIAN_POINT ( 'NONE',  ( -45.50000000000004974, -5.973941752240147451, 70.48587473309795826 ) ) ;
#5357 = CARTESIAN_POINT ( 'NONE',  ( -45.50000000000007105, 61.99999999999998579, -1.000000000000000000 ) ) ;
#5358 = EDGE_CURVE ( 'NONE', #7930, #1419, #5184, .T. ) ;
#5359 = ORIENTED_EDGE ( 'NONE', *, *, #12703, .F. ) ;
#5360 = CYLINDRICAL_SURFACE ( 'NONE', #10735, 26.00000000000001066 ) ;
#5361 = DIRECTION ( 'NONE',  ( -0.1358808089250767570, -0.9907251918498221066, 0.000000000000000000 ) ) ;
#5362 = EDGE_CURVE ( 'NONE', #8086, #11489, #4754, .T. ) ;
#5363 = ORIENTED_EDGE ( 'NONE', *, *, #9636, .F. ) ;
#5364 = DIRECTION ( 'NONE',  ( 0.000000000000000000, 0.000000000000000000, -1.000000000000000000 ) ) ;
#5365 = ADVANCED_FACE ( 'NONE', ( #2771 ), #9739, .F. ) ;
#5366 = EDGE_CURVE ( 'NONE', #1120, #6283, #10007, .T. ) ;
#5367 = EDGE_LOOP ( 'NONE', ( #4103, #3568 ) ) ;
#5368 = CARTESIAN_POINT ( 'NONE',  ( 42.42999999999999261, 156.4300000000000068, 6.499999999999996447 ) ) ;
#5369 = VERTEX_POINT ( 'NONE', #12 ) ;
#5370 = ORIENTED_EDGE ( 'NONE', *, *, #8430, .T. ) ;
#5371 = CARTESIAN_POINT ( 'NONE',  ( -42.42640687119284593, 42.42640687119283172, 9.999999999999992895 ) ) ;
#5372 = DIRECTION ( 'NONE',  ( 0.000000000000000000, 0.000000000000000000, -1.000000000000000000 ) ) ;
#5373 = LINE ( 'NONE', #631, #489 ) ;
#5374 = FACE_OUTER_BOUND ( 'NONE', #12332, .T. ) ;
#5375 = ADVANCED_FACE ( 'NONE', ( #12837 ), #1198, .T. ) ;
#5376 = VECTOR ( 'NONE', #11832, 1000.000000000000000 ) ;
#5377 = EDGE_CURVE ( 'NONE', #4744, #4183, #9224, .T. ) ;
#5378 = EDGE_LOOP ( 'NONE', ( #5907, #7062, #2933, #554 ) ) ;
#5379 = CARTESIAN_POINT ( 'NONE',  ( -28.87693130457883939, 39.12398950069048453, 112.0000000000000000 ) ) ;
#5380 = CARTESIAN_POINT ( 'NONE',  ( -12.50000000000000000, 114.0000000000000000, -49.00000000000000000 ) ) ;
#5381 = EDGE_CURVE ( 'NONE', #3581, #776, #4343, .T. ) ;
#5382 = CARTESIAN_POINT ( 'NONE',  ( -4.000000000000000888, 114.0000000000000000, -65.35000000000000853 ) ) ;
#5383 = CARTESIAN_POINT ( 'NONE',  ( -42.67205742728176432, 80.58668790124114878, 11.49999999999999645 ) ) ;
#5384 = EDGE_CURVE ( 'NONE', #11018, #5745, #569, .T. ) ;
#5385 = CARTESIAN_POINT ( 'NONE',  ( 48.92640687119283882, 42.42640687119283882, 9.999999999999992895 ) ) ;
#5386 = CARTESIAN_POINT ( 'NONE',  ( 12.50000000000000000, 114.0000000000000000, -4.500000000000003553 ) ) ;
#5387 = VECTOR ( 'NONE', #4069, 1000.000000000000000 ) ;
#5388 = CARTESIAN_POINT ( 'NONE',  ( 33.46499999999999631, 114.0000000000000000, -51.50000000000000711 ) ) ;
#5389 = VERTEX_POINT ( 'NONE', #7179 ) ;
#5390 = DIRECTION ( 'NONE',  ( 1.000000000000000000, 0.000000000000000000, 0.000000000000000000 ) ) ;
#5391 = ORIENTED_EDGE ( 'NONE', *, *, #4220, .F. ) ;
#5392 = AXIS2_PLACEMENT_3D ( 'NONE', #9115, #5239, #10364 ) ;
#5393 = EDGE_CURVE ( 'NONE', #8290, #4519, #2112, .T. ) ;
#5394 = DIRECTION ( 'NONE',  ( 0.1358808089250893303, -0.9907251918498203302, 1.571437527847142324E-17 ) ) ;
#5395 = AXIS2_PLACEMENT_3D ( 'NONE', #2725, #4756, #2787 ) ;
#5396 = FACE_OUTER_BOUND ( 'NONE', #9174, .T. ) ;
#5397 = ORIENTED_EDGE ( 'NONE', *, *, #2418, .F. ) ;
#5398 = FACE_OUTER_BOUND ( 'NONE', #3414, .T. ) ;
#5399 = LINE ( 'NONE', #9650, #8372 ) ;
#5400 = ORIENTED_EDGE ( 'NONE', *, *, #11860, .F. ) ;
#5401 = AXIS2_PLACEMENT_3D ( 'NONE', #11117, #3165, #4016 ) ;
#5402 = DIRECTION ( 'NONE',  ( -0.000000000000000000, -0.000000000000000000, -1.000000000000000000 ) ) ;
#5403 = CIRCLE ( 'NONE', #8967, 0.9999999999999940048 ) ;
#5404 = ORIENTED_EDGE ( 'NONE', *, *, #11096, .F. ) ;
#5405 = VERTEX_POINT ( 'NONE', #6068 ) ;
#5406 = CYLINDRICAL_SURFACE ( 'NONE', #10089, 19.90000000000000213 ) ;
#5407 = CARTESIAN_POINT ( 'NONE',  ( 0.000000000000000000, 114.0000000000000000, 10.49999999999999467 ) ) ;
#5408 = AXIS2_PLACEMENT_3D ( 'NONE', #5431, #5364, #8448 ) ;
#5409 = DIRECTION ( 'NONE',  ( -1.000000000000000000, -2.001604010742469762E-16, 0.000000000000000000 ) ) ;
#5410 = EDGE_CURVE ( 'NONE', #8218, #8985, #3299, .T. ) ;
#5411 = CYLINDRICAL_SURFACE ( 'NONE', #12541, 1.999999999999994893 ) ;
#5412 = AXIS2_PLACEMENT_3D ( 'NONE', #1338, #9534, #12364 ) ;
#5413 = VECTOR ( 'NONE', #1137, 1000.000000000000000 ) ;
#5414 = CIRCLE ( 'NONE', #1842, 1.000000000000000888 ) ;
#5415 = CYLINDRICAL_SURFACE ( 'NONE', #5869, 4.999999999999984013 ) ;
#5416 = DIRECTION ( 'NONE',  ( -0.000000000000000000, -0.000000000000000000, 1.000000000000000000 ) ) ;
#5417 = CYLINDRICAL_SURFACE ( 'NONE', #10674, 6.499999999999999112 ) ;
#5418 = EDGE_LOOP ( 'NONE', ( #5190, #6439, #1778, #8847 ) ) ;
#5419 = CARTESIAN_POINT ( 'NONE',  ( 42.42640687119283882, -42.42640687119285303, 11.59999999999999254 ) ) ;
#5420 = CARTESIAN_POINT ( 'NONE',  ( -45.49999999999993605, 12.97039864322712788, 60.79326481154384965 ) ) ;
#5421 = ORIENTED_EDGE ( 'NONE', *, *, #2724, .T. ) ;
#5422 = VECTOR ( 'NONE', #7160, 1000.000000000000000 ) ;
#5423 = CARTESIAN_POINT ( 'NONE',  ( -45.50000000000000711, 12.33562530726521800, 54.69727550537960781 ) ) ;
#5424 = EDGE_CURVE ( 'NONE', #3673, #3546, #8093, .T. ) ;
#5425 = CARTESIAN_POINT ( 'NONE',  ( -51.49999999999999289, 8.882333257533593596, 69.13387901857001339 ) ) ;
#5426 = ORIENTED_EDGE ( 'NONE', *, *, #8006, .F. ) ;
#5427 = DATE_AND_TIME ( #2584, #11754 ) ;
#5428 = DIRECTION ( 'NONE',  ( 0.000000000000000000, 1.000000000000000000, 0.000000000000000000 ) ) ;
#5429 = CARTESIAN_POINT ( 'NONE',  ( 35.75089393306192420, 29.33956106112633933, 19.60000000000000497 ) ) ;
#5430 = ORIENTED_EDGE ( 'NONE', *, *, #2717, .F. ) ;
#5431 = CARTESIAN_POINT ( 'NONE',  ( 0.000000000000000000, 114.0000000000000000, -1.500000000000001332 ) ) ;
#5432 = ORIENTED_EDGE ( 'NONE', *, *, #4031, .F. ) ;
#5433 = DIRECTION ( 'NONE',  ( -0.000000000000000000, -0.000000000000000000, 1.000000000000000000 ) ) ;
#5434 = ORIENTED_EDGE ( 'NONE', *, *, #5794, .F. ) ;
#5435 = AXIS2_PLACEMENT_3D ( 'NONE', #604, #7708, #6532 ) ;
#5436 = CIRCLE ( 'NONE', #8375, 33.46500000000000341 ) ;
#5437 = ORIENTED_EDGE ( 'NONE', *, *, #6526, .F. ) ;
#5438 = ORIENTED_EDGE ( 'NONE', *, *, #10985, .T. ) ;
#5439 = DIRECTION ( 'NONE',  ( -1.000000000000000000, 6.672013369141553137E-17, -0.000000000000000000 ) ) ;
#5440 = DIRECTION ( 'NONE',  ( -0.000000000000000000, 0.000000000000000000, -1.000000000000000000 ) ) ;
#5441 = CARTESIAN_POINT ( 'NONE',  ( -51.50000000000001421, -13.14532928934594835, 55.54749221803535875 ) ) ;
#5442 = DIRECTION ( 'NONE',  ( 0.000000000000000000, 0.000000000000000000, -1.000000000000000000 ) ) ;
#5443 = ORIENTED_EDGE ( 'NONE', *, *, #4662, .F. ) ;
#5444 = ORIENTED_EDGE ( 'NONE', *, *, #7018, .T. ) ;
#5445 = AXIS2_PLACEMENT_3D ( 'NONE', #12878, #11949, #2937 ) ;
#5446 = CIRCLE ( 'NONE', #8155, 1.999999999999980904 ) ;
#5447 = CONICAL_SURFACE ( 'NONE', #10476, 3.399999999999993250, 1.029744258676652757 ) ;
#5448 = LINE ( 'NONE', #6364, #10158 ) ;
#5449 = DIRECTION ( 'NONE',  ( 0.000000000000000000, 0.000000000000000000, 1.000000000000000000 ) ) ;
#5450 = EDGE_LOOP ( 'NONE', ( #4809, #5530, #306, #9238 ) ) ;
#5451 = DIRECTION ( 'NONE',  ( 0.000000000000000000, 1.000000000000000000, 0.000000000000000000 ) ) ;
#5452 = AXIS2_PLACEMENT_3D ( 'NONE', #5209, #9279, #2239 ) ;
#5453 = CARTESIAN_POINT ( 'NONE',  ( -32.17016143302159037, 77.03947087265486005, -70.00000000000000000 ) ) ;
#5454 = EDGE_CURVE ( 'NONE', #4519, #4969, #1428, .T. ) ;
#5455 = CARTESIAN_POINT ( 'NONE',  ( 0.000000000000000000, 114.0000000000000000, 29.09545482057523813 ) ) ;
#5456 = CYLINDRICAL_SURFACE ( 'NONE', #6953, 6.800000000000004263 ) ;
#5457 = EDGE_CURVE ( 'NONE', #9225, #3860, #2176, .T. ) ;
#5458 = DIRECTION ( 'NONE',  ( 1.000000000000000000, 0.000000000000000000, 0.000000000000000000 ) ) ;
#5459 = ORIENTED_EDGE ( 'NONE', *, *, #5353, .T. ) ;
#5460 = VECTOR ( 'NONE', #9806, 1000.000000000000000 ) ;
#5461 = CIRCLE ( 'NONE', #5435, 6.800000000000007816 ) ;
#5462 = CARTESIAN_POINT ( 'NONE',  ( 0.000000000000000000, 114.0000000000000000, -4.500000000000003553 ) ) ;
#5463 = VERTEX_POINT ( 'NONE', #6188 ) ;
#5464 = ADVANCED_FACE ( 'NONE', ( #11057 ), #4170, .T. ) ;
#5465 = VECTOR ( 'NONE', #10463, 1000.000000000000000 ) ;
#5466 = CARTESIAN_POINT ( 'NONE',  ( 35.75089393306183894, -29.33956106112634998, 112.0000000000000000 ) ) ;
#5467 = ORIENTED_EDGE ( 'NONE', *, *, #7349, .T. ) ;
#5468 = AXIS2_PLACEMENT_3D ( 'NONE', #737, #11653, #9733 ) ;
#5469 = CARTESIAN_POINT ( 'NONE',  ( -42.42640687119281040, -46.67640687119281750, 10.00000000000000000 ) ) ;
#5470 = FACE_OUTER_BOUND ( 'NONE', #1075, .T. ) ;
#5471 = MANIFOLD_SOLID_BREP ( 'GFS6G5Å`100FR_S-5/S-BB6009ZZ-G-2-solid1', #3024 ) ;
#5472 = ORIENTED_EDGE ( 'NONE', *, *, #3668, .F. ) ;
#5473 = DIRECTION ( 'NONE',  ( 0.000000000000000000, 0.000000000000000000, -1.000000000000000000 ) ) ;
#5474 = ADVANCED_FACE ( 'NONE', ( #8296 ), #1339, .T. ) ;
#5475 = ORIENTED_EDGE ( 'NONE', *, *, #11169, .T. ) ;
#5476 = ORIENTED_EDGE ( 'NONE', *, *, #9691, .F. ) ;
#5477 = DIRECTION ( 'NONE',  ( -0.000000000000000000, -0.000000000000000000, 1.000000000000000000 ) ) ;
#5478 = FACE_OUTER_BOUND ( 'NONE', #5290, .T. ) ;
#5479 = AXIS2_PLACEMENT_3D ( 'NONE', #429, #2262, #7267 ) ;
#5480 = DIRECTION ( 'NONE',  ( -1.000000000000000000, 0.000000000000000000, 0.000000000000000000 ) ) ;
#5481 = DIRECTION ( 'NONE',  ( -0.000000000000000000, 0.000000000000000000, -1.000000000000000000 ) ) ;
#5482 = DIRECTION ( 'NONE',  ( -0.000000000000000000, -0.000000000000000000, 1.000000000000000000 ) ) ;
#5483 = FACE_OUTER_BOUND ( 'NONE', #4701, .T. ) ;
#5484 = CARTESIAN_POINT ( 'NONE',  ( 52.00000000000002842, 68.50000000000837019, -72.00000000000001421 ) ) ;
#5485 = VERTEX_POINT ( 'NONE', #10266 ) ;
#5486 = CARTESIAN_POINT ( 'NONE',  ( -42.49999999999998579, 42.50000000000000000, 10.00000000000000000 ) ) ;
#5487 = FACE_OUTER_BOUND ( 'NONE', #5854, .T. ) ;
#5488 = ADVANCED_FACE ( 'NONE', ( #4079 ), #275, .T. ) ;
#5489 = ORIENTED_EDGE ( 'NONE', *, *, #4561, .T. ) ;
#5490 = EDGE_CURVE ( 'NONE', #7866, #9824, #9338, .T. ) ;
#5491 = CARTESIAN_POINT ( 'NONE',  ( 35.75089393306190999, 29.33956106112634643, 112.0000000000000000 ) ) ;
#5492 = EDGE_CURVE ( 'NONE', #2633, #221, #6502, .T. ) ;
#5493 = LINE ( 'NONE', #10343, #3285 ) ;
#5494 = AXIS2_PLACEMENT_3D ( 'NONE', #7498, #8419, #1653 ) ;
#5495 = PERSON_AND_ORGANIZATION_ROLE ( 'creator' ) ;
#5496 = CARTESIAN_POINT ( 'NONE',  ( -4.000000000000000888, 125.8427192823270104, -65.35000000000000853 ) ) ;
#5497 = CARTESIAN_POINT ( 'NONE',  ( 27.04000000000000270, 73.14000000000001478, 6.499999999999996447 ) ) ;
#5498 = ADVANCED_FACE ( 'NONE', ( #5079 ), #9594, .T. ) ;
#5499 = VERTEX_POINT ( 'NONE', #6658 ) ;
#5500 = FACE_BOUND ( 'NONE', #3250, .T. ) ;
#5501 = EDGE_CURVE ( 'NONE', #6742, #10125, #3126, .T. ) ;
#5502 = ORIENTED_EDGE ( 'NONE', *, *, #1281, .T. ) ;
#5503 = DIRECTION ( 'NONE',  ( -0.000000000000000000, -0.000000000000000000, 1.000000000000000000 ) ) ;
#5504 = ORIENTED_EDGE ( 'NONE', *, *, #1832, .T. ) ;
#5505 = VECTOR ( 'NONE', #9529, 1000.000000000000000 ) ;
#5506 = VECTOR ( 'NONE', #7398, 1000.000000000000000 ) ;
#5507 = ORIENTED_EDGE ( 'NONE', *, *, #12130, .F. ) ;
#5508 = DIRECTION ( 'NONE',  ( 1.000000000000000000, 0.000000000000000000, 0.000000000000000000 ) ) ;
#5509 = CARTESIAN_POINT ( 'NONE',  ( -51.50000000000000711, 5.000000000000015987, 40.29999999999998295 ) ) ;
#5510 = DIRECTION ( 'NONE',  ( -0.000000000000000000, -0.000000000000000000, 1.000000000000000000 ) ) ;
#5511 = CARTESIAN_POINT ( 'NONE',  ( 45.00000000000000711, 45.00000000000000000, 53.29999999999999005 ) ) ;
#5512 = ORIENTED_EDGE ( 'NONE', *, *, #9323, .T. ) ;
#5513 = AXIS2_PLACEMENT_3D ( 'NONE', #10492, #8257, #12260 ) ;
#5514 = AXIS2_PLACEMENT_3D ( 'NONE', #4567, #2335, #10421 ) ;
#5515 = VECTOR ( 'NONE', #99, 1000.000000000000000 ) ;
#5516 = CARTESIAN_POINT ( 'NONE',  ( -34.50000000000000711, 114.0000000000000000, -21.09556051177057867 ) ) ;
#5517 = CARTESIAN_POINT ( 'NONE',  ( 0.000000000000000000, 114.0000000000000000, -78.00000000000000000 ) ) ;
#5518 = VERTEX_POINT ( 'NONE', #7573 ) ;
#5519 = CARTESIAN_POINT ( 'NONE',  ( 36.76999999999996760, 36.77000000000000313, 10.00000000000000000 ) ) ;
#5520 = DIRECTION ( 'NONE',  ( -0.000000000000000000, -0.000000000000000000, -1.000000000000000000 ) ) ;
#5521 = CARTESIAN_POINT ( 'NONE',  ( 0.000000000000000000, 114.0000000000000000, 14.20569654897112244 ) ) ;
#5522 = CARTESIAN_POINT ( 'NONE',  ( 0.000000000000000000, 114.0000000000000000, -63.50000000000000000 ) ) ;
#5523 = EDGE_LOOP ( 'NONE', ( #8719, #436, #9958, #9161 ) ) ;
#5524 = DIRECTION ( 'NONE',  ( 0.8571673007021114454, 0.000000000000000000, 0.5150380749100555988 ) ) ;
#5525 = ADVANCED_FACE ( 'NONE', ( #7508 ), #2629, .T. ) ;
#5526 = VECTOR ( 'NONE', #7837, 1000.000000000000000 ) ;
#5527 = AXIS2_PLACEMENT_3D ( 'NONE', #2035, #5922, #12944 ) ;
#5528 = ORIENTED_EDGE ( 'NONE', *, *, #819, .T. ) ;
#5529 = DIRECTION ( 'NONE',  ( 0.000000000000000000, 0.000000000000000000, -1.000000000000000000 ) ) ;
#5530 = ORIENTED_EDGE ( 'NONE', *, *, #5490, .T. ) ;
#5531 = DIRECTION ( 'NONE',  ( 0.000000000000000000, 0.000000000000000000, 1.000000000000000000 ) ) ;
#5532 = ORIENTED_EDGE ( 'NONE', *, *, #1101, .T. ) ;
#5533 = ORIENTED_EDGE ( 'NONE', *, *, #1424, .F. ) ;
#5534 = CIRCLE ( 'NONE', #2358, 4.999999999999997335 ) ;
#5535 = CARTESIAN_POINT ( 'NONE',  ( 22.13999999999997215, 38.20000000000000995, 112.0000000000000000 ) ) ;
#5536 = DIRECTION ( 'NONE',  ( 1.000000000000000000, 0.000000000000000000, 0.000000000000000000 ) ) ;
#5537 = EDGE_LOOP ( 'NONE', ( #2970, #839 ) ) ;
#5538 = CARTESIAN_POINT ( 'NONE',  ( -20.00000000000000000, 114.0000000000000000, -77.99999999999998579 ) ) ;
#5539 = EDGE_CURVE ( 'NONE', #8100, #10043, #11517, .T. ) ;
#5540 = EDGE_LOOP ( 'NONE', ( #10022, #6981, #12067, #3090 ) ) ;
#5541 = CARTESIAN_POINT ( 'NONE',  ( -46.67640687119277487, 156.4264068711929383, -77.00000000000000000 ) ) ;
#5542 = DIRECTION ( 'NONE',  ( -0.000000000000000000, 0.000000000000000000, -1.000000000000000000 ) ) ;
#5543 = AXIS2_PLACEMENT_3D ( 'NONE', #2337, #1622, #3457 ) ;
#5544 = DIRECTION ( 'NONE',  ( 0.000000000000000000, 0.000000000000000000, -1.000000000000000000 ) ) ;
#5545 = DIRECTION ( 'NONE',  ( -0.000000000000000000, -0.000000000000000000, 1.000000000000000000 ) ) ;
#5546 = EDGE_CURVE ( 'NONE', #5647, #10207, #12630, .T. ) ;
#5547 = ADVANCED_FACE ( 'NONE', ( #4603 ), #5415, .F. ) ;
#5548 = DIRECTION ( 'NONE',  ( -0.000000000000000000, -0.000000000000000000, 1.000000000000000000 ) ) ;
#5549 = CIRCLE ( 'NONE', #7641, 47.00000000000000000 ) ;
#5550 = CARTESIAN_POINT ( 'NONE',  ( -38.17640687119276777, 156.4264068711929383, 11.50000000000001066 ) ) ;
#5551 = DIRECTION ( 'NONE',  ( -0.000000000000000000, -0.000000000000000000, 1.000000000000000000 ) ) ;
#5552 = ORIENTED_EDGE ( 'NONE', *, *, #2187, .F. ) ;
#5553 = CIRCLE ( 'NONE', #4485, 21.00000000000000355 ) ;
#5554 = CARTESIAN_POINT ( 'NONE',  ( -22.50000000000000000, 114.0000000000000000, -21.09556051177057867 ) ) ;
#5555 = CARTESIAN_POINT ( 'NONE',  ( -28.87693130457876478, -39.12398950069061954, 10.00000000000000000 ) ) ;
#5556 = ORIENTED_EDGE ( 'NONE', *, *, #4320, .F. ) ;
#5557 = AXIS2_PLACEMENT_3D ( 'NONE', #6091, #7075, #11084 ) ;
#5558 = DIRECTION ( 'NONE',  ( 0.000000000000000000, 0.000000000000000000, 1.000000000000000000 ) ) ;
#5559 = CIRCLE ( 'NONE', #5976, 4.250000000000003553 ) ;
#5560 = FACE_OUTER_BOUND ( 'NONE', #4429, .T. ) ;
#5561 = EDGE_CURVE ( 'NONE', #4086, #7429, #7545, .T. ) ;
#5562 = APPROVAL_ROLE ( '' ) ;
#5563 = CYLINDRICAL_SURFACE ( 'NONE', #145, 1.249999999999994227 ) ;
#5564 = PLANE ( 'NONE',  #11316 ) ;
#5565 = EDGE_LOOP ( 'NONE', ( #7436, #11603 ) ) ;
#5566 = CARTESIAN_POINT ( 'NONE',  ( 0.000000000000000000, 114.0000000000000000, -66.32679491924312742 ) ) ;
#5567 = ORIENTED_EDGE ( 'NONE', *, *, #842, .F. ) ;
#5568 = DIRECTION ( 'NONE',  ( 0.000000000000000000, 0.000000000000000000, -1.000000000000000000 ) ) ;
#5569 = EDGE_LOOP ( 'NONE', ( #509, #8674, #11343, #11898, #12342 ) ) ;
#5570 = VERTEX_POINT ( 'NONE', #8558 ) ;
#5571 = DIRECTION ( 'NONE',  ( 1.000000000000000000, 0.000000000000000000, 0.000000000000000000 ) ) ;
#5572 = DIRECTION ( 'NONE',  ( 0.000000000000000000, 0.000000000000000000, -1.000000000000000000 ) ) ;
#5573 = LINE ( 'NONE', #366, #6155 ) ;
#5574 = LINE ( 'NONE', #5511, #1609 ) ;
#5575 = ADVANCED_FACE ( 'NONE', ( #7445 ), #1532, .F. ) ;
#5576 = ORIENTED_EDGE ( 'NONE', *, *, #9846, .F. ) ;
#5577 = MANIFOLD_SOLID_BREP ( 'GFS6G5Å`100FR_S-5/S-BB6009ZZ-G-1-solid1', #11006 ) ;
#5578 = DIRECTION ( 'NONE',  ( 0.000000000000000000, 0.000000000000000000, -1.000000000000000000 ) ) ;
#5579 = CARTESIAN_POINT ( 'NONE',  ( 35.75089393306183894, -29.33956106112634998, 53.29999999999999005 ) ) ;
#5580 = ORIENTED_EDGE ( 'NONE', *, *, #2749, .F. ) ;
#5581 = DIRECTION ( 'NONE',  ( 0.000000000000000000, 0.000000000000000000, -1.000000000000000000 ) ) ;
#5582 = CARTESIAN_POINT ( 'NONE',  ( -52.00000000000005684, 159.4999999999999716, 11.50000000000001066 ) ) ;
#5583 = DIRECTION ( 'NONE',  ( 0.000000000000000000, 0.000000000000000000, 1.000000000000000000 ) ) ;
#5584 = FACE_BOUND ( 'NONE', #5038, .T. ) ;
#5585 = ORIENTED_EDGE ( 'NONE', *, *, #1583, .T. ) ;
#5586 = ORIENTED_EDGE ( 'NONE', *, *, #10009, .F. ) ;
#5587 = CARTESIAN_POINT ( 'NONE',  ( -42.42640687119281040, -42.42640687119281040, 10.00000000000000000 ) ) ;
#5588 = ORIENTED_EDGE ( 'NONE', *, *, #10128, .T. ) ;
#5589 = VECTOR ( 'NONE', #6973, 1000.000000000000000 ) ;
#5590 = DIRECTION ( 'NONE',  ( 1.000000000000000000, 0.000000000000000000, 0.000000000000000000 ) ) ;
#5591 = ORIENTED_EDGE ( 'NONE', *, *, #224, .F. ) ;
#5592 = LINE ( 'NONE', #5660, #10028 ) ;
#5593 = DIRECTION ( 'NONE',  ( 0.000000000000000000, 0.000000000000000000, -1.000000000000000000 ) ) ;
#5594 = ORIENTED_EDGE ( 'NONE', *, *, #12132, .F. ) ;
#5595 = CARTESIAN_POINT ( 'NONE',  ( -21.00000000000000355, 114.0000000000000000, 8.500000000000010658 ) ) ;
#5596 = DIRECTION ( 'NONE',  ( 1.000000000000000000, 0.000000000000000000, 0.000000000000000000 ) ) ;
#5597 = EDGE_LOOP ( 'NONE', ( #3320, #8578, #4484, #690 ) ) ;
#5598 = CARTESIAN_POINT ( 'NONE',  ( 0.000000000000000000, 114.0000000000000000, -51.50000000000000000 ) ) ;
#5599 = ORIENTED_EDGE ( 'NONE', *, *, #7655, .F. ) ;
#5600 = VECTOR ( 'NONE', #4627, 1000.000000000000000 ) ;
#5601 = DIRECTION ( 'NONE',  ( -1.000000000000000000, 0.000000000000000000, 0.000000000000000000 ) ) ;
#5602 = DIRECTION ( 'NONE',  ( 1.000000000000000000, 0.000000000000000000, 0.000000000000000000 ) ) ;
#5603 = CARTESIAN_POINT ( 'NONE',  ( -21.00000000000000355, 114.0000000000000000, 29.09545482057523813 ) ) ;
#5604 = LINE ( 'NONE', #10531, #2236 ) ;
#5605 = EDGE_CURVE ( 'NONE', #10321, #6917, #3628, .T. ) ;
#5606 = EDGE_CURVE ( 'NONE', #11632, #9369, #10397, .T. ) ;
#5607 = EDGE_CURVE ( 'NONE', #160, #2764, #7640, .T. ) ;
#5608 = CARTESIAN_POINT ( 'NONE',  ( 0.000000000000000000, 114.0000000000000000, 6.499999999999992006 ) ) ;
#5609 = VECTOR ( 'NONE', #4937, 1000.000000000000000 ) ;
#5610 = DIRECTION ( 'NONE',  ( 1.000000000000000000, 0.000000000000000000, 0.000000000000000000 ) ) ;
#5611 = DIRECTION ( 'NONE',  ( 0.000000000000000000, 0.000000000000000000, -1.000000000000000000 ) ) ;
#5612 = ORIENTED_EDGE ( 'NONE', *, *, #5546, .F. ) ;
#5613 = ORIENTED_EDGE ( 'NONE', *, *, #10785, .T. ) ;
#5614 = DIRECTION ( 'NONE',  ( -0.000000000000000000, 0.000000000000000000, -1.000000000000000000 ) ) ;
#5615 = CARTESIAN_POINT ( 'NONE',  ( -4.000000000000000888, 125.8427192823270104, -79.00000000000000000 ) ) ;
#5616 = CIRCLE ( 'NONE', #11689, 12.50000000000000000 ) ;
#5617 = EDGE_LOOP ( 'NONE', ( #12211, #675 ) ) ;
#5618 = EDGE_CURVE ( 'NONE', #124, #8897, #8174, .T. ) ;
#5619 = ADVANCED_FACE ( 'NONE', ( #4665 ), #3491, .F. ) ;
#5620 = EDGE_CURVE ( 'NONE', #6683, #8532, #5250, .T. ) ;
#5621 = AXIS2_PLACEMENT_3D ( 'NONE', #4341, #599, #6325 ) ;
#5622 = VECTOR ( 'NONE', #3098, 1000.000000000000114 ) ;
#5623 = VECTOR ( 'NONE', #2579, 1000.000000000000000 ) ;
#5624 = CARTESIAN_POINT ( 'NONE',  ( -45.50000000000015632, 11.38971035409368326, 65.13014328713772727 ) ) ;
#5625 = CARTESIAN_POINT ( 'NONE',  ( -51.50000000000010658, 5.507747036226362525E-14, 72.42670387538716170 ) ) ;
#5626 = EDGE_CURVE ( 'NONE', #1216, #12569, #2510, .T. ) ;
#5627 = LINE ( 'NONE', #1677, #9583 ) ;
#5628 = DIRECTION ( 'NONE',  ( -0.000000000000000000, -0.000000000000000000, 1.000000000000000000 ) ) ;
#5629 = AXIS2_PLACEMENT_3D ( 'NONE', #12008, #2998, #6092 ) ;
#5630 = VERTEX_POINT ( 'NONE', #4541 ) ;
#5631 = CARTESIAN_POINT ( 'NONE',  ( -37.49999999999999289, 114.0000000000000000, -1.500000000000011768 ) ) ;
#5632 = AXIS2_PLACEMENT_3D ( 'NONE', #9285, #7254, #4290 ) ;
#5633 = EDGE_LOOP ( 'NONE', ( #5925, #4683, #1318, #12775 ) ) ;
#5634 = CARTESIAN_POINT ( 'NONE',  ( 0.000000000000000000, 114.0000000000000000, -77.00000000000000000 ) ) ;
#5635 = EDGE_CURVE ( 'NONE', #2327, #12532, #11579, .T. ) ;
#5636 = DIRECTION ( 'NONE',  ( 1.000000000000000000, 0.000000000000000000, 0.000000000000000000 ) ) ;
#5637 = PLANE ( 'NONE',  #10346 ) ;
#5638 = VECTOR ( 'NONE', #101, 1000.000000000000000 ) ;
#5639 = PLANE ( 'NONE',  #4110 ) ;
#5640 = ORIENTED_EDGE ( 'NONE', *, *, #2807, .F. ) ;
#5641 = VERTEX_POINT ( 'NONE', #2569 ) ;
#5642 = MANIFOLD_SOLID_BREP ( 'GFS6G5Å`100FR_S-5/S-BB6009ZZ-G-2-solid3', #3655 ) ;
#5643 = DIRECTION ( 'NONE',  ( -0.000000000000000000, -0.000000000000000000, 1.000000000000000000 ) ) ;
#5644 = EDGE_LOOP ( 'NONE', ( #4635, #10521, #4878, #197 ) ) ;
#5645 = DIRECTION ( 'NONE',  ( 1.541976423090495633E-16, 0.000000000000000000, -1.000000000000000000 ) ) ;
#5646 = ORIENTED_EDGE ( 'NONE', *, *, #10754, .F. ) ;
#5647 = VERTEX_POINT ( 'NONE', #6595 ) ;
#5648 = CIRCLE ( 'NONE', #12974, 3.399999999999993250 ) ;
#5649 = DIRECTION ( 'NONE',  ( 0.000000000000000000, -1.000000000000000000, 0.000000000000000000 ) ) ;
#5650 = CARTESIAN_POINT ( 'NONE',  ( -23.08553905074119683, 70.88031635661118912, -70.00000000000000000 ) ) ;
#5651 = ADVANCED_FACE ( 'NONE', ( #600 ), #10495, .F. ) ;
#5652 = ORIENTED_EDGE ( 'NONE', *, *, #2209, .T. ) ;
#5653 = CYLINDRICAL_SURFACE ( 'NONE', #4281, 7.499999999999985789 ) ;
#5654 = ORIENTED_EDGE ( 'NONE', *, *, #4006, .F. ) ;
#5655 = CARTESIAN_POINT ( 'NONE',  ( 52.00000000000012790, 68.49999999999998579, -1.000000000000000000 ) ) ;
#5656 = EDGE_LOOP ( 'NONE', ( #12082, #351, #5296, #1430 ) ) ;
#5657 =( BOUNDED_CURVE ( )  B_SPLINE_CURVE ( 3, ( #7244, #7046, #4015, #6984 ),
 .UNSPECIFIED., .F., .F. ) 
 B_SPLINE_CURVE_WITH_KNOTS ( ( 4, 4 ),
 ( 1.570796326794896558, 4.712388980384689674 ),
 .UNSPECIFIED. ) 
 CURVE ( )  GEOMETRIC_REPRESENTATION_ITEM ( )  RATIONAL_B_SPLINE_CURVE ( ( 1.000000000000000000, 0.3333333333333333703, 0.3333333333333333703, 1.000000000000000000 ) ) 
 REPRESENTATION_ITEM ( '' )  );
#5658 = CIRCLE ( 'NONE', #393, 6.800000000000000711 ) ;
#5659 = AXIS2_PLACEMENT_3D ( 'NONE', #9120, #177, #109 ) ;
#5660 = CARTESIAN_POINT ( 'NONE',  ( 52.00000000000002842, 68.50000000000837019, -72.00000000000001421 ) ) ;
#5661 = FACE_OUTER_BOUND ( 'NONE', #3056, .T. ) ;
#5662 = VERTEX_POINT ( 'NONE', #4853 ) ;
#5663 = CARTESIAN_POINT ( 'NONE',  ( -27.04000000000000270, 154.8599999999999852, -2.000000000000004441 ) ) ;
#5664 = DIRECTION ( 'NONE',  ( -5.551115123125781470E-17, -1.386669559958809814E-32, -1.000000000000000000 ) ) ;
#5665 = EDGE_LOOP ( 'NONE', ( #9358, #4498, #9269, #12148 ) ) ;
#5666 = CIRCLE ( 'NONE', #8381, 26.75000000000000355 ) ;
#5667 = DIRECTION ( 'NONE',  ( 0.000000000000000000, 1.000000000000000000, 0.000000000000000000 ) ) ;
#5668 = CIRCLE ( 'NONE', #2694, 26.75000000000000355 ) ;
#5669 = EDGE_CURVE ( 'NONE', #3795, #11995, #11544, .T. ) ;
#5670 = PLANE ( 'NONE',  #902 ) ;
#5671 = DIRECTION ( 'NONE',  ( -0.000000000000000000, -0.000000000000000000, -1.000000000000000000 ) ) ;
#5672 = CARTESIAN_POINT ( 'NONE',  ( 22.14000000000007162, 45.00000000000001421, 73.39999999999999147 ) ) ;
#5673 = DIRECTION ( 'NONE',  ( 0.000000000000000000, -0.000000000000000000, -1.000000000000000000 ) ) ;
#5674 = CIRCLE ( 'NONE', #7969, 34.50000000000000000 ) ;
#5675 = AXIS2_PLACEMENT_3D ( 'NONE', #10483, #11724, #10678 ) ;
#5676 = DIRECTION ( 'NONE',  ( -0.000000000000000000, -0.000000000000000000, 1.000000000000000000 ) ) ;
#5677 = DIRECTION ( 'NONE',  ( -0.1358808089250893303, 0.9907251918498203302, 0.000000000000000000 ) ) ;
#5678 = CARTESIAN_POINT ( 'NONE',  ( 52.00000000002091838, -291423.1000000000349, -67.00000000000000000 ) ) ;
#5679 = EDGE_LOOP ( 'NONE', ( #1426, #10340 ) ) ;
#5680 = ORIENTED_EDGE ( 'NONE', *, *, #5620, .T. ) ;
#5681 = LINE ( 'NONE', #10538, #5856 ) ;
#5682 = DIRECTION ( 'NONE',  ( -0.1358808089250893303, 0.9907251918498203302, 0.000000000000000000 ) ) ;
#5683 = ORIENTED_EDGE ( 'NONE', *, *, #4785, .F. ) ;
#5684 = TOROIDAL_SURFACE ( 'NONE', #1890, 23.50000000000000355, 1.000000000000000888 ) ;
#5685 = AXIS2_PLACEMENT_3D ( 'NONE', #4273, #2229, #2298 ) ;
#5686 = EDGE_CURVE ( 'NONE', #6685, #6414, #12165, .T. ) ;
#5687 = DIRECTION ( 'NONE',  ( 0.000000000000000000, 1.000000000000000000, 2.668805347656626678E-16 ) ) ;
#5688 = CARTESIAN_POINT ( 'NONE',  ( 0.000000000000000000, 114.0000000000000000, -15.50000000000000355 ) ) ;
#5689 = DATE_AND_TIME ( #10481, #10709 ) ;
#5690 = CARTESIAN_POINT ( 'NONE',  ( -47.00000000000000000, 114.0000000000000000, -72.00000000000000000 ) ) ;
#5691 = EDGE_CURVE ( 'NONE', #9369, #11018, #5924, .T. ) ;
#5692 = CARTESIAN_POINT ( 'NONE',  ( -22.39999999999999858, 114.0000000000000000, -49.50000000000000000 ) ) ;
#5693 = EDGE_LOOP ( 'NONE', ( #10570, #7651, #9461, #11916 ) ) ;
#5694 = CARTESIAN_POINT ( 'NONE',  ( -4.000000000000000888, 126.4505859325203687, 10.49999999999999467 ) ) ;
#5695 = VERTEX_POINT ( 'NONE', #5990 ) ;
#5696 = CARTESIAN_POINT ( 'NONE',  ( 22.50000000000000000, 114.0000000000000000, -15.50000000000000355 ) ) ;
#5697 = ORIENTED_EDGE ( 'NONE', *, *, #8548, .T. ) ;
#5698 = EDGE_CURVE ( 'NONE', #318, #6317, #4786, .T. ) ;
#5699 = LINE ( 'NONE', #4689, #5720 ) ;
#5700 = AXIS2_PLACEMENT_3D ( 'NONE', #11358, #8272, #12085 ) ;
#5701 = CARTESIAN_POINT ( 'NONE',  ( 22.14000000000007162, 45.00000000000001421, 19.60000000000000497 ) ) ;
#5702 = LINE ( 'NONE', #7536, #3698 ) ;
#5703 = ORIENTED_EDGE ( 'NONE', *, *, #1623, .T. ) ;
#5704 = ORIENTED_EDGE ( 'NONE', *, *, #1173, .T. ) ;
#5705 = EDGE_CURVE ( 'NONE', #4467, #640, #11893, .T. ) ;
#5706 = DIRECTION ( 'NONE',  ( -0.000000000000000000, -1.501203008056852691E-16, 1.000000000000000000 ) ) ;
#5707 = EDGE_CURVE ( 'NONE', #3284, #9346, #1066, .T. ) ;
#5708 = DIRECTION ( 'NONE',  ( 0.000000000000000000, 0.000000000000000000, -1.000000000000000000 ) ) ;
#5709 = ORIENTED_EDGE ( 'NONE', *, *, #5738, .F. ) ;
#5710 = AXIS2_PLACEMENT_3D ( 'NONE', #2388, #11204, #7194 ) ;
#5711 = EDGE_LOOP ( 'NONE', ( #7804, #11252, #8397, #3170 ) ) ;
#5712 = DIRECTION ( 'NONE',  ( -0.000000000000000000, -0.000000000000000000, 1.000000000000000000 ) ) ;
#5713 = DIRECTION ( 'NONE',  ( 1.000000000000000000, 0.000000000000000000, 0.000000000000000000 ) ) ;
#5714 = ORIENTED_EDGE ( 'NONE', *, *, #5816, .T. ) ;
#5715 = VERTEX_POINT ( 'NONE', #9982 ) ;
#5716 = CARTESIAN_POINT ( 'NONE',  ( 0.000000000000000000, 114.0000000000000000, -19.50000000000000355 ) ) ;
#5717 = CARTESIAN_POINT ( 'NONE',  ( 0.000000000000000000, 114.0000000000000000, -63.50000000000000000 ) ) ;
#5718 = CIRCLE ( 'NONE', #11153, 23.50000000000000000 ) ;
#5719 = VECTOR ( 'NONE', #10247, 1000.000000000000000 ) ;
#5720 = VECTOR ( 'NONE', #12850, 1000.000000000000000 ) ;
#5721 = AXIS2_PLACEMENT_3D ( 'NONE', #8184, #232, #12069 ) ;
#5722 = EDGE_CURVE ( 'NONE', #2984, #425, #438, .T. ) ;
#5723 = DIRECTION ( 'NONE',  ( 0.000000000000000000, 0.000000000000000000, -1.000000000000000000 ) ) ;
#5724 = DIRECTION ( 'NONE',  ( 1.000000000000000000, 0.000000000000000000, 0.000000000000000000 ) ) ;
#5725 = ADVANCED_FACE ( 'NONE', ( #5797 ), #10981, .T. ) ;
#5726 = ORIENTED_EDGE ( 'NONE', *, *, #8746, .F. ) ;
#5727 = ORIENTED_EDGE ( 'NONE', *, *, #5937, .T. ) ;
#5728 = CYLINDRICAL_SURFACE ( 'NONE', #5075, 4.499999999999997335 ) ;
#5729 = EDGE_CURVE ( 'NONE', #7030, #1836, #8832, .T. ) ;
#5730 = DIRECTION ( 'NONE',  ( -0.000000000000000000, -0.000000000000000000, 1.000000000000000000 ) ) ;
#5732 = EDGE_LOOP ( 'NONE', ( #5180, #12925, #4035 ) ) ;
#5731 = AXIS2_PLACEMENT_3D ( 'NONE', #10459, #3487, #7502 ) ;
#5733 = CYLINDRICAL_SURFACE ( 'NONE', #3168, 9.500000000000001776 ) ;
#5734 = AXIS2_PLACEMENT_3D ( 'NONE', #8270, #7153, #10238 ) ;
#5735 = LINE ( 'NONE', #3928, #6588 ) ;
#5736 = DIRECTION ( 'NONE',  ( -0.000000000000000000, -0.000000000000000000, 1.000000000000000000 ) ) ;
#5737 = DIRECTION ( 'NONE',  ( 1.000000000000000000, 0.000000000000000000, 0.000000000000000000 ) ) ;
#5738 = EDGE_CURVE ( 'NONE', #10792, #7674, #2737, .T. ) ;
#5739 = CARTESIAN_POINT ( 'NONE',  ( -47.25000000001955414, 142.4311571906855534, 6.499999999999996447 ) ) ;
#5740 = VECTOR ( 'NONE', #8342, 1000.000000000000000 ) ;
#5741 = ADVANCED_FACE ( 'NONE', ( #12695 ), #8812, .T. ) ;
#5742 = CARTESIAN_POINT ( 'NONE',  ( 0.000000000000000000, 114.0000000000000000, 9.499999999999994671 ) ) ;
#5743 = DIRECTION ( 'NONE',  ( 0.1358808089250893303, -0.9907251918498203302, 0.000000000000000000 ) ) ;
#5744 = PLANE ( 'NONE',  #1453 ) ;
#5745 = VERTEX_POINT ( 'NONE', #6723 ) ;
#5746 = AXIS2_PLACEMENT_3D ( 'NONE', #8009, #10042, #8274 ) ;
#5747 = ORIENTED_EDGE ( 'NONE', *, *, #584, .F. ) ;
#5748 = DIRECTION ( 'NONE',  ( -0.000000000000000000, -0.000000000000000000, -1.000000000000000000 ) ) ;
#5749 = EDGE_LOOP ( 'NONE', ( #10877, #775, #8095, #1293 ) ) ;
#5750 = CARTESIAN_POINT ( 'NONE',  ( -45.50000000000006395, 159.4999999999999716, -48.80000000000001137 ) ) ;
#5751 = AXIS2_PLACEMENT_3D ( 'NONE', #7867, #2857, #10823 ) ;
#5752 = CARTESIAN_POINT ( 'NONE',  ( 20.00000000000000000, 114.0000000000000000, -66.50000000000000000 ) ) ;
#5753 = VECTOR ( 'NONE', #3529, 1000.000000000000000 ) ;
#5754 = CARTESIAN_POINT ( 'NONE',  ( 0.000000000000000000, 114.0000000000000000, -4.767624960229753128 ) ) ;
#5755 = AXIS2_PLACEMENT_3D ( 'NONE', #11070, #148, #2188 ) ;
#5756 = CARTESIAN_POINT ( 'NONE',  ( -4.000000000000000888, 125.8427192823270104, -4.500000000000003553 ) ) ;
#5757 = ORIENTED_EDGE ( 'NONE', *, *, #9590, .T. ) ;
#5758 = LINE ( 'NONE', #6681, #9577 ) ;
#5759 = VERTEX_POINT ( 'NONE', #4925 ) ;
#5760 = CARTESIAN_POINT ( 'NONE',  ( 0.000000000000000000, 114.0000000000000000, -35.50000000000000711 ) ) ;
#5761 = EDGE_LOOP ( 'NONE', ( #7850, #3047, #12844, #5064 ) ) ;
#5762 = AXIS2_PLACEMENT_3D ( 'NONE', #7805, #11812, #5836 ) ;
#5763 = FACE_OUTER_BOUND ( 'NONE', #1685, .T. ) ;
#5764 = LINE ( 'NONE', #5954, #1751 ) ;
#5765 = CARTESIAN_POINT ( 'NONE',  ( 42.42640687119288856, -38.17640687119282461, 10.00000000000000000 ) ) ;
#5766 = ORIENTED_EDGE ( 'NONE', *, *, #6241, .T. ) ;
#5767 = ADVANCED_FACE ( 'NONE', ( #12822, #10722, #6905, #732 ), #7765, .T. ) ;
#5768 = CARTESIAN_POINT ( 'NONE',  ( 47.25000000001955414, -291415.8694450773764, 6.499999999999996447 ) ) ;
#5769 = LINE ( 'NONE', #2535, #6219 ) ;
#5770 = EDGE_CURVE ( 'NONE', #5932, #5882, #852, .T. ) ;
#5771 = VERTEX_POINT ( 'NONE', #2818 ) ;
#5772 = ORIENTED_EDGE ( 'NONE', *, *, #6336, .T. ) ;
#5773 = DIRECTION ( 'NONE',  ( 0.000000000000000000, -0.000000000000000000, 1.000000000000000000 ) ) ;
#5774 = VECTOR ( 'NONE', #587, 1000.000000000000000 ) ;
#5775 = FACE_OUTER_BOUND ( 'NONE', #1155, .T. ) ;
#5776 = VERTEX_POINT ( 'NONE', #6844 ) ;
#5777 = CARTESIAN_POINT ( 'NONE',  ( -29.33956106112633933, -35.75089393306184604, 112.0000000000000000 ) ) ;
#5778 = EDGE_CURVE ( 'NONE', #6847, #9954, #7887, .T. ) ;
#5779 = DIRECTION ( 'NONE',  ( 0.000000000000000000, 0.000000000000000000, -1.000000000000000000 ) ) ;
#5780 = EDGE_CURVE ( 'NONE', #3546, #9180, #3164, .T. ) ;
#5781 = DIRECTION ( 'NONE',  ( -0.000000000000000000, 0.000000000000000000, -1.000000000000000000 ) ) ;
#5782 = CARTESIAN_POINT ( 'NONE',  ( -34.50000000000000000, 114.0000000000000000, -51.50000000000000000 ) ) ;
#5783 = VERTEX_POINT ( 'NONE', #1240 ) ;
#5784 = ORIENTED_EDGE ( 'NONE', *, *, #3913, .T. ) ;
#5785 = LINE ( 'NONE', #908, #5919 ) ;
#5786 = CARTESIAN_POINT ( 'NONE',  ( -29.33956106112633933, -35.75089393306184604, 112.0000000000000000 ) ) ;
#5787 = EDGE_LOOP ( 'NONE', ( #11651, #7139, #10218, #4861, #8949, #4533, #3864, #1452 ) ) ;
#5788 = DIRECTION ( 'NONE',  ( 0.000000000000000000, 0.000000000000000000, -1.000000000000000000 ) ) ;
#5789 = VECTOR ( 'NONE', #7960, 1000.000000000000000 ) ;
#5790 = ORIENTED_EDGE ( 'NONE', *, *, #4126, .T. ) ;
#5791 = DIRECTION ( 'NONE',  ( -1.000000000000000000, 0.000000000000000000, 0.000000000000000000 ) ) ;
#5792 = DIRECTION ( 'NONE',  ( -1.000000000000000000, 0.000000000000000000, 0.000000000000000000 ) ) ;
#5793 = DIRECTION ( 'NONE',  ( -0.000000000000000000, -0.000000000000000000, 1.000000000000000000 ) ) ;
#5794 = EDGE_CURVE ( 'NONE', #11453, #11626, #4833, .T. ) ;
#5795 = DIRECTION ( 'NONE',  ( 0.9907251918498221066, -0.1358808089250767570, 1.527674887594232876E-16 ) ) ;
#5796 = AXIS2_PLACEMENT_3D ( 'NONE', #2165, #6055, #6177 ) ;
#5797 = FACE_OUTER_BOUND ( 'NONE', #6216, .T. ) ;
#5798 = CARTESIAN_POINT ( 'NONE',  ( 12.50000000000000000, 114.0000000000000000, -3.150000000000003464 ) ) ;
#5799 = DIRECTION ( 'NONE',  ( -0.000000000000000000, -0.000000000000000000, 1.000000000000000000 ) ) ;
#5800 = ORIENTED_EDGE ( 'NONE', *, *, #3345, .T. ) ;
#5801 = EDGE_LOOP ( 'NONE', ( #10679, #4232, #163, #12032 ) ) ;
#5802 = CIRCLE ( 'NONE', #12118, 7.499999999999985789 ) ;
#5803 = VERTEX_POINT ( 'NONE', #7348 ) ;
#5804 = CARTESIAN_POINT ( 'NONE',  ( 39.12398950069061954, -28.87693130457877544, 73.39999999999999147 ) ) ;
#5805 = EDGE_CURVE ( 'NONE', #1668, #4317, #11138, .T. ) ;
#5806 = DIRECTION ( 'NONE',  ( 0.000000000000000000, 0.000000000000000000, -1.000000000000000000 ) ) ;
#5807 = LINE ( 'NONE', #11780, #4330 ) ;
#5808 = AXIS2_PLACEMENT_3D ( 'NONE', #3772, #12721, #1944 ) ;
#5809 = FACE_OUTER_BOUND ( 'NONE', #2325, .T. ) ;
#5810 = AXIS2_PLACEMENT_3D ( 'NONE', #9596, #12438, #7642 ) ;
#5811 = CARTESIAN_POINT ( 'NONE',  ( -51.50000000000001421, 5.433935487211424942, 39.29999999999998295 ) ) ;
#5812 = ORIENTED_EDGE ( 'NONE', *, *, #11011, .F. ) ;
#5813 = DIRECTION ( 'NONE',  ( 0.000000000000000000, 0.000000000000000000, -1.000000000000000000 ) ) ;
#5814 = CARTESIAN_POINT ( 'NONE',  ( 0.000000000000000000, 114.0000000000000000, -88.16592697433104320 ) ) ;
#5815 = ORIENTED_EDGE ( 'NONE', *, *, #4518, .F. ) ;
#5816 = EDGE_CURVE ( 'NONE', #4532, #9190, #3462, .T. ) ;
#5817 = CARTESIAN_POINT ( 'NONE',  ( 42.42999999999999261, 156.4300000000000068, 6.499999999999996447 ) ) ;
#5818 = VERTEX_POINT ( 'NONE', #1308 ) ;
#5819 = AXIS2_PLACEMENT_3D ( 'NONE', #3948, #10130, #6126 ) ;
#5820 = EDGE_CURVE ( 'NONE', #8870, #8086, #8623, .T. ) ;
#5821 = PLANE ( 'NONE',  #6763 ) ;
#5822 = FACE_OUTER_BOUND ( 'NONE', #10728, .T. ) ;
#5823 = ADVANCED_FACE ( 'NONE', ( #6297 ), #7280, .T. ) ;
#5824 = DIRECTION ( 'NONE',  ( -0.9907251918498203302, -0.1358808089250893303, -1.527674887594230904E-16 ) ) ;
#5825 = ORIENTED_EDGE ( 'NONE', *, *, #10551, .F. ) ;
#5826 = ORIENTED_EDGE ( 'NONE', *, *, #3396, .T. ) ;
#5827 = AXIS2_PLACEMENT_3D ( 'NONE', #8684, #6842, #6657 ) ;
#5828 = AXIS2_PLACEMENT_3D ( 'NONE', #11280, #1372, #11349 ) ;
#5829 = DIRECTION ( 'NONE',  ( -0.000000000000000000, -0.000000000000000000, 1.000000000000000000 ) ) ;
#5830 = FACE_BOUND ( 'NONE', #8648, .T. ) ;
#5831 = ORIENTED_EDGE ( 'NONE', *, *, #10415, .F. ) ;
#5832 = DIRECTION ( 'NONE',  ( 1.000000000000000000, 0.000000000000000000, 0.000000000000000000 ) ) ;
#5833 = LINE ( 'NONE', #10636, #7605 ) ;
#5834 = VERTEX_POINT ( 'NONE', #440 ) ;
#5835 = ORIENTED_EDGE ( 'NONE', *, *, #8621, .F. ) ;
#5836 = DIRECTION ( 'NONE',  ( 1.000000000000000000, 0.000000000000000000, 0.000000000000000000 ) ) ;
#5837 = AXIS2_PLACEMENT_3D ( 'NONE', #3801, #6720, #10721 ) ;
#5838 = ORIENTED_EDGE ( 'NONE', *, *, #12146, .T. ) ;
#5839 = CARTESIAN_POINT ( 'NONE',  ( -35.92640687119284593, -42.42640687119285303, 9.999999999999992895 ) ) ;
#5840 = EDGE_CURVE ( 'NONE', #7151, #12682, #9244, .T. ) ;
#5841 = FACE_OUTER_BOUND ( 'NONE', #12155, .T. ) ;
#5842 = ADVANCED_FACE ( 'NONE', ( #12405 ), #1441, .F. ) ;
#5843 = CARTESIAN_POINT ( 'NONE',  ( -19.90000000000000213, 114.0000000000000000, -0.4999999999999987232 ) ) ;
#5844 = CARTESIAN_POINT ( 'NONE',  ( -57.49999999999997868, -6.000000000000019540, 39.69999999999999574 ) ) ;
#5845 = ORIENTED_EDGE ( 'NONE', *, *, #10600, .F. ) ;
#5846 = ADVANCED_FACE ( 'NONE', ( #4249 ), #6497, .F. ) ;
#5847 = ORIENTED_EDGE ( 'NONE', *, *, #4248, .T. ) ;
#5848 = LINE ( 'NONE', #2744, #916 ) ;
#5849 = LINE ( 'NONE', #5786, #9413 ) ;
#5850 = ADVANCED_FACE ( 'NONE', ( #4310 ), #8266, .T. ) ;
#5851 = ORIENTED_EDGE ( 'NONE', *, *, #8493, .T. ) ;
#5852 = FACE_OUTER_BOUND ( 'NONE', #7182, .T. ) ;
#5853 = LINE ( 'NONE', #2814, #10976 ) ;
#5854 = EDGE_LOOP ( 'NONE', ( #1168, #1481 ) ) ;
#5855 = LINE ( 'NONE', #6050, #1098 ) ;
#5856 = VECTOR ( 'NONE', #6665, 1000.000000000000000 ) ;
#5857 = EDGE_CURVE ( 'NONE', #12797, #2322, #11353, .T. ) ;
#5858 = CARTESIAN_POINT ( 'NONE',  ( -48.92640687119284593, 42.42640687119283172, 19.59999999999999076 ) ) ;
#5859 = DIRECTION ( 'NONE',  ( -1.224646799147353207E-16, 1.000000000000000000, 0.000000000000000000 ) ) ;
#5860 = ORIENTED_EDGE ( 'NONE', *, *, #7662, .T. ) ;
#5861 = AXIS2_PLACEMENT_3D ( 'NONE', #9715, #723, #8731 ) ;
#5862 = CARTESIAN_POINT ( 'NONE',  ( 0.000000000000000000, 114.0000000000000000, -65.49999999999998579 ) ) ;
#5863 = AXIS2_PLACEMENT_3D ( 'NONE', #12251, #11206, #3246 ) ;
#5864 = CIRCLE ( 'NONE', #5231, 0.9999999999999870104 ) ;
#5865 = DIRECTION ( 'NONE',  ( -0.000000000000000000, -0.000000000000000000, 1.000000000000000000 ) ) ;
#5866 = ADVANCED_FACE ( 'NONE', ( #6428 ), #6221, .F. ) ;
#5867 = EDGE_LOOP ( 'NONE', ( #2197, #12700 ) ) ;
#5868 = CARTESIAN_POINT ( 'NONE',  ( 0.000000000000000000, 114.0000000000000000, -14.50000000000000355 ) ) ;
#5869 = AXIS2_PLACEMENT_3D ( 'NONE', #6397, #665, #7380 ) ;
#5870 = ORIENTED_EDGE ( 'NONE', *, *, #7780, .T. ) ;
#5871 = EDGE_LOOP ( 'NONE', ( #6437, #5585, #1633, #2167 ) ) ;
#5872 = DIRECTION ( 'NONE',  ( -0.000000000000000000, -0.000000000000000000, 1.000000000000000000 ) ) ;
#5873 = VECTOR ( 'NONE', #6632, 1000.000000000000000 ) ;
#5874 = FACE_OUTER_BOUND ( 'NONE', #6702, .T. ) ;
#5875 = CONICAL_SURFACE ( 'NONE', #1042, 20.00000000000000000, 0.7853981633974466137 ) ;
#5876 = CARTESIAN_POINT ( 'NONE',  ( 27.03999999999999204, 154.8599999999999852, -60.74892422621554289 ) ) ;
#5877 = CARTESIAN_POINT ( 'NONE',  ( -57.49999999999993605, 12.75675299324093714, 55.64661376726366626 ) ) ;
#5878 = VECTOR ( 'NONE', #8875, 1000.000000000000000 ) ;
#5879 = CARTESIAN_POINT ( 'NONE',  ( -42.42640687119306619, -42.42640687119262566, 0.000000000000000000 ) ) ;
#5880 = EDGE_CURVE ( 'NONE', #5369, #6934, #4201, .T. ) ;
#5881 = CIRCLE ( 'NONE', #9440, 19.90000000000000213 ) ;
#5882 = VERTEX_POINT ( 'NONE', #12268 ) ;
#5883 = AXIS2_PLACEMENT_3D ( 'NONE', #10539, #5748, #2698 ) ;
#5884 = CARTESIAN_POINT ( 'NONE',  ( 0.000000000000000000, 113.9999999999999858, 10.99999999999999645 ) ) ;
#5885 = CARTESIAN_POINT ( 'NONE',  ( 0.000000000000000000, 114.0000000000000000, -49.50000000000000000 ) ) ;
#5886 = ADVANCED_FACE ( 'NONE', ( #3022 ), #12335, .T. ) ;
#5887 = ORIENTED_EDGE ( 'NONE', *, *, #5424, .F. ) ;
#5888 = DIRECTION ( 'NONE',  ( 0.000000000000000000, -0.000000000000000000, 1.000000000000000000 ) ) ;
#5889 = EDGE_LOOP ( 'NONE', ( #1715, #8315, #10181, #3941 ) ) ;
#5890 = CARTESIAN_POINT ( 'NONE',  ( 45.00000000000000000, -45.00000000000000000, 112.0000000000000000 ) ) ;
#5891 = CARTESIAN_POINT ( 'NONE',  ( -29.33956106112634288, 35.75089393306190289, 112.0000000000000000 ) ) ;
#5892 = ORIENTED_EDGE ( 'NONE', *, *, #1988, .F. ) ;
#5893 = DIRECTION ( 'NONE',  ( -0.000000000000000000, -0.000000000000000000, 1.000000000000000000 ) ) ;
#5894 = VECTOR ( 'NONE', #3251, 1000.000000000000000 ) ;
#5895 = ORIENTED_EDGE ( 'NONE', *, *, #2295, .T. ) ;
#5896 = LINE ( 'NONE', #8977, #10637 ) ;
#5897 = APPLICATION_CONTEXT ( 'configuration controlled 3d designs of mechanical parts and assemblies' ) ;
#5898 = DIRECTION ( 'NONE',  ( -1.000000000000000000, 0.000000000000000000, 0.000000000000000000 ) ) ;
#5899 = EDGE_CURVE ( 'NONE', #5084, #12606, #8399, .T. ) ;
#5900 = AXIS2_PLACEMENT_3D ( 'NONE', #7477, #4379, #7213 ) ;
#5901 = VERTEX_POINT ( 'NONE', #10370 ) ;
#5902 = DIRECTION ( 'NONE',  ( -0.000000000000000000, -0.000000000000000000, 1.000000000000000000 ) ) ;
#5903 = VERTEX_POINT ( 'NONE', #1377 ) ;
#5904 = FACE_OUTER_BOUND ( 'NONE', #6470, .T. ) ;
#5905 = AXIS2_PLACEMENT_3D ( 'NONE', #5760, #2591, #10620 ) ;
#5906 = ORIENTED_EDGE ( 'NONE', *, *, #4477, .T. ) ;
#5907 = ORIENTED_EDGE ( 'NONE', *, *, #7313, .F. ) ;
#5908 = CYLINDRICAL_SURFACE ( 'NONE', #10152, 6.499999999999999112 ) ;
#5909 = CYLINDRICAL_SURFACE ( 'NONE', #4036, 7.499999999999985789 ) ;
#5910 = CARTESIAN_POINT ( 'NONE',  ( 22.14000000000004320, -44.99999999999999289, 53.29999999999998295 ) ) ;
#5911 = DIRECTION ( 'NONE',  ( 0.000000000000000000, 0.000000000000000000, -1.000000000000000000 ) ) ;
#5912 = CARTESIAN_POINT ( 'NONE',  ( 36.76999999999996760, 36.77000000000000313, 53.29999999999999005 ) ) ;
#5913 = VERTEX_POINT ( 'NONE', #5380 ) ;
#5914 = CARTESIAN_POINT ( 'NONE',  ( -42.42640687119281040, -38.17640687119281040, 0.000000000000000000 ) ) ;
#5915 = LINE ( 'NONE', #1777, #3744 ) ;
#5916 = DIRECTION ( 'NONE',  ( -0.000000000000000000, -0.000000000000000000, 1.000000000000000000 ) ) ;
#5917 = EDGE_LOOP ( 'NONE', ( #2958, #6822, #11044, #3847 ) ) ;
#5918 = CARTESIAN_POINT ( 'NONE',  ( 22.13999999999997215, 38.20000000000000995, 10.00000000000000000 ) ) ;
#5919 = VECTOR ( 'NONE', #3732, 1000.000000000000000 ) ;
#5920 = VERTEX_POINT ( 'NONE', #11284 ) ;
#5921 = AXIS2_PLACEMENT_3D ( 'NONE', #6488, #7471, #11478 ) ;
#5922 = DIRECTION ( 'NONE',  ( -0.000000000000000000, -0.000000000000000000, 1.000000000000000000 ) ) ;
#5923 = DIRECTION ( 'NONE',  ( 0.000000000000000000, 0.000000000000000000, -1.000000000000000000 ) ) ;
#5924 = LINE ( 'NONE', #1787, #5878 ) ;
#5925 = ORIENTED_EDGE ( 'NONE', *, *, #9975, .F. ) ;
#5926 = VECTOR ( 'NONE', #11541, 1000.000000000000000 ) ;
#5927 = AXIS2_PLACEMENT_3D ( 'NONE', #3868, #11829, #1782 ) ;
#5928 = CARTESIAN_POINT ( 'NONE',  ( -30.77624999999999744, 114.0000000000000000, -57.50000000000000000 ) ) ;
#5929 = AXIS2_PLACEMENT_3D ( 'NONE', #4383, #4514, #7547 ) ;
#5930 = DIRECTION ( 'NONE',  ( 1.000000000000000000, 0.000000000000000000, 0.000000000000000000 ) ) ;
#5931 = EDGE_CURVE ( 'NONE', #3734, #2636, #215, .T. ) ;
#5932 = VERTEX_POINT ( 'NONE', #6694 ) ;
#5933 = FACE_BOUND ( 'NONE', #4308, .T. ) ;
#5934 = VERTEX_POINT ( 'NONE', #3591 ) ;
#5935 = ORIENTED_EDGE ( 'NONE', *, *, #3516, .T. ) ;
#5936 = LINE ( 'NONE', #5804, #2758 ) ;
#5937 = EDGE_CURVE ( 'NONE', #4419, #596, #8654, .T. ) ;
#5938 = DIRECTION ( 'NONE',  ( 0.000000000000000000, 0.000000000000000000, 1.000000000000000000 ) ) ;
#5939 = EDGE_CURVE ( 'NONE', #10391, #5903, #8479, .T. ) ;
#5940 = FACE_OUTER_BOUND ( 'NONE', #3563, .T. ) ;
#5941 = CARTESIAN_POINT ( 'NONE',  ( -57.49999999999993605, 8.608685188049230774, 68.83342550644634628 ) ) ;
#5942 = TOROIDAL_SURFACE ( 'NONE', #8254, 23.50000000000000355, 1.000000000000000888 ) ;
#5943 = CARTESIAN_POINT ( 'NONE',  ( 39.02640687119307472, 42.42640687119262566, -18.00000000000000355 ) ) ;
#5944 = CIRCLE ( 'NONE', #272, 35.27624999999999744 ) ;
#5945 = ORIENTED_EDGE ( 'NONE', *, *, #5820, .T. ) ;
#5946 = DIRECTION ( 'NONE',  ( 1.000000000000000000, 0.000000000000000000, 0.000000000000000000 ) ) ;
#5947 = PLANE ( 'NONE',  #7755 ) ;
#5948 = EDGE_LOOP ( 'NONE', ( #11068, #7185, #10710, #843, #5489, #9165, #328, #3439 ) ) ;
#5949 = DIRECTION ( 'NONE',  ( 1.224646799147353207E-16, 1.000000000000000000, 0.000000000000000000 ) ) ;
#5950 = EDGE_LOOP ( 'NONE', ( #12793, #7051, #9433, #9538 ) ) ;
#5951 = ORIENTED_EDGE ( 'NONE', *, *, #9412, .F. ) ;
#5952 = DIRECTION ( 'NONE',  ( 0.000000000000000000, 0.000000000000000000, -1.000000000000000000 ) ) ;
#5953 = EDGE_CURVE ( 'NONE', #5126, #9838, #12683, .T. ) ;
#5954 = CARTESIAN_POINT ( 'NONE',  ( 51.99999999999993605, 165.9999999999999716, 11.50000000000001066 ) ) ;
#5955 = ADVANCED_FACE ( 'NONE', ( #4699 ), #2661, .F. ) ;
#5956 = VECTOR ( 'NONE', #7855, 1000.000000000000000 ) ;
#5957 = LINE ( 'NONE', #7856, #3492 ) ;
#5958 = ORIENTED_EDGE ( 'NONE', *, *, #5031, .F. ) ;
#5959 = ORIENTED_EDGE ( 'NONE', *, *, #2860, .F. ) ;
#5960 = DIRECTION ( 'NONE',  ( -0.000000000000000000, -0.000000000000000000, 1.000000000000000000 ) ) ;
#5961 = DIRECTION ( 'NONE',  ( -0.000000000000000000, 0.000000000000000000, -1.000000000000000000 ) ) ;
#5962 = ADVANCED_FACE ( 'NONE', ( #8775 ), #12665, .F. ) ;
#5963 = CONICAL_SURFACE ( 'NONE', #286, 12.09807621135335154, 1.047197551196602960 ) ;
#5964 = ORIENTED_EDGE ( 'NONE', *, *, #2620, .T. ) ;
#5965 = CARTESIAN_POINT ( 'NONE',  ( -22.39999999999999858, 114.0000000000000000, -50.32679491924312032 ) ) ;
#5966 = CIRCLE ( 'NONE', #288, 1.000000000000000888 ) ;
#5967 = ORIENTED_EDGE ( 'NONE', *, *, #5358, .T. ) ;
#5968 = CARTESIAN_POINT ( 'NONE',  ( 22.14000000000007162, 45.00000000000001421, 112.0000000000000000 ) ) ;
#5969 = AXIS2_PLACEMENT_3D ( 'NONE', #3200, #43, #4053 ) ;
#5970 = ORIENTED_EDGE ( 'NONE', *, *, #8746, .T. ) ;
#5971 = EDGE_LOOP ( 'NONE', ( #11424, #10582, #7908, #9941 ) ) ;
#5972 = CARTESIAN_POINT ( 'NONE',  ( 4.000000000000000888, 125.8427192823270104, -79.00000000000000000 ) ) ;
#5973 = DIRECTION ( 'NONE',  ( 0.000000000000000000, 1.000000000000000000, 0.000000000000000000 ) ) ;
#5974 = ADVANCED_FACE ( 'NONE', ( #3657 ), #11610, .T. ) ;
#5975 = DIRECTION ( 'NONE',  ( 1.000000000000000000, 0.000000000000000000, 0.000000000000000000 ) ) ;
#5976 = AXIS2_PLACEMENT_3D ( 'NONE', #11881, #653, #722 ) ;
#5977 = CARTESIAN_POINT ( 'NONE',  ( 51.99999999999994316, 159.4999999999999716, -313.5367466867102166 ) ) ;
#5978 = DIRECTION ( 'NONE',  ( 0.9969818334972893048, -0.04011940793084948359, -0.06646545556649155473 ) ) ;
#5979 = ORIENTED_EDGE ( 'NONE', *, *, #1046, .T. ) ;
#5980 = FACE_OUTER_BOUND ( 'NONE', #10244, .T. ) ;
#5981 = LINE ( 'NONE', #2680, #601 ) ;
#5982 = DIRECTION ( 'NONE',  ( 4.270088556250602685E-15, 0.000000000000000000, -1.000000000000000000 ) ) ;
#5983 = ORIENTED_EDGE ( 'NONE', *, *, #10472, .F. ) ;
#5984 = DIRECTION ( 'NONE',  ( 0.000000000000000000, 0.000000000000000000, -1.000000000000000000 ) ) ;
#5985 = DIRECTION ( 'NONE',  ( 1.000000000000000000, 0.000000000000000000, 0.000000000000000000 ) ) ;
#5986 = DIRECTION ( 'NONE',  ( -0.5000000000000078826, 6.123233995736862178E-17, 0.8660254037844340447 ) ) ;
#5987 = EDGE_LOOP ( 'NONE', ( #5654, #9741 ) ) ;
#5988 = DIRECTION ( 'NONE',  ( -0.000000000000000000, -0.000000000000000000, 1.000000000000000000 ) ) ;
#5989 = FACE_OUTER_BOUND ( 'NONE', #8366, .T. ) ;
#5990 = CARTESIAN_POINT ( 'NONE',  ( 37.49999999999999289, 114.0000000000000000, -15.50000000000000533 ) ) ;
#5991 = EDGE_LOOP ( 'NONE', ( #7737, #6403, #11847, #5964 ) ) ;
#5992 = CARTESIAN_POINT ( 'NONE',  ( 45.49999999999994316, 165.9999999999999716, -313.5367466867102166 ) ) ;
#5993 = CARTESIAN_POINT ( 'NONE',  ( 42.42640687119306619, 42.42640687119262566, 0.000000000000000000 ) ) ;
#5994 = ORIENTED_EDGE ( 'NONE', *, *, #8248, .T. ) ;
#5995 = FACE_OUTER_BOUND ( 'NONE', #12970, .T. ) ;
#5996 = ORIENTED_EDGE ( 'NONE', *, *, #6673, .F. ) ;
#5997 = VERTEX_POINT ( 'NONE', #1694 ) ;
#5998 = DIRECTION ( 'NONE',  ( -0.000000000000000000, -0.000000000000000000, 1.000000000000000000 ) ) ;
#5999 = AXIS2_PLACEMENT_3D ( 'NONE', #8019, #120, #5127 ) ;
#6000 = DIRECTION ( 'NONE',  ( 0.000000000000000000, 0.000000000000000000, -1.000000000000000000 ) ) ;
#6001 = EDGE_CURVE ( 'NONE', #7665, #6447, #7542, .T. ) ;
#6002 = CARTESIAN_POINT ( 'NONE',  ( -29.33956106112635354, 35.75089393306190289, 112.0000000000000000 ) ) ;
#6003 = CARTESIAN_POINT ( 'NONE',  ( -31.49999999999999289, 73.09999999999999432, -70.00000000000000000 ) ) ;
#6004 = CARTESIAN_POINT ( 'NONE',  ( 33.46499999999999631, 114.0000000000000000, -44.90443948822942843 ) ) ;
#6005 = EDGE_CURVE ( 'NONE', #9306, #6417, #11803, .T. ) ;
#6006 = ORIENTED_EDGE ( 'NONE', *, *, #4401, .F. ) ;
#6007 = DIRECTION ( 'NONE',  ( -0.000000000000000000, -0.000000000000000000, 1.000000000000000000 ) ) ;
#6008 = PLANE ( 'NONE',  #4601 ) ;
#6009 = EDGE_CURVE ( 'NONE', #7099, #3975, #4279, .T. ) ;
#6010 = CIRCLE ( 'NONE', #7691, 3.400000000000000355 ) ;
#6011 = EDGE_CURVE ( 'NONE', #7583, #8116, #5769, .T. ) ;
#6012 = VERTEX_POINT ( 'NONE', #5579 ) ;
#6013 = CARTESIAN_POINT ( 'NONE',  ( 45.00000000000000000, -45.00000000000000000, 112.0000000000000000 ) ) ;
#6014 = LINE ( 'NONE', #3555, #12011 ) ;
#6015 = AXIS2_PLACEMENT_3D ( 'NONE', #4373, #3196, #239 ) ;
#6016 = DIRECTION ( 'NONE',  ( 0.000000000000000000, 0.000000000000000000, 1.000000000000000000 ) ) ;
#6017 = EDGE_CURVE ( 'NONE', #963, #9138, #7735, .T. ) ;
#6018 = DIRECTION ( 'NONE',  ( 0.000000000000000000, 1.000000000000000000, 0.000000000000000000 ) ) ;
#6019 = VERTEX_POINT ( 'NONE', #11740 ) ;
#6020 = ORIENTED_EDGE ( 'NONE', *, *, #5032, .F. ) ;
#6021 = CARTESIAN_POINT ( 'NONE',  ( -28.08750000000000568, 114.0000000000000000, -2.500000000000002220 ) ) ;
#6022 = CARTESIAN_POINT ( 'NONE',  ( 0.000000000000000000, 114.0000000000000000, 14.20569654897112244 ) ) ;
#6023 = AXIS2_PLACEMENT_3D ( 'NONE', #4678, #4737, #2895 ) ;
#6024 = VERTEX_POINT ( 'NONE', #2726 ) ;
#6025 = DIRECTION ( 'NONE',  ( 0.000000000000000000, 0.000000000000000000, 1.000000000000000000 ) ) ;
#6026 = EDGE_CURVE ( 'NONE', #7030, #6019, #9559, .T. ) ;
#6027 = VERTEX_POINT ( 'NONE', #10631 ) ;
#6028 = DIRECTION ( 'NONE',  ( 0.000000000000000000, 0.000000000000000000, -1.000000000000000000 ) ) ;
#6029 = ORIENTED_EDGE ( 'NONE', *, *, #990, .F. ) ;
#6030 = CARTESIAN_POINT ( 'NONE',  ( -29.33956106112634288, 35.75089393306190289, 112.0000000000000000 ) ) ;
#6031 = CARTESIAN_POINT ( 'NONE',  ( 36.50000000000000000, 114.0000000000000000, -50.50000000000000000 ) ) ;
#6032 = PLANE ( 'NONE',  #11190 ) ;
#6033 = EDGE_CURVE ( 'NONE', #456, #4953, #10755, .T. ) ;
#6034 = AXIS2_PLACEMENT_3D ( 'NONE', #1472, #12559, #6529 ) ;
#6035 = CARTESIAN_POINT ( 'NONE',  ( -29.33956106112635354, 35.75089393306190289, 53.29999999999997584 ) ) ;
#6036 = AXIS2_PLACEMENT_3D ( 'NONE', #10460, #9335, #3489 ) ;
#6037 = DIRECTION ( 'NONE',  ( -0.000000000000000000, -0.000000000000000000, 1.000000000000000000 ) ) ;
#6038 = CARTESIAN_POINT ( 'NONE',  ( -51.50000000000000711, -4.999999999999984901, 40.29999999999998295 ) ) ;
#6039 = VECTOR ( 'NONE', #6206, 1000.000000000000000 ) ;
#6040 = ORIENTED_EDGE ( 'NONE', *, *, #5286, .F. ) ;
#6041 = CYLINDRICAL_SURFACE ( 'NONE', #10144, 34.50000000000000711 ) ;
#6042 = CARTESIAN_POINT ( 'NONE',  ( -42.42640687119284593, -42.42640687119285303, 11.59999999999999254 ) ) ;
#6043 = EDGE_CURVE ( 'NONE', #7685, #10695, #1620, .T. ) ;
#6044 = DIRECTION ( 'NONE',  ( -0.000000000000000000, -0.000000000000000000, -1.000000000000000000 ) ) ;
#6045 = CIRCLE ( 'NONE', #7722, 12.24999999999999645 ) ;
#6046 = CARTESIAN_POINT ( 'NONE',  ( -32.17016143302159037, 77.03947087265486005, -72.00000000000001421 ) ) ;
#6047 = EDGE_CURVE ( 'NONE', #4448, #2395, #559, .T. ) ;
#6048 = DIRECTION ( 'NONE',  ( -0.000000000000000000, -0.000000000000000000, 1.000000000000000000 ) ) ;
#6049 = ORIENTED_EDGE ( 'NONE', *, *, #3442, .T. ) ;
#6050 = CARTESIAN_POINT ( 'NONE',  ( -22.50000000000000000, 114.0000000000000000, -35.50000000000000711 ) ) ;
#6051 = CARTESIAN_POINT ( 'NONE',  ( -45.50000000000009237, -45.49999999999998579, -67.00000000000000000 ) ) ;
#6052 = CIRCLE ( 'NONE', #12966, 6.800000000000000711 ) ;
#6053 = PLANE ( 'NONE',  #8848 ) ;
#6054 = EDGE_LOOP ( 'NONE', ( #8711, #12061, #4002, #7295 ) ) ;
#6055 = DIRECTION ( 'NONE',  ( 0.000000000000000000, 0.000000000000000000, -1.000000000000000000 ) ) ;
#6056 = CYLINDRICAL_SURFACE ( 'NONE', #8363, 4.999999999999997335 ) ;
#6057 = ADVANCED_FACE ( 'NONE', ( #8522 ), #3526, .T. ) ;
#6058 = VERTEX_POINT ( 'NONE', #11997 ) ;
#6059 = DIRECTION ( 'NONE',  ( -0.000000000000000000, -0.000000000000000000, 1.000000000000000000 ) ) ;
#6060 = ORIENTED_EDGE ( 'NONE', *, *, #5953, .T. ) ;
#6061 = ORIENTED_EDGE ( 'NONE', *, *, #12689, .T. ) ;
#6062 = CARTESIAN_POINT ( 'NONE',  ( 0.000000000000000000, 148.5000000000000284, -65.49999999999998579 ) ) ;
#6063 = FACE_OUTER_BOUND ( 'NONE', #2615, .T. ) ;
#6064 = DIRECTION ( 'NONE',  ( -1.000000000000000000, -1.334402673828311121E-16, 0.000000000000000000 ) ) ;
#6065 = AXIS2_PLACEMENT_3D ( 'NONE', #391, #7494, #8611 ) ;
#6066 = CONICAL_SURFACE ( 'NONE', #395, 1.249999999999997558, 1.029744258676651647 ) ;
#6067 = VECTOR ( 'NONE', #10970, 1000.000000000000000 ) ;
#6068 = CARTESIAN_POINT ( 'NONE',  ( 34.50000000000000000, 114.0000000000000000, -14.50000000000000711 ) ) ;
#6069 = DIRECTION ( 'NONE',  ( 0.000000000000000000, 0.000000000000000000, -1.000000000000000000 ) ) ;
#6070 = ORIENTED_EDGE ( 'NONE', *, *, #1499, .F. ) ;
#6071 = FACE_BOUND ( 'NONE', #9452, .T. ) ;
#6072 = DIRECTION ( 'NONE',  ( -0.000000000000000000, -0.000000000000000000, 1.000000000000000000 ) ) ;
#6073 = EDGE_CURVE ( 'NONE', #5997, #11866, #2900, .T. ) ;
#6074 = VERTEX_POINT ( 'NONE', #2845 ) ;
#6075 = LINE ( 'NONE', #10005, #11132 ) ;
#6076 = VECTOR ( 'NONE', #7152, 1000.000000000000114 ) ;
#6077 = ORIENTED_EDGE ( 'NONE', *, *, #1988, .T. ) ;
#6078 = AXIS2_PLACEMENT_3D ( 'NONE', #4667, #10724, #540 ) ;
#6079 = CARTESIAN_POINT ( 'NONE',  ( -35.75089393306184604, 29.33956106112633222, 112.0000000000000000 ) ) ;
#6080 = DIRECTION ( 'NONE',  ( 0.000000000000000000, 0.000000000000000000, -1.000000000000000000 ) ) ;
#6081 = VERTEX_POINT ( 'NONE', #2987 ) ;
#6082 = EDGE_LOOP ( 'NONE', ( #12654, #1526, #3694, #3925 ) ) ;
#6083 = AXIS2_PLACEMENT_3D ( 'NONE', #9075, #9987, #2889 ) ;
#6084 = CARTESIAN_POINT ( 'NONE',  ( 0.000000000000000000, 114.0000000000000000, -44.90443948822942843 ) ) ;
#6085 = CARTESIAN_POINT ( 'NONE',  ( 23.50000000000000355, 114.0000000000000000, -64.50000000000000000 ) ) ;
#6086 = ORIENTED_EDGE ( 'NONE', *, *, #1742, .F. ) ;
#6087 = DIRECTION ( 'NONE',  ( 0.000000000000000000, 0.000000000000000000, 1.000000000000000000 ) ) ;
#6088 = ADVANCED_FACE ( 'NONE', ( #3116 ), #823, .T. ) ;
#6089 = ADVANCED_FACE ( 'NONE', ( #1085, #5830, #11864, #7006 ), #11927, .T. ) ;
#6090 = CARTESIAN_POINT ( 'NONE',  ( 52.00000000000002132, 52.00000000000002842, 10.00000000000000000 ) ) ;
#6091 = CARTESIAN_POINT ( 'NONE',  ( -38.19999999999998153, -22.14000000000005386, 73.39999999999997726 ) ) ;
#6092 = DIRECTION ( 'NONE',  ( 1.000000000000000000, 0.000000000000000000, 0.000000000000000000 ) ) ;
#6093 = AXIS2_PLACEMENT_3D ( 'NONE', #11241, #327, #1397 ) ;
#6094 = CARTESIAN_POINT ( 'NONE',  ( -30.77624999999999744, 114.0000000000000000, -8.500000000000003553 ) ) ;
#6095 = FACE_OUTER_BOUND ( 'NONE', #102, .T. ) ;
#6096 = EDGE_CURVE ( 'NONE', #5903, #11946, #5446, .T. ) ;
#6097 = EDGE_CURVE ( 'NONE', #9857, #736, #3746, .T. ) ;
#6098 =( NAMED_UNIT ( * ) SI_UNIT ( $, .STERADIAN. ) SOLID_ANGLE_UNIT ( ) );
#6099 = CARTESIAN_POINT ( 'NONE',  ( -22.14000000000007518, -45.00000000000002132, 19.59999999999999076 ) ) ;
#6100 = ORIENTED_EDGE ( 'NONE', *, *, #937, .T. ) ;
#6101 = VECTOR ( 'NONE', #10682, 1000.000000000000000 ) ;
#6102 = DIRECTION ( 'NONE',  ( -0.000000000000000000, -1.000000000000000000, -0.000000000000000000 ) ) ;
#6103 = DIRECTION ( 'NONE',  ( -0.000000000000000000, 0.000000000000000000, -1.000000000000000000 ) ) ;
#6104 = CARTESIAN_POINT ( 'NONE',  ( -42.31428571428572383, 147.4307439082954545, 6.499999999999996447 ) ) ;
#6105 = DIRECTION ( 'NONE',  ( -0.1358808089250893303, 0.9907251918498203302, 0.000000000000000000 ) ) ;
#6106 = LINE ( 'NONE', #4987, #1759 ) ;
#6107 = ORIENTED_EDGE ( 'NONE', *, *, #10732, .F. ) ;
#6108 = DIRECTION ( 'NONE',  ( 0.000000000000000000, 0.000000000000000000, -1.000000000000000000 ) ) ;
#6109 = ADVANCED_FACE ( 'NONE', ( #12919 ), #3055, .F. ) ;
#6110 = AXIS2_PLACEMENT_3D ( 'NONE', #7108, #3357, #9079 ) ;
#6111 = CIRCLE ( 'NONE', #4425, 9.500000000000001776 ) ;
#6112 = EDGE_CURVE ( 'NONE', #497, #11048, #12358, .T. ) ;
#6113 = DIRECTION ( 'NONE',  ( -0.000000000000000000, -0.000000000000000000, -1.000000000000000000 ) ) ;
#6114 = CARTESIAN_POINT ( 'NONE',  ( 0.000000000000000000, 114.0000000000000000, 14.20569654897112244 ) ) ;
#6115 = ORIENTED_EDGE ( 'NONE', *, *, #2929, .T. ) ;
#6116 = DIRECTION ( 'NONE',  ( 0.000000000000000000, 0.000000000000000000, -1.000000000000000000 ) ) ;
#6117 = DIRECTION ( 'NONE',  ( 0.9907251918498221066, -0.1358808089250767570, 1.527674887594233616E-16 ) ) ;
#6118 = AXIS2_PLACEMENT_3D ( 'NONE', #5124, #117, #8139 ) ;
#6120 = ORIENTED_EDGE ( 'NONE', *, *, #8724, .F. ) ;
#6119 = AXIS2_PLACEMENT_3D ( 'NONE', #9553, #4503, #9363 ) ;
#6121 = DIRECTION ( 'NONE',  ( 0.000000000000000000, 0.000000000000000000, -1.000000000000000000 ) ) ;
#6122 = ORIENTED_EDGE ( 'NONE', *, *, #3916, .F. ) ;
#6123 = ORIENTED_EDGE ( 'NONE', *, *, #11660, .F. ) ;
#6124 = DIRECTION ( 'NONE',  ( 0.000000000000000000, 0.000000000000000000, -1.000000000000000000 ) ) ;
#6125 = ADVANCED_FACE ( 'NONE', ( #1949 ), #3839, .T. ) ;
#6126 = DIRECTION ( 'NONE',  ( 0.000000000000000000, 1.000000000000000000, 0.000000000000000000 ) ) ;
#6127 = EDGE_CURVE ( 'NONE', #10851, #2192, #1018, .T. ) ;
#6128 = DIRECTION ( 'NONE',  ( -1.000000000000000000, 0.000000000000000000, 0.000000000000000000 ) ) ;
#6129 = VECTOR ( 'NONE', #5952, 1000.000000000000000 ) ;
#6130 = CARTESIAN_POINT ( 'NONE',  ( -57.50000000000012790, -6.021595778902658402, 70.57434842601620062 ) ) ;
#6131 = DIRECTION ( 'NONE',  ( -0.000000000000000000, -0.000000000000000000, -1.000000000000000000 ) ) ;
#6132 = EDGE_LOOP ( 'NONE', ( #7531, #6649 ) ) ;
#6133 = DIRECTION ( 'NONE',  ( 1.000000000000000000, 0.000000000000000000, 0.000000000000000000 ) ) ;
#6134 = DIRECTION ( 'NONE',  ( -0.000000000000000000, -0.000000000000000000, 1.000000000000000000 ) ) ;
#6135 = ORIENTED_EDGE ( 'NONE', *, *, #9651, .T. ) ;
#6136 = DIRECTION ( 'NONE',  ( 0.000000000000000000, 0.000000000000000000, 1.000000000000000000 ) ) ;
#6137 = AXIS2_PLACEMENT_3D ( 'NONE', #11958, #2880, #6967 ) ;
#6138 = ORIENTED_EDGE ( 'NONE', *, *, #10336, .F. ) ;
#6139 = CIRCLE ( 'NONE', #678, 6.499999999999999112 ) ;
#6140 = FACE_OUTER_BOUND ( 'NONE', #9863, .T. ) ;
#6141 = DIRECTION ( 'NONE',  ( -0.5000000000000004441, 6.123233995736770966E-17, 0.8660254037844383745 ) ) ;
#6142 = ORIENTED_EDGE ( 'NONE', *, *, #7601, .F. ) ;
#6143 = ORIENTED_EDGE ( 'NONE', *, *, #12465, .F. ) ;
#6144 = CARTESIAN_POINT ( 'NONE',  ( 4.000000000000000888, 125.8427192823270104, -49.00000000000000000 ) ) ;
#6145 = AXIS2_PLACEMENT_3D ( 'NONE', #965, #1827, #12927 ) ;
#6146 = DIRECTION ( 'NONE',  ( 1.000000000000000000, 0.000000000000000000, 0.000000000000000000 ) ) ;
#6147 = ORIENTED_EDGE ( 'NONE', *, *, #1143, .F. ) ;
#6148 = CARTESIAN_POINT ( 'NONE',  ( 45.50000000000013500, -45.49999999999998579, -313.5367466867102166 ) ) ;
#6149 = EDGE_CURVE ( 'NONE', #7670, #11913, #10264, .T. ) ;
#6150 = ORIENTED_EDGE ( 'NONE', *, *, #2408, .T. ) ;
#6151 = CYLINDRICAL_SURFACE ( 'NONE', #3369, 12.69999999999999929 ) ;
#6152 = ORIENTED_EDGE ( 'NONE', *, *, #4296, .F. ) ;
#6153 = PLANE ( 'NONE',  #6169 ) ;
#6154 = CARTESIAN_POINT ( 'NONE',  ( 42.42640687119285303, 38.17640687119286724, 10.00099999999999945 ) ) ;
#6155 = VECTOR ( 'NONE', #12591, 1000.000000000000000 ) ;
#6156 = DIRECTION ( 'NONE',  ( -0.000000000000000000, -0.000000000000000000, 1.000000000000000000 ) ) ;
#6157 = DIRECTION ( 'NONE',  ( -4.383625018638762535E-16, 1.000000000000000000, 0.000000000000000000 ) ) ;
#6158 = EDGE_CURVE ( 'NONE', #12737, #8778, #7961, .T. ) ;
#6159 = DIRECTION ( 'NONE',  ( 1.000000000000000000, 0.000000000000000000, 0.000000000000000000 ) ) ;
#6160 = CONICAL_SURFACE ( 'NONE', #11411, 20.00000000000000000, 0.5235987755982993708 ) ;
#6161 = DIRECTION ( 'NONE',  ( 1.000000000000000000, 8.912340794009285204E-16, -0.000000000000000000 ) ) ;
#6162 = DIRECTION ( 'NONE',  ( 0.000000000000000000, 0.000000000000000000, -1.000000000000000000 ) ) ;
#6163 = EDGE_LOOP ( 'NONE', ( #11282, #2269, #5613, #9355, #5136, #2378, #2847, #4926, #9702, #6994, #9077 ) ) ;
#6164 = DIRECTION ( 'NONE',  ( 1.000000000000000000, 0.000000000000000000, 0.000000000000000000 ) ) ;
#6165 = DIRECTION ( 'NONE',  ( -0.000000000000000000, 0.000000000000000000, 1.000000000000000000 ) ) ;
#6166 = LINE ( 'NONE', #11228, #1079 ) ;
#6167 = EDGE_CURVE ( 'NONE', #7919, #9877, #3901, .T. ) ;
#6168 = DIRECTION ( 'NONE',  ( -0.000000000000000000, -0.000000000000000000, -1.000000000000000000 ) ) ;
#6169 = AXIS2_PLACEMENT_3D ( 'NONE', #6030, #7014, #4045 ) ;
#6170 = ORIENTED_EDGE ( 'NONE', *, *, #1763, .F. ) ;
#6171 = CARTESIAN_POINT ( 'NONE',  ( -22.14000000000007518, -45.00000000000002132, 112.0000000000000000 ) ) ;
#6172 = AXIS2_PLACEMENT_3D ( 'NONE', #4247, #307, #8265 ) ;
#6173 = DIRECTION ( 'NONE',  ( 0.000000000000000000, -1.000000000000000000, 0.000000000000000000 ) ) ;
#6174 = CARTESIAN_POINT ( 'NONE',  ( 7.372373730867057378E-16, -6.019999999999993356, -52.95891286372533813 ) ) ;
#6175 = EDGE_LOOP ( 'NONE', ( #2520, #8165 ) ) ;
#6176 = ORIENTED_EDGE ( 'NONE', *, *, #11052, .T. ) ;
#6177 = DIRECTION ( 'NONE',  ( -1.000000000000000000, 0.000000000000000000, -0.000000000000000000 ) ) ;
#6178 = DIRECTION ( 'NONE',  ( -0.000000000000000000, -0.000000000000000000, 1.000000000000000000 ) ) ;
#6179 = ORIENTED_EDGE ( 'NONE', *, *, #4171, .T. ) ;
#6180 = DIRECTION ( 'NONE',  ( 0.000000000000000000, 0.000000000000000000, 1.000000000000000000 ) ) ;
#6181 = ADVANCED_FACE ( 'NONE', ( #5030 ), #12126, .F. ) ;
#6182 = EDGE_LOOP ( 'NONE', ( #10836, #2289 ) ) ;
#6183 = ORIENTED_EDGE ( 'NONE', *, *, #13011, .T. ) ;
#6184 = CYLINDRICAL_SURFACE ( 'NONE', #5280, 26.00000000000001066 ) ;
#6185 = DIRECTION ( 'NONE',  ( -0.000000000000000000, -0.000000000000000000, -1.000000000000000000 ) ) ;
#6186 = DIRECTION ( 'NONE',  ( -0.000000000000000000, -0.000000000000000000, -1.000000000000000000 ) ) ;
#6187 = VECTOR ( 'NONE', #3790, 1000.000000000000000 ) ;
#6188 = CARTESIAN_POINT ( 'NONE',  ( -22.50000000000000000, 114.0000000000000000, -15.50000000000000355 ) ) ;
#6189 = CARTESIAN_POINT ( 'NONE',  ( 42.42640687119283882, 42.42640687119283882, 9.999999999999992895 ) ) ;
#6190 = ORIENTED_EDGE ( 'NONE', *, *, #8901, .T. ) ;
#6191 = DIRECTION ( 'NONE',  ( -0.000000000000000000, -0.000000000000000000, 1.000000000000000000 ) ) ;
#6192 = CARTESIAN_POINT ( 'NONE',  ( -45.50000000000000000, -12.27851844886865074, 63.27892172405611149 ) ) ;
#6193 = EDGE_CURVE ( 'NONE', #3513, #9718, #7987, .T. ) ;
#6194 = EDGE_LOOP ( 'NONE', ( #3329, #4912, #3201, #1302 ) ) ;
#6195 = CARTESIAN_POINT ( 'NONE',  ( 42.42640687119307330, 156.4264068711926257, -77.00000000000000000 ) ) ;
#6196 = AXIS2_PLACEMENT_3D ( 'NONE', #7509, #11519, #2374 ) ;
#6197 = EDGE_CURVE ( 'NONE', #294, #10990, #888, .T. ) ;
#6198 = DIRECTION ( 'NONE',  ( -0.000000000000000000, -0.000000000000000000, 1.000000000000000000 ) ) ;
#6199 = EDGE_LOOP ( 'NONE', ( #2763, #2742, #1820, #8409 ) ) ;
#6200 = DIRECTION ( 'NONE',  ( 1.000000000000000000, 0.000000000000000000, 0.000000000000000000 ) ) ;
#6201 = ORIENTED_EDGE ( 'NONE', *, *, #9373, .T. ) ;
#6202 = LINE ( 'NONE', #7329, #12200 ) ;
#6203 = FACE_OUTER_BOUND ( 'NONE', #3352, .T. ) ;
#6204 = EDGE_CURVE ( 'NONE', #9494, #8835, #3963, .T. ) ;
#6205 = ORIENTED_EDGE ( 'NONE', *, *, #6231, .T. ) ;
#6206 = DIRECTION ( 'NONE',  ( 0.000000000000000000, 0.000000000000000000, -1.000000000000000000 ) ) ;
#6207 = EDGE_CURVE ( 'NONE', #7042, #9585, #11404, .T. ) ;
#6208 = ORIENTED_EDGE ( 'NONE', *, *, #6628, .F. ) ;
#6209 = ORIENTED_EDGE ( 'NONE', *, *, #4490, .T. ) ;
#6210 = DIRECTION ( 'NONE',  ( 1.000000000000000000, 0.000000000000000000, 0.000000000000000000 ) ) ;
#6211 = AXIS2_PLACEMENT_3D ( 'NONE', #9367, #368, #2268 ) ;
#6212 = DIRECTION ( 'NONE',  ( 0.000000000000000000, 0.000000000000000000, -1.000000000000000000 ) ) ;
#6213 = FACE_OUTER_BOUND ( 'NONE', #12853, .T. ) ;
#6214 = CARTESIAN_POINT ( 'NONE',  ( -51.49999999999999289, 8.882333257533593596, 69.13387901857001339 ) ) ;
#6215 = CARTESIAN_POINT ( 'NONE',  ( 44.99999999999997868, 22.14000000000004675, 112.0000000000000000 ) ) ;
#6216 = EDGE_LOOP ( 'NONE', ( #10359, #10865, #6243, #704 ) ) ;
#6217 = VERTEX_POINT ( 'NONE', #2130 ) ;
#6218 = AXIS2_PLACEMENT_3D ( 'NONE', #3312, #5093, #12247 ) ;
#6219 = VECTOR ( 'NONE', #700, 1000.000000000000000 ) ;
#6220 = CYLINDRICAL_SURFACE ( 'NONE', #4064, 4.250000000000003553 ) ;
#6221 = CYLINDRICAL_SURFACE ( 'NONE', #8647, 4.999999999999984013 ) ;
#6222 = EDGE_LOOP ( 'NONE', ( #4864, #11852, #1578, #9525 ) ) ;
#6223 = LINE ( 'NONE', #11948, #7842 ) ;
#6224 = ORIENTED_EDGE ( 'NONE', *, *, #10812, .F. ) ;
#6225 = CARTESIAN_POINT ( 'NONE',  ( -35.75089393306191710, -29.33956106112634998, 112.0000000000000000 ) ) ;
#6226 = CONICAL_SURFACE ( 'NONE', #564, 13.07735026918962795, 0.5235987755982941527 ) ;
#6227 = DIRECTION ( 'NONE',  ( -0.000000000000000000, -0.000000000000000000, 1.000000000000000000 ) ) ;
#6228 = CYLINDRICAL_SURFACE ( 'NONE', #3798, 6.499999999999999112 ) ;
#6229 = EDGE_CURVE ( 'NONE', #11331, #4135, #5008, .T. ) ;
#6230 = CARTESIAN_POINT ( 'NONE',  ( 0.000000000000000000, 0.000000000000000000, -2.299999999999999822 ) ) ;
#6231 = EDGE_CURVE ( 'NONE', #6317, #858, #8789, .T. ) ;
#6232 = AXIS2_PLACEMENT_3D ( 'NONE', #335, #4540, #8428 ) ;
#6233 = ORIENTED_EDGE ( 'NONE', *, *, #2225, .T. ) ;
#6234 = TOROIDAL_SURFACE ( 'NONE', #7081, 30.77624999999999744, 4.599999999999995204 ) ;
#6235 = AXIS2_PLACEMENT_3D ( 'NONE', #11778, #1858, #6921 ) ;
#6236 = DIRECTION ( 'NONE',  ( -0.000000000000000000, -0.000000000000000000, 1.000000000000000000 ) ) ;
#6237 = EDGE_LOOP ( 'NONE', ( #5432, #6935, #5161, #8819 ) ) ;
#6238 = VECTOR ( 'NONE', #10086, 1000.000000000000227 ) ;
#6239 = ADVANCED_FACE ( 'NONE', ( #6203 ), #8445, .F. ) ;
#6240 = CARTESIAN_POINT ( 'NONE',  ( -20.00000000000000000, 114.0000000000000000, -66.50000000000000000 ) ) ;
#6241 = EDGE_CURVE ( 'NONE', #9478, #7583, #4163, .T. ) ;
#6242 = CARTESIAN_POINT ( 'NONE',  ( 0.000000000000000000, 114.0000000000000000, -44.90443948822942843 ) ) ;
#6243 = ORIENTED_EDGE ( 'NONE', *, *, #2065, .T. ) ;
#6244 = ORIENTED_EDGE ( 'NONE', *, *, #5320, .F. ) ;
#6245 = AXIS2_PLACEMENT_3D ( 'NONE', #116, #7097, #4123 ) ;
#6246 = DIRECTION ( 'NONE',  ( 0.000000000000000000, 0.000000000000000000, -1.000000000000000000 ) ) ;
#6247 = CIRCLE ( 'NONE', #10230, 28.08750000000000568 ) ;
#6248 = LINE ( 'NONE', #7234, #1655 ) ;
#6249 = ORIENTED_EDGE ( 'NONE', *, *, #7077, .T. ) ;
#6250 = DIRECTION ( 'NONE',  ( -0.000000000000000000, 0.000000000000000000, -1.000000000000000000 ) ) ;
#6251 = ADVANCED_FACE ( 'NONE', ( #4159, #3316 ), #223, .F. ) ;
#6252 = ORIENTED_EDGE ( 'NONE', *, *, #12177, .F. ) ;
#6253 = ORIENTED_EDGE ( 'NONE', *, *, #62, .F. ) ;
#6254 = DIRECTION ( 'NONE',  ( -1.000000000000000000, 0.000000000000000000, 0.000000000000000000 ) ) ;
#6255 = DIRECTION ( 'NONE',  ( 0.000000000000000000, 0.000000000000000000, -1.000000000000000000 ) ) ;
#6256 = TOROIDAL_SURFACE ( 'NONE', #7934, 30.77624999999999744, 4.499999999999997335 ) ;
#6257 = CARTESIAN_POINT ( 'NONE',  ( -4.000000000000000888, 126.4743737317750885, -4.500000000000003553 ) ) ;
#6258 = CARTESIAN_POINT ( 'NONE',  ( -400000.0000000000582, 61.99999999995498001, -67.00000000000000000 ) ) ;
#6259 = ADVANCED_FACE ( 'NONE', ( #1361 ), #11264, .T. ) ;
#6260 = EDGE_CURVE ( 'NONE', #10344, #12459, #9353, .T. ) ;
#6261 = CARTESIAN_POINT ( 'NONE',  ( -57.49999999999990763, -11.09648867131210537, 50.82855482483650178 ) ) ;
#6262 = CIRCLE ( 'NONE', #7529, 4.499999999999997335 ) ;
#6263 = FACE_OUTER_BOUND ( 'NONE', #12620, .T. ) ;
#6264 = ORIENTED_EDGE ( 'NONE', *, *, #3275, .T. ) ;
#6265 = CARTESIAN_POINT ( 'NONE',  ( 0.000000000000000000, 114.0000000000000000, 10.49999999999999467 ) ) ;
#6266 = CARTESIAN_POINT ( 'NONE',  ( -51.50000000000003553, 8.882333257533527870, 69.13387901857012707 ) ) ;
#6267 = ORIENTED_EDGE ( 'NONE', *, *, #12298, .T. ) ;
#6268 = DIRECTION ( 'NONE',  ( 1.000000000000000000, 0.000000000000000000, 0.000000000000000000 ) ) ;
#6269 = CIRCLE ( 'NONE', #8586, 6.800000000000004263 ) ;
#6270 = LINE ( 'NONE', #8102, #4055 ) ;
#6271 = AXIS2_PLACEMENT_3D ( 'NONE', #5284, #2437, #3370 ) ;
#6272 = DIRECTION ( 'NONE',  ( 1.000000000000000000, 0.000000000000000000, 0.000000000000000000 ) ) ;
#6273 = ORIENTED_EDGE ( 'NONE', *, *, #11024, .F. ) ;
#6274 = ADVANCED_FACE ( 'NONE', ( #11337 ), #10282, .T. ) ;
#6275 = CARTESIAN_POINT ( 'NONE',  ( 0.000000000000000000, 114.0000000000000000, 29.09545482057523813 ) ) ;
#6276 = EDGE_CURVE ( 'NONE', #1567, #1955, #353, .T. ) ;
#6277 = DIRECTION ( 'NONE',  ( 0.000000000000000000, 0.000000000000000000, 1.000000000000000000 ) ) ;
#6278 = VERTEX_POINT ( 'NONE', #9228 ) ;
#6279 = AXIS2_PLACEMENT_3D ( 'NONE', #5453, #10436, #9563 ) ;
#6280 = CARTESIAN_POINT ( 'NONE',  ( 4.000000000000000888, 125.8427192823270104, -78.00000000000000000 ) ) ;
#6281 = VECTOR ( 'NONE', #10550, 1000.000000000000000 ) ;
#6282 = ORIENTED_EDGE ( 'NONE', *, *, #9366, .T. ) ;
#6283 = VERTEX_POINT ( 'NONE', #4362 ) ;
#6284 = EDGE_CURVE ( 'NONE', #11453, #11472, #12387, .T. ) ;
#6285 = FACE_OUTER_BOUND ( 'NONE', #12223, .T. ) ;
#6286 = EDGE_LOOP ( 'NONE', ( #3989, #6315, #5838, #11244 ) ) ;
#6287 = CARTESIAN_POINT ( 'NONE',  ( 37.49999999999999289, 114.0000000000000000, -1.500000000000011768 ) ) ;
#6288 = CARTESIAN_POINT ( 'NONE',  ( 45.49999999999994316, 159.4999999999999716, 11.50000000000001066 ) ) ;
#6289 = CARTESIAN_POINT ( 'NONE',  ( -51.50000000000000711, 8.187467664686016278, 42.99026466362879262 ) ) ;
#6290 = EDGE_CURVE ( 'NONE', #2171, #11964, #1672, .T. ) ;
#6291 = DIRECTION ( 'NONE',  ( 0.000000000000000000, 0.000000000000000000, -1.000000000000000000 ) ) ;
#6292 = AXIS2_PLACEMENT_3D ( 'NONE', #1341, #6399, #8229 ) ;
#6293 = ORIENTED_EDGE ( 'NONE', *, *, #9337, .T. ) ;
#6294 = EDGE_CURVE ( 'NONE', #2940, #12842, #183, .T. ) ;
#6295 = ORIENTED_EDGE ( 'NONE', *, *, #60, .F. ) ;
#6296 = CYLINDRICAL_SURFACE ( 'NONE', #3857, 13.09999999999999964 ) ;
#6297 = FACE_OUTER_BOUND ( 'NONE', #9849, .T. ) ;
#6298 = ORIENTED_EDGE ( 'NONE', *, *, #7998, .F. ) ;
#6299 = DIRECTION ( 'NONE',  ( 0.000000000000000000, -0.000000000000000000, 1.000000000000000000 ) ) ;
#6300 = ORIENTED_EDGE ( 'NONE', *, *, #11850, .T. ) ;
#6301 = PLANE ( 'NONE',  #7952 ) ;
#6302 = APPROVAL_PERSON_ORGANIZATION ( #11401, #4475, #5562 ) ;
#6303 = DIRECTION ( 'NONE',  ( 0.000000000000000000, 0.000000000000000000, -1.000000000000000000 ) ) ;
#6304 = DIRECTION ( 'NONE',  ( -0.1358808089250893303, 0.9907251918498203302, 0.000000000000000000 ) ) ;
#6305 = ORIENTED_EDGE ( 'NONE', *, *, #2626, .T. ) ;
#6306 = CARTESIAN_POINT ( 'NONE',  ( 37.49999999999999289, 114.0000000000000000, -44.90443948822942843 ) ) ;
#6307 = ORIENTED_EDGE ( 'NONE', *, *, #9605, .F. ) ;
#6308 = DIRECTION ( 'NONE',  ( -1.000000000000000000, 0.000000000000000000, 0.000000000000000000 ) ) ;
#6309 = VECTOR ( 'NONE', #11602, 1000.000000000000000 ) ;
#6310 = DIRECTION ( 'NONE',  ( -0.000000000000000000, -1.000000000000000000, -0.000000000000000000 ) ) ;
#6311 = ORIENTED_EDGE ( 'NONE', *, *, #7021, .T. ) ;
#6312 = EDGE_CURVE ( 'NONE', #596, #9459, #12572, .T. ) ;
#6313 = DIRECTION ( 'NONE',  ( 1.000000000000000000, 0.000000000000000000, 0.000000000000000000 ) ) ;
#6314 = CARTESIAN_POINT ( 'NONE',  ( 39.12398950069049164, 28.87693130457883584, 73.39999999999999147 ) ) ;
#6315 = ORIENTED_EDGE ( 'NONE', *, *, #6673, .T. ) ;
#6316 = CARTESIAN_POINT ( 'NONE',  ( -59.00000000000000711, -6.000000000000019540, 39.80000000000000426 ) ) ;
#6317 = VERTEX_POINT ( 'NONE', #10412 ) ;
#6318 = VERTEX_POINT ( 'NONE', #12186 ) ;
#6319 = EDGE_CURVE ( 'NONE', #12596, #1826, #12781, .T. ) ;
#6320 = VECTOR ( 'NONE', #657, 1000.000000000000000 ) ;
#6321 = ADVANCED_FACE ( 'NONE', ( #10215 ), #3384, .F. ) ;
#6322 = CARTESIAN_POINT ( 'NONE',  ( 0.000000000000000000, 114.0000000000000000, -65.49999999999998579 ) ) ;
#6323 = DIRECTION ( 'NONE',  ( -1.000000000000000000, 0.000000000000000000, 0.000000000000000000 ) ) ;
#6324 = DIRECTION ( 'NONE',  ( 1.000000000000000000, 0.000000000000000000, 0.000000000000000000 ) ) ;
#6325 = DIRECTION ( 'NONE',  ( 1.000000000000000000, 0.000000000000000000, 0.000000000000000000 ) ) ;
#6326 = ADVANCED_FACE ( 'NONE', ( #620 ), #5564, .T. ) ;
#6327 = DIRECTION ( 'NONE',  ( -0.000000000000000000, -0.000000000000000000, 1.000000000000000000 ) ) ;
#6328 = AXIS2_PLACEMENT_3D ( 'NONE', #4471, #11378, #1589 ) ;
#6329 = CARTESIAN_POINT ( 'NONE',  ( 4.000000000000000888, 125.8427192823270104, -19.50000000000000355 ) ) ;
#6330 = CARTESIAN_POINT ( 'NONE',  ( 45.00000000000000711, 45.00000000000000000, 73.39999999999999147 ) ) ;
#6331 = ORIENTED_EDGE ( 'NONE', *, *, #3026, .F. ) ;
#6332 = DIRECTION ( 'NONE',  ( -1.000000000000000000, 0.000000000000000000, 0.000000000000000000 ) ) ;
#6333 = CARTESIAN_POINT ( 'NONE',  ( -45.50000000000006395, 9.499682676886402888, 47.12041765112970637 ) ) ;
#6334 = ORIENTED_EDGE ( 'NONE', *, *, #769, .T. ) ;
#6335 = DIRECTION ( 'NONE',  ( 1.541976423090494894E-16, 0.000000000000000000, -1.000000000000000000 ) ) ;
#6336 = EDGE_CURVE ( 'NONE', #3542, #1126, #12509, .T. ) ;
#6337 = EDGE_CURVE ( 'NONE', #8911, #5834, #2709, .T. ) ;
#6338 = VECTOR ( 'NONE', #4780, 1000.000000000000000 ) ;
#6339 = AXIS2_PLACEMENT_3D ( 'NONE', #12911, #11731, #1688 ) ;
#6340 = CIRCLE ( 'NONE', #11794, 1.999999999999980904 ) ;
#6341 = DIRECTION ( 'NONE',  ( 0.000000000000000000, 0.000000000000000000, -1.000000000000000000 ) ) ;
#6342 = CARTESIAN_POINT ( 'NONE',  ( -45.50000000000000711, 6.000000000000000000, 39.79999999999998295 ) ) ;
#6343 = ORIENTED_EDGE ( 'NONE', *, *, #10993, .T. ) ;
#6344 = DIRECTION ( 'NONE',  ( 1.000000000000000000, 0.000000000000000000, 0.000000000000000000 ) ) ;
#6345 = DIRECTION ( 'NONE',  ( -0.000000000000000000, -0.000000000000000000, 1.000000000000000000 ) ) ;
#6346 = AXIS2_PLACEMENT_3D ( 'NONE', #10719, #2565, #8617 ) ;
#6347 = ORIENTED_EDGE ( 'NONE', *, *, #10461, .T. ) ;
#6348 = DIRECTION ( 'NONE',  ( -2.440127389430786319E-16, 1.000000000000000000, 0.000000000000000000 ) ) ;
#6349 = VERTEX_POINT ( 'NONE', #9740 ) ;
#6350 = EDGE_LOOP ( 'NONE', ( #7172, #2126, #8885, #9194, #2330, #2662 ) ) ;
#6351 = EDGE_CURVE ( 'NONE', #12241, #8411, #7658, .T. ) ;
#6352 = DIRECTION ( 'NONE',  ( -0.000000000000000000, -0.000000000000000000, 1.000000000000000000 ) ) ;
#6353 = ORIENTED_EDGE ( 'NONE', *, *, #170, .F. ) ;
#6354 = EDGE_CURVE ( 'NONE', #3890, #5314, #10615, .T. ) ;
#6355 = ADVANCED_FACE ( 'NONE', ( #3644 ), #2519, .F. ) ;
#6356 = EDGE_LOOP ( 'NONE', ( #4940, #4930 ) ) ;
#6357 = DIRECTION ( 'NONE',  ( 0.000000000000000000, -0.000000000000000000, 1.000000000000000000 ) ) ;
#6358 = CARTESIAN_POINT ( 'NONE',  ( 24.50000000000000000, 114.0000000000000000, -49.50000000000000000 ) ) ;
#6359 = CARTESIAN_POINT ( 'NONE',  ( -51.49999999999990763, -3.195323443267932717, 72.04676867896058923 ) ) ;
#6360 = AXIS2_PLACEMENT_3D ( 'NONE', #5462, #7554, #3666 ) ;
#6361 = DIRECTION ( 'NONE',  ( -0.000000000000000000, -0.000000000000000000, 1.000000000000000000 ) ) ;
#6362 = ORIENTED_EDGE ( 'NONE', *, *, #2223, .T. ) ;
#6363 = EDGE_LOOP ( 'NONE', ( #1356, #797, #3611, #11639 ) ) ;
#6364 = CARTESIAN_POINT ( 'NONE',  ( -39.12398950069049874, -28.87693130457884649, 112.0000000000000000 ) ) ;
#6365 = DIRECTION ( 'NONE',  ( 0.000000000000000000, 1.000000000000000000, 0.000000000000000000 ) ) ;
#6366 = ORIENTED_EDGE ( 'NONE', *, *, #114, .F. ) ;
#6367 = PLANE ( 'NONE',  #3213 ) ;
#6368 = FACE_OUTER_BOUND ( 'NONE', #6616, .T. ) ;
#6369 = FACE_OUTER_BOUND ( 'NONE', #1226, .T. ) ;
#6370 = AXIS2_PLACEMENT_3D ( 'NONE', #5891, #6687, #4949 ) ;
#6371 = DIRECTION ( 'NONE',  ( 0.000000000000000000, 0.000000000000000000, -1.000000000000000000 ) ) ;
#6372 = EDGE_CURVE ( 'NONE', #4848, #2316, #5668, .T. ) ;
#6373 = DIRECTION ( 'NONE',  ( -0.000000000000000000, -0.000000000000000000, 1.000000000000000000 ) ) ;
#6374 = VERTEX_POINT ( 'NONE', #5756 ) ;
#6375 = DIRECTION ( 'NONE',  ( -0.000000000000000000, -0.000000000000000000, 1.000000000000000000 ) ) ;
#6376 = ADVANCED_FACE ( 'NONE', ( #11659 ), #6066, .F. ) ;
#6377 = VECTOR ( 'NONE', #10441, 1000.000000000000000 ) ;
#6378 = ORIENTED_EDGE ( 'NONE', *, *, #11968, .F. ) ;
#6379 = AXIS2_PLACEMENT_3D ( 'NONE', #11091, #2086, #11029 ) ;
#6380 = CARTESIAN_POINT ( 'NONE',  ( -27.03999999999999915, 73.14000000000000057, -60.74892422621554289 ) ) ;
#6381 = AXIS2_PLACEMENT_3D ( 'NONE', #10012, #1213, #10143 ) ;
#6382 = FACE_OUTER_BOUND ( 'NONE', #8630, .T. ) ;
#6383 = ORIENTED_EDGE ( 'NONE', *, *, #12855, .T. ) ;
#6384 = ORIENTED_EDGE ( 'NONE', *, *, #10555, .F. ) ;
#6385 = DIRECTION ( 'NONE',  ( -0.000000000000000000, -0.000000000000000000, 1.000000000000000000 ) ) ;
#6386 = CARTESIAN_POINT ( 'NONE',  ( 27.04000000000000270, 73.14000000000001478, -2.000000000000004441 ) ) ;
#6387 = ORIENTED_EDGE ( 'NONE', *, *, #1024, .F. ) ;
#6388 = CARTESIAN_POINT ( 'NONE',  ( -4.000000000000000888, 126.0536301585870831, -49.00000000000000000 ) ) ;
#6389 = ADVANCED_FACE ( 'NONE', ( #6477 ), #4376, .T. ) ;
#6390 = ORIENTED_EDGE ( 'NONE', *, *, #4041, .T. ) ;
#6391 = ORIENTED_EDGE ( 'NONE', *, *, #12094, .F. ) ;
#6392 = DIRECTION ( 'NONE',  ( -0.000000000000000000, -0.000000000000000000, 1.000000000000000000 ) ) ;
#6393 = CARTESIAN_POINT ( 'NONE',  ( 35.75089393306190999, 29.33956106112634643, 112.0000000000000000 ) ) ;
#6394 = FACE_OUTER_BOUND ( 'NONE', #11191, .T. ) ;
#6395 = CLOSED_SHELL ( 'NONE', ( #305, #11211, #4060, #12064, #4591, #11840, #2129, #1466, #2467, #2307, #10930, #10048, #2612, #6559, #10114, #2910, #983, #5464, #12185, #5207 ) ) ;
#6396 = PLANE ( 'NONE',  #10228 ) ;
#6397 = CARTESIAN_POINT ( 'NONE',  ( -42.25000000000000000, 142.4311571906818017, 6.499999999999996447 ) ) ;
#6398 = CARTESIAN_POINT ( 'NONE',  ( 28.08750000000000213, 114.0000000000000000, -4.767624960229753128 ) ) ;
#6399 = DIRECTION ( 'NONE',  ( -0.000000000000000000, -0.000000000000000000, 1.000000000000000000 ) ) ;
#6400 = VERTEX_POINT ( 'NONE', #6678 ) ;
#6401 = CARTESIAN_POINT ( 'NONE',  ( 0.000000000000000000, 114.0000000000000000, -65.35000000000000853 ) ) ;
#6402 = CARTESIAN_POINT ( 'NONE',  ( -51.50000000000001421, 6.947747786280481286, 40.52230724711836984 ) ) ;
#6403 = ORIENTED_EDGE ( 'NONE', *, *, #3525, .F. ) ;
#6404 = ORIENTED_EDGE ( 'NONE', *, *, #7942, .T. ) ;
#6405 = ADVANCED_FACE ( 'NONE', ( #4557 ), #9546, .F. ) ;
#6406 = EDGE_CURVE ( 'NONE', #11674, #12787, #11536, .T. ) ;
#6407 = LINE ( 'NONE', #3375, #5623 ) ;
#6408 = CARTESIAN_POINT ( 'NONE',  ( 0.000000000000000000, 114.0000000000000000, 14.20569654897112244 ) ) ;
#6409 = EDGE_LOOP ( 'NONE', ( #7593, #2300, #646, #6948 ) ) ;
#6410 = APPROVAL_DATE_TIME ( #2448, #4475 ) ;
#6411 = DIRECTION ( 'NONE',  ( 1.000000000000000000, 0.000000000000000000, 0.000000000000000000 ) ) ;
#6412 = ADVANCED_FACE ( 'NONE', ( #12710 ), #4602, .F. ) ;
#6413 = CARTESIAN_POINT ( 'NONE',  ( 42.50000000000000711, -42.49999999999997868, 0.000000000000000000 ) ) ;
#6414 = VERTEX_POINT ( 'NONE', #5692 ) ;
#6415 = CARTESIAN_POINT ( 'NONE',  ( 42.50000000000001421, 52.00000000000002842, 10.00000000000000000 ) ) ;
#6416 = EDGE_LOOP ( 'NONE', ( #9137, #9551, #10803, #12727 ) ) ;
#6417 = VERTEX_POINT ( 'NONE', #3508 ) ;
#6418 = CARTESIAN_POINT ( 'NONE',  ( 42.50000000000001421, 42.50000000000002132, 0.000000000000000000 ) ) ;
#6419 = ORIENTED_EDGE ( 'NONE', *, *, #12997, .T. ) ;
#6420 = ADVANCED_FACE ( 'NONE', ( #11532 ), #4682, .F. ) ;
#6421 = LINE ( 'NONE', #431, #4442 ) ;
#6422 = CARTESIAN_POINT ( 'NONE',  ( -4.000000000000002665, 126.4505859325203687, -79.00000000000001421 ) ) ;
#6423 = CARTESIAN_POINT ( 'NONE',  ( -59.00000000000028422, -12.27851844886864008, 63.27892172405617544 ) ) ;
#6424 = LINE ( 'NONE', #12401, #5600 ) ;
#6425 = ORIENTED_EDGE ( 'NONE', *, *, #8202, .F. ) ;
#6426 = CYLINDRICAL_SURFACE ( 'NONE', #7011, 3.399999999999993250 ) ;
#6427 = EDGE_CURVE ( 'NONE', #3761, #11004, #551, .T. ) ;
#6428 = FACE_OUTER_BOUND ( 'NONE', #8843, .T. ) ;
#6429 = AXIS2_PLACEMENT_3D ( 'NONE', #2498, #4280, #4340 ) ;
#6430 = ORIENTED_EDGE ( 'NONE', *, *, #7349, .F. ) ;
#6431 = CARTESIAN_POINT ( 'NONE',  ( -25.79000000000000270, 154.8599999999999852, -2.000000000000004441 ) ) ;
#6432 = CARTESIAN_POINT ( 'NONE',  ( 0.000000000000000000, 114.0000000000000000, -57.50000000000000000 ) ) ;
#6433 = FACE_OUTER_BOUND ( 'NONE', #4165, .T. ) ;
#6434 = DIRECTION ( 'NONE',  ( 0.000000000000000000, 1.000000000000000000, 0.000000000000000000 ) ) ;
#6435 = ORIENTED_EDGE ( 'NONE', *, *, #2803, .T. ) ;
#6436 = CARTESIAN_POINT ( 'NONE',  ( 39.02640687119307472, 42.42640687119262566, -18.00000000000000355 ) ) ;
#6437 = ORIENTED_EDGE ( 'NONE', *, *, #10019, .F. ) ;
#6438 = FACE_OUTER_BOUND ( 'NONE', #3137, .T. ) ;
#6439 = ORIENTED_EDGE ( 'NONE', *, *, #12613, .T. ) ;
#6440 = VECTOR ( 'NONE', #8770, 1000.000000000000000 ) ;
#6441 = DIRECTION ( 'NONE',  ( -0.000000000000000000, -0.000000000000000000, 1.000000000000000000 ) ) ;
#6442 = ADVANCED_FACE ( 'NONE', ( #8758 ), #5875, .T. ) ;
#6443 = VERTEX_POINT ( 'NONE', #14 ) ;
#6444 = DIRECTION ( 'NONE',  ( 1.000000000000000000, 0.000000000000000000, 0.000000000000000000 ) ) ;
#6445 = ADVANCED_FACE ( 'NONE', ( #11000 ), #6989, .F. ) ;
#6446 = CARTESIAN_POINT ( 'NONE',  ( 0.000000000000000000, 114.0000000000000000, -66.50000000000000000 ) ) ;
#6447 = VERTEX_POINT ( 'NONE', #9937 ) ;
#6448 = VECTOR ( 'NONE', #6080, 1000.000000000000000 ) ;
#6449 = CARTESIAN_POINT ( 'NONE',  ( -42.42640687119306619, -42.42640687119262566, -18.00000000000000355 ) ) ;
#6450 = CONICAL_SURFACE ( 'NONE', #1416, 1.249999999999997558, 1.029744258676652757 ) ;
#6451 = ORIENTED_EDGE ( 'NONE', *, *, #4817, .T. ) ;
#6452 = ORIENTED_EDGE ( 'NONE', *, *, #10375, .F. ) ;
#6453 = ADVANCED_FACE ( 'NONE', ( #9802 ), #9873, .F. ) ;
#6454 = CARTESIAN_POINT ( 'NONE',  ( 0.000000000000000000, 114.0000000000000000, -8.500000000000003553 ) ) ;
#6455 = CARTESIAN_POINT ( 'NONE',  ( -26.99999999999999645, 73.09999999999999432, -70.00000000000000000 ) ) ;
#6456 = VECTOR ( 'NONE', #4941, 1000.000000000000000 ) ;
#6457 = CARTESIAN_POINT ( 'NONE',  ( 39.12398950069049164, 28.87693130457883584, 10.00000000000000000 ) ) ;
#6458 = EDGE_CURVE ( 'NONE', #12906, #10681, #1932, .T. ) ;
#6459 = ADVANCED_FACE ( 'NONE', ( #1801 ), #8802, .T. ) ;
#6460 = CARTESIAN_POINT ( 'NONE',  ( 4.000000000000000888, 126.4743737317750885, 14.20569654897112244 ) ) ;
#6461 = VECTOR ( 'NONE', #12819, 1000.000000000000000 ) ;
#6462 = AXIS2_PLACEMENT_3D ( 'NONE', #9801, #10736, #10796 ) ;
#6463 = ADVANCED_FACE ( 'NONE', ( #3821 ), #11911, .T. ) ;
#6464 = DIRECTION ( 'NONE',  ( 0.000000000000000000, 0.000000000000000000, 1.000000000000000000 ) ) ;
#6465 = DIRECTION ( 'NONE',  ( 0.5000000000000004441, 0.000000000000000000, 0.8660254037844383745 ) ) ;
#6466 = DIRECTION ( 'NONE',  ( -0.000000000000000000, -0.000000000000000000, 1.000000000000000000 ) ) ;
#6467 = ORIENTED_EDGE ( 'NONE', *, *, #1904, .F. ) ;
#6468 = CARTESIAN_POINT ( 'NONE',  ( -35.75089393306184604, 29.33956106112633222, 73.39999999999997726 ) ) ;
#6469 = PLANE ( 'NONE',  #8395 ) ;
#6470 = EDGE_LOOP ( 'NONE', ( #4084, #4880, #3459, #860 ) ) ;
#6471 = AXIS2_PLACEMENT_3D ( 'NONE', #9852, #850, #6904 ) ;
#6472 = ORIENTED_EDGE ( 'NONE', *, *, #2562, .T. ) ;
#6473 = DIRECTION ( 'NONE',  ( -0.9907251918498221066, 0.1358808089250767570, 0.000000000000000000 ) ) ;
#6474 = DIRECTION ( 'NONE',  ( 1.000000000000000000, 0.000000000000000000, 0.000000000000000000 ) ) ;
#6475 = SECURITY_CLASSIFICATION_LEVEL ( 'unclassified' ) ;
#6476 = FACE_OUTER_BOUND ( 'NONE', #1729, .T. ) ;
#6477 = FACE_OUTER_BOUND ( 'NONE', #4913, .T. ) ;
#6478 = EDGE_CURVE ( 'NONE', #4581, #2398, #1071, .T. ) ;
#6479 = EDGE_LOOP ( 'NONE', ( #5019, #10902, #4818, #1291 ) ) ;
#6480 = DIRECTION ( 'NONE',  ( 1.000000000000000000, 0.000000000000000000, 0.000000000000000000 ) ) ;
#6481 = ORIENTED_EDGE ( 'NONE', *, *, #6526, .T. ) ;
#6482 = LINE ( 'NONE', #3389, #6527 ) ;
#6483 = ORIENTED_EDGE ( 'NONE', *, *, #3078, .F. ) ;
#6484 = CIRCLE ( 'NONE', #3538, 22.39999999999999858 ) ;
#6485 = CIRCLE ( 'NONE', #1454, 6.499999999999999112 ) ;
#6486 = VERTEX_POINT ( 'NONE', #7844 ) ;
#6487 = DIRECTION ( 'NONE',  ( -0.000000000000000000, -0.000000000000000000, 1.000000000000000000 ) ) ;
#6488 = CARTESIAN_POINT ( 'NONE',  ( 0.000000000000000000, 114.0000000000000000, -0.5000000000000004441 ) ) ;
#6489 = CARTESIAN_POINT ( 'NONE',  ( 42.42640687119306619, 42.42640687119262566, -18.00000000000000355 ) ) ;
#6490 = LINE ( 'NONE', #4506, #12931 ) ;
#6491 = ORIENTED_EDGE ( 'NONE', *, *, #11904, .T. ) ;
#6492 = ORIENTED_EDGE ( 'NONE', *, *, #5220, .T. ) ;
#6493 = VECTOR ( 'NONE', #10774, 1000.000000000000000 ) ;
#6494 = VECTOR ( 'NONE', #1290, 1000.000000000000114 ) ;
#6495 = AXIS2_PLACEMENT_3D ( 'NONE', #5014, #8037, #7906 ) ;
#6496 = FACE_OUTER_BOUND ( 'NONE', #2282, .T. ) ;
#6497 = CYLINDRICAL_SURFACE ( 'NONE', #1907, 4.250000000000003553 ) ;
#6498 = EDGE_CURVE ( 'NONE', #10043, #1305, #12582, .T. ) ;
#6499 = EDGE_LOOP ( 'NONE', ( #11557, #3398 ) ) ;
#6500 = ORIENTED_EDGE ( 'NONE', *, *, #3621, .F. ) ;
#6501 = LINE ( 'NONE', #5382, #7638 ) ;
#6502 = CIRCLE ( 'NONE', #8158, 4.250000000000003553 ) ;
#6503 = CARTESIAN_POINT ( 'NONE',  ( -45.50000000000409273, 62.00000000000834888, -67.00000000000000000 ) ) ;
#6504 = CYLINDRICAL_SURFACE ( 'NONE', #11801, 6.800000000000007816 ) ;
#6505 = DIRECTION ( 'NONE',  ( -0.000000000000000000, -0.000000000000000000, 1.000000000000000000 ) ) ;
#6506 = DIRECTION ( 'NONE',  ( 7.304098846218133681E-16, 1.000000000000000000, 0.000000000000000000 ) ) ;
#6507 = VERTEX_POINT ( 'NONE', #1862 ) ;
#6508 = AXIS2_PLACEMENT_3D ( 'NONE', #3010, #7026, #46 ) ;
#6509 = EDGE_CURVE ( 'NONE', #7189, #340, #9023, .T. ) ;
#6510 = AXIS2_PLACEMENT_3D ( 'NONE', #9485, #7461, #490 ) ;
#6511 = DIRECTION ( 'NONE',  ( 1.000000000000000000, 0.000000000000000000, 0.000000000000000000 ) ) ;
#6512 = EDGE_CURVE ( 'NONE', #9074, #10714, #11066, .T. ) ;
#6513 = ORIENTED_EDGE ( 'NONE', *, *, #11133, .T. ) ;
#6514 = AXIS2_PLACEMENT_3D ( 'NONE', #6784, #10786, #8940 ) ;
#6515 = DIRECTION ( 'NONE',  ( 0.000000000000000000, 0.000000000000000000, 1.000000000000000000 ) ) ;
#6516 = ORIENTED_EDGE ( 'NONE', *, *, #12660, .T. ) ;
#6517 = VECTOR ( 'NONE', #3751, 1000.000000000000000 ) ;
#6518 = LINE ( 'NONE', #12618, #6646 ) ;
#6519 = DIRECTION ( 'NONE',  ( 1.000000000000000000, 0.000000000000000000, 0.000000000000000000 ) ) ;
#6520 = ORIENTED_EDGE ( 'NONE', *, *, #880, .T. ) ;
#6521 = DIRECTION ( 'NONE',  ( -0.000000000000000000, -0.000000000000000000, 1.000000000000000000 ) ) ;
#6522 = ORIENTED_EDGE ( 'NONE', *, *, #1591, .T. ) ;
#6523 = ADVANCED_FACE ( 'NONE', ( #7903 ), #11955, .T. ) ;
#6524 = CARTESIAN_POINT ( 'NONE',  ( -45.50000000000009237, -45.49999999999998579, 0.000000000000000000 ) ) ;
#6525 = CARTESIAN_POINT ( 'NONE',  ( -51.99999999999998579, 42.50000000000000711, 0.000000000000000000 ) ) ;
#6526 = EDGE_CURVE ( 'NONE', #4090, #7364, #804, .T. ) ;
#6527 = VECTOR ( 'NONE', #5433, 1000.000000000000000 ) ;
#6528 = DIRECTION ( 'NONE',  ( 0.000000000000000000, 0.000000000000000000, 1.000000000000000000 ) ) ;
#6529 = DIRECTION ( 'NONE',  ( 1.000000000000000000, 0.000000000000000000, 0.000000000000000000 ) ) ;
#6530 = DIRECTION ( 'NONE',  ( -0.000000000000000000, -0.000000000000000000, 1.000000000000000000 ) ) ;
#6531 = CARTESIAN_POINT ( 'NONE',  ( 0.000000000000000000, 114.0000000000000000, -44.90443948822942843 ) ) ;
#6532 = DIRECTION ( 'NONE',  ( 1.000000000000000000, 0.000000000000000000, 0.000000000000000000 ) ) ;
#6533 = ORIENTED_EDGE ( 'NONE', *, *, #8127, .F. ) ;
#6534 = AXIS2_PLACEMENT_3D ( 'NONE', #9744, #1617, #4621 ) ;
#6535 = DIRECTION ( 'NONE',  ( -0.000000000000000000, -0.000000000000000000, 1.000000000000000000 ) ) ;
#6536 = LINE ( 'NONE', #3634, #11546 ) ;
#6537 = EDGE_LOOP ( 'NONE', ( #12555, #10880, #3588, #6135, #5289, #12291 ) ) ;
#6538 = EDGE_CURVE ( 'NONE', #2727, #237, #11981, .T. ) ;
#6539 = AXIS2_PLACEMENT_3D ( 'NONE', #10432, #4446, #9310 ) ;
#6540 = DIRECTION ( 'NONE',  ( -1.000000000000000000, 0.000000000000000000, 0.000000000000000000 ) ) ;
#6541 = DIRECTION ( 'NONE',  ( -0.000000000000000000, -0.000000000000000000, 1.000000000000000000 ) ) ;
#6542 = COORDINATED_UNIVERSAL_TIME_OFFSET ( 9, 0, .AHEAD. ) ;
#6543 = DIRECTION ( 'NONE',  ( -1.000000000000000000, 0.000000000000000000, 0.000000000000000000 ) ) ;
#6544 = DIRECTION ( 'NONE',  ( 1.000000000000000000, 0.000000000000000000, 0.000000000000000000 ) ) ;
#6545 = ORIENTED_EDGE ( 'NONE', *, *, #5691, .F. ) ;
#6546 = CARTESIAN_POINT ( 'NONE',  ( 47.00000000000000000, 0.000000000000000000, 0.000000000000000000 ) ) ;
#6547 = ORIENTED_EDGE ( 'NONE', *, *, #9555, .F. ) ;
#6548 = LINE ( 'NONE', #10557, #5894 ) ;
#6549 = ORIENTED_EDGE ( 'NONE', *, *, #12467, .T. ) ;
#6550 = CIRCLE ( 'NONE', #233, 4.999999999999984013 ) ;
#6551 = EDGE_LOOP ( 'NONE', ( #12638, #7260 ) ) ;
#6552 = CARTESIAN_POINT ( 'NONE',  ( -38.17640687119307330, 71.57359312880737434, 11.50000000000001066 ) ) ;
#6553 = CARTESIAN_POINT ( 'NONE',  ( 0.000000000000000000, 114.0000000000000000, -44.90443948822942843 ) ) ;
#6554 = CARTESIAN_POINT ( 'NONE',  ( -59.00000000000000711, -12.65960891921466747, 55.67139415457069873 ) ) ;
#6555 = DIRECTION ( 'NONE',  ( 0.1358808089250893303, -0.9907251918498203302, 0.000000000000000000 ) ) ;
#6556 = EDGE_LOOP ( 'NONE', ( #10307, #8627, #10566, #4715 ) ) ;
#6557 = AXIS2_PLACEMENT_3D ( 'NONE', #8453, #12461, #6919 ) ;
#6558 = AXIS2_PLACEMENT_3D ( 'NONE', #4278, #199, #6255 ) ;
#6559 = ADVANCED_FACE ( 'NONE', ( #9999, #3760 ), #4804, .F. ) ;
#6560 = LINE ( 'NONE', #5768, #7647 ) ;
#6561 = DIRECTION ( 'NONE',  ( 0.1358808089250767570, 0.9907251918498221066, 0.000000000000000000 ) ) ;
#6562 = ORIENTED_EDGE ( 'NONE', *, *, #5220, .F. ) ;
#6563 = EDGE_LOOP ( 'NONE', ( #4387, #8669, #11982, #2915 ) ) ;
#6564 = DIRECTION ( 'NONE',  ( -1.000000000000000000, 0.000000000000000000, 0.000000000000000000 ) ) ;
#6565 = DIRECTION ( 'NONE',  ( -1.000000000000000000, 0.000000000000000000, 0.000000000000000000 ) ) ;
#6566 = DIRECTION ( 'NONE',  ( -0.000000000000000000, -0.000000000000000000, -1.000000000000000000 ) ) ;
#6567 = CYLINDRICAL_SURFACE ( 'NONE', #1919, 6.000000000000001776 ) ;
#6568 = ORIENTED_EDGE ( 'NONE', *, *, #296, .F. ) ;
#6569 = FACE_OUTER_BOUND ( 'NONE', #9091, .T. ) ;
#6570 = CIRCLE ( 'NONE', #12435, 6.800000000000006040 ) ;
#6571 = ORIENTED_EDGE ( 'NONE', *, *, #11348, .T. ) ;
#6572 = CARTESIAN_POINT ( 'NONE',  ( 39.02640687119306762, 42.42640687119262566, -1.102182119232617788E-16 ) ) ;
#6573 = ADVANCED_FACE ( 'NONE', ( #8033, #10066, #12050, #2052, #11784, #2772 ), #10797, .F. ) ;
#6574 = EDGE_CURVE ( 'NONE', #2192, #12891, #4285, .T. ) ;
#6575 = ORIENTED_EDGE ( 'NONE', *, *, #6478, .T. ) ;
#6576 = CARTESIAN_POINT ( 'NONE',  ( 42.31428571428572383, 147.4307439082954545, 11.49999999999999645 ) ) ;
#6577 = CARTESIAN_POINT ( 'NONE',  ( -51.50000000000000711, 5.000000000000015987, 39.29999999999998295 ) ) ;
#6578 = EDGE_CURVE ( 'NONE', #2764, #9421, #1408, .T. ) ;
#6579 = ORIENTED_EDGE ( 'NONE', *, *, #8216, .T. ) ;
#6580 = AXIS2_PLACEMENT_3D ( 'NONE', #12213, #2284, #11361 ) ;
#6581 = CARTESIAN_POINT ( 'NONE',  ( -28.43660512957058017, 65.99999999995799271, 11.49999999999999645 ) ) ;
#6582 = CC_DESIGN_PERSON_AND_ORGANIZATION_ASSIGNMENT ( #2644, #617, ( #7774 ) ) ;
#6583 = DIRECTION ( 'NONE',  ( -1.000000000000000000, 0.000000000000000000, 0.000000000000000000 ) ) ;
#6584 = EDGE_CURVE ( 'NONE', #12054, #7099, #12235, .T. ) ;
#6585 = ORIENTED_EDGE ( 'NONE', *, *, #7659, .F. ) ;
#6586 = DIRECTION ( 'NONE',  ( 1.000000000000000000, 0.000000000000000000, 0.000000000000000000 ) ) ;
#6587 = EDGE_LOOP ( 'NONE', ( #4251, #12565, #11566, #3114, #8659, #5232, #1888, #9289 ) ) ;
#6588 = VECTOR ( 'NONE', #2942, 1000.000000000000000 ) ;
#6589 = DIRECTION ( 'NONE',  ( -0.000000000000000000, -0.000000000000000000, 1.000000000000000000 ) ) ;
#6590 = CARTESIAN_POINT ( 'NONE',  ( 0.000000000000000000, 114.0000000000000000, -16.50000000000000355 ) ) ;
#6591 = AXIS2_PLACEMENT_3D ( 'NONE', #8593, #11677, #4636 ) ;
#6592 = CONICAL_SURFACE ( 'NONE', #10134, 3.399999999999993250, 1.029744258676652757 ) ;
#6593 = CARTESIAN_POINT ( 'NONE',  ( 39.12398950069061243, -28.87693130457877544, 112.0000000000000000 ) ) ;
#6594 = FACE_OUTER_BOUND ( 'NONE', #7222, .T. ) ;
#6595 = CARTESIAN_POINT ( 'NONE',  ( -20.00000000000000355, 114.0000000000000000, 8.499999999999994671 ) ) ;
#6596 = AXIS2_PLACEMENT_3D ( 'NONE', #5325, #11683, #2669 ) ;
#6597 = FACE_OUTER_BOUND ( 'NONE', #5569, .T. ) ;
#6598 = DIRECTION ( 'NONE',  ( -0.000000000000000000, -0.000000000000000000, 1.000000000000000000 ) ) ;
#6599 = AXIS2_PLACEMENT_3D ( 'NONE', #3793, #4651, #1712 ) ;
#6600 = EDGE_CURVE ( 'NONE', #2079, #21, #9019, .T. ) ;
#6601 = ORIENTED_EDGE ( 'NONE', *, *, #8815, .F. ) ;
#6602 = VERTEX_POINT ( 'NONE', #1273 ) ;
#6603 = CYLINDRICAL_SURFACE ( 'NONE', #7326, 7.499999999999985789 ) ;
#6604 = LINE ( 'NONE', #3566, #6517 ) ;
#6605 = ORIENTED_EDGE ( 'NONE', *, *, #11808, .T. ) ;
#6606 = AXIS2_PLACEMENT_3D ( 'NONE', #4968, #34, #1094 ) ;
#6607 = LINE ( 'NONE', #3311, #12310 ) ;
#6608 = CARTESIAN_POINT ( 'NONE',  ( -46.67640687119308041, 71.57359312880737434, 11.50000000000001066 ) ) ;
#6609 = CIRCLE ( 'NONE', #5969, 13.09999999999999964 ) ;
#6610 = COORDINATED_UNIVERSAL_TIME_OFFSET ( 9, 0, .AHEAD. ) ;
#6611 = DIRECTION ( 'NONE',  ( -0.000000000000000000, -0.000000000000000000, 1.000000000000000000 ) ) ;
#6612 = CARTESIAN_POINT ( 'NONE',  ( 48.92640687119283882, -42.42640687119285303, 9.999999999999992895 ) ) ;
#6613 = ADVANCED_FACE ( 'NONE', ( #4347 ), #11188, .T. ) ;
#6614 = ORIENTED_EDGE ( 'NONE', *, *, #2988, .F. ) ;
#6615 = CARTESIAN_POINT ( 'NONE',  ( -4.000000000000000888, 126.2483178343364898, 10.16645222167148610 ) ) ;
#6616 = EDGE_LOOP ( 'NONE', ( #10366, #2558, #7256, #9087 ) ) ;
#6617 = DIRECTION ( 'NONE',  ( -0.000000000000000000, -0.000000000000000000, -1.000000000000000000 ) ) ;
#6618 = ORIENTED_EDGE ( 'NONE', *, *, #10096, .F. ) ;
#6619 = VECTOR ( 'NONE', #5593, 1000.000000000000000 ) ;
#6620 = FACE_OUTER_BOUND ( 'NONE', #826, .T. ) ;
#6621 = DIRECTION ( 'NONE',  ( -1.224646799147353207E-16, 1.000000000000000000, 0.000000000000000000 ) ) ;
#6622 = CARTESIAN_POINT ( 'NONE',  ( -39.12398950069049874, -28.87693130457884649, 73.39999999999997726 ) ) ;
#6623 = ORIENTED_EDGE ( 'NONE', *, *, #6167, .F. ) ;
#6624 = ORIENTED_EDGE ( 'NONE', *, *, #4265, .T. ) ;
#6625 = ADVANCED_FACE ( 'NONE', ( #9340 ), #7384, .T. ) ;
#6626 = CARTESIAN_POINT ( 'NONE',  ( 0.000000000000000000, 114.0000000000000000, 14.20569654897112244 ) ) ;
#6627 = DIRECTION ( 'NONE',  ( 4.383625018638762535E-16, -1.000000000000000000, 0.000000000000000000 ) ) ;
#6628 = EDGE_CURVE ( 'NONE', #8973, #7474, #11389, .T. ) ;
#6629 = ORIENTED_EDGE ( 'NONE', *, *, #7748, .F. ) ;
#6630 = VERTEX_POINT ( 'NONE', #4142 ) ;
#6631 = FACE_OUTER_BOUND ( 'NONE', #1373, .T. ) ;
#6632 = DIRECTION ( 'NONE',  ( 6.672013369141565463E-17, 1.000000000000000000, 0.000000000000000000 ) ) ;
#6633 = DIRECTION ( 'NONE',  ( -0.000000000000000000, -0.000000000000000000, 1.000000000000000000 ) ) ;
#6634 = CARTESIAN_POINT ( 'NONE',  ( 0.000000000000000000, 46.99999999999999289, -2.000000000000001776 ) ) ;
#6635 = EDGE_LOOP ( 'NONE', ( #414, #2683, #11764, #721 ) ) ;
#6636 = DIRECTION ( 'NONE',  ( 0.000000000000000000, 0.000000000000000000, -1.000000000000000000 ) ) ;
#6637 = VERTEX_POINT ( 'NONE', #4213 ) ;
#6638 = CONICAL_SURFACE ( 'NONE', #324, 22.39999999999999858, 0.5235987755983080305 ) ;
#6639 = DIRECTION ( 'NONE',  ( -1.000000000000000000, 0.000000000000000000, 0.000000000000000000 ) ) ;
#6640 = ORIENTED_EDGE ( 'NONE', *, *, #612, .T. ) ;
#6641 = CARTESIAN_POINT ( 'NONE',  ( -28.43660512957058017, 161.0000000000000000, 11.49999999999999645 ) ) ;
#6642 = DIRECTION ( 'NONE',  ( 0.000000000000000000, -0.000000000000000000, 1.000000000000000000 ) ) ;
#6643 = ORIENTED_EDGE ( 'NONE', *, *, #7935, .T. ) ;
#6644 = ORIENTED_EDGE ( 'NONE', *, *, #10096, .T. ) ;
#6645 = DIRECTION ( 'NONE',  ( 0.000000000000000000, 0.000000000000000000, 1.000000000000000000 ) ) ;
#6646 = VECTOR ( 'NONE', #3417, 1000.000000000000000 ) ;
#6647 = EDGE_CURVE ( 'NONE', #1398, #8614, #821, .T. ) ;
#6648 = PLANE ( 'NONE',  #4787 ) ;
#6649 = ORIENTED_EDGE ( 'NONE', *, *, #7214, .T. ) ;
#6650 = CARTESIAN_POINT ( 'NONE',  ( 42.42640687119288856, -42.42640687119281750, 10.00099999999999945 ) ) ;
#6651 = ORIENTED_EDGE ( 'NONE', *, *, #8407, .T. ) ;
#6652 = AXIS2_PLACEMENT_3D ( 'NONE', #5313, #6361, #4177 ) ;
#6653 =( BOUNDED_CURVE ( )  B_SPLINE_CURVE ( 3, ( #10585, #10311, #12350, #6577 ),
 .UNSPECIFIED., .F., .F. ) 
 B_SPLINE_CURVE_WITH_KNOTS ( ( 4, 4 ),
 ( 1.570796326794896558, 4.712388980384689674 ),
 .UNSPECIFIED. ) 
 CURVE ( )  GEOMETRIC_REPRESENTATION_ITEM ( )  RATIONAL_B_SPLINE_CURVE ( ( 1.000000000000000000, 0.3333333333333333703, 0.3333333333333333703, 1.000000000000000000 ) ) 
 REPRESENTATION_ITEM ( '' )  );
#6654 = LINE ( 'NONE', #8425, #5058 ) ;
#6655 = CARTESIAN_POINT ( 'NONE',  ( -399996.4800881994306, 161.0000000000013642, 11.49999999999999645 ) ) ;
#6656 = EDGE_CURVE ( 'NONE', #10565, #12500, #1201, .T. ) ;
#6657 = DIRECTION ( 'NONE',  ( -1.000000000000000000, 0.000000000000000000, 0.000000000000000000 ) ) ;
#6658 = CARTESIAN_POINT ( 'NONE',  ( -42.31428571428572383, 147.4307439082954545, 11.49999999999999645 ) ) ;
#6659 = AXIS2_PLACEMENT_3D ( 'NONE', #10478, #9483, #485 ) ;
#6660 = CARTESIAN_POINT ( 'NONE',  ( 42.42640687119285303, 38.17640687119286724, 10.00000000000000000 ) ) ;
#6661 = AXIS2_PLACEMENT_3D ( 'NONE', #1797, #10794, #11655 ) ;
#6662 = CARTESIAN_POINT ( 'NONE',  ( -37.49999999999999289, 114.0000000000000000, -15.50000000000000533 ) ) ;
#6663 = EDGE_CURVE ( 'NONE', #10832, #6349, #3558, .T. ) ;
#6664 = ORIENTED_EDGE ( 'NONE', *, *, #11718, .T. ) ;
#6665 = DIRECTION ( 'NONE',  ( -0.000000000000000000, -0.000000000000000000, 1.000000000000000000 ) ) ;
#6666 = LINE ( 'NONE', #5555, #9432 ) ;
#6667 = CIRCLE ( 'NONE', #10000, 6.800000000000000711 ) ;
#6668 = ORIENTED_EDGE ( 'NONE', *, *, #2001, .F. ) ;
#6669 = AXIS2_PLACEMENT_3D ( 'NONE', #4411, #11313, #7505 ) ;
#6670 = ADVANCED_FACE ( 'NONE', ( #11119 ), #2114, .T. ) ;
#6671 = VECTOR ( 'NONE', #2863, 1000.000000000000000 ) ;
#6672 = CARTESIAN_POINT ( 'NONE',  ( -51.50000000000000711, 5.000000000000015987, 39.29999999999998295 ) ) ;
#6673 = EDGE_CURVE ( 'NONE', #4448, #7984, #3301, .T. ) ;
#6674 = CARTESIAN_POINT ( 'NONE',  ( 30.85709361942888762, 149.4519361017392498, -70.00000000000000000 ) ) ;
#6675 = CIRCLE ( 'NONE', #8345, 4.250000000000003553 ) ;
#6676 = PERSON_AND_ORGANIZATION_ROLE ( 'design_supplier' ) ;
#6677 = FACE_OUTER_BOUND ( 'NONE', #8478, .T. ) ;
#6678 = CARTESIAN_POINT ( 'NONE',  ( -45.50000000000000711, -12.33562530726520201, 54.69727550537954386 ) ) ;
#6679 = CIRCLE ( 'NONE', #4138, 1.249999999999997558 ) ;
#6680 = VERTEX_POINT ( 'NONE', #7249 ) ;
#6681 = CARTESIAN_POINT ( 'NONE',  ( 28.87693130457876478, 39.12398950069061243, 53.29999999999999005 ) ) ;
#6682 = AXIS2_PLACEMENT_3D ( 'NONE', #3642, #2585, #7657 ) ;
#6683 = VERTEX_POINT ( 'NONE', #8298 ) ;
#6684 = DIRECTION ( 'NONE',  ( -0.9907251918498203302, -0.1358808089250893303, 0.000000000000000000 ) ) ;
#6685 = VERTEX_POINT ( 'NONE', #11320 ) ;
#6686 = DIRECTION ( 'NONE',  ( 0.000000000000000000, -0.000000000000000000, 1.000000000000000000 ) ) ;
#6687 = DIRECTION ( 'NONE',  ( -0.9907251918498221066, 0.1358808089250767570, 0.000000000000000000 ) ) ;
#6688 = EDGE_CURVE ( 'NONE', #12984, #5037, #2917, .T. ) ;
#6689 = VECTOR ( 'NONE', #9835, 1000.000000000000000 ) ;
#6690 = CARTESIAN_POINT ( 'NONE',  ( 42.42640687119288856, -42.42640687119281750, 0.000000000000000000 ) ) ;
#6691 = ORIENTED_EDGE ( 'NONE', *, *, #6889, .T. ) ;
#6692 = CARTESIAN_POINT ( 'NONE',  ( 4.000000000000006217, 114.0000000000000000, -3.150000000000003908 ) ) ;
#6693 = VERTEX_POINT ( 'NONE', #10133 ) ;
#6694 = CARTESIAN_POINT ( 'NONE',  ( -4.000000000000000888, 126.4743737317750885, -64.00000000000000000 ) ) ;
#6695 = ORIENTED_EDGE ( 'NONE', *, *, #12551, .F. ) ;
#6696 = ORIENTED_EDGE ( 'NONE', *, *, #224, .T. ) ;
#6697 = VECTOR ( 'NONE', #9133, 1000.000000000000000 ) ;
#6698 = PLANE ( 'NONE',  #2794 ) ;
#6699 = DIRECTION ( 'NONE',  ( -0.000000000000000000, -0.000000000000000000, 1.000000000000000000 ) ) ;
#6700 = VERTEX_POINT ( 'NONE', #2240 ) ;
#6701 = DIRECTION ( 'NONE',  ( 0.000000000000000000, -0.000000000000000000, 1.000000000000000000 ) ) ;
#6702 = EDGE_LOOP ( 'NONE', ( #2415, #8867, #1814, #7857 ) ) ;
#6703 = CARTESIAN_POINT ( 'NONE',  ( -52.00000000000008527, -45.49999999999998579, -48.80000000000003979 ) ) ;
#6704 = ADVANCED_FACE ( 'NONE', ( #3169, #6263 ), #1139, .T. ) ;
#6705 = ORIENTED_EDGE ( 'NONE', *, *, #12995, .F. ) ;
#6706 = AXIS2_PLACEMENT_3D ( 'NONE', #524, #4529, #8673 ) ;
#6707 = AXIS2_PLACEMENT_3D ( 'NONE', #6085, #10082, #11137 ) ;
#6708 = DIRECTION ( 'NONE',  ( 1.000000000000000000, 0.000000000000000000, 0.000000000000000000 ) ) ;
#6709 = CARTESIAN_POINT ( 'NONE',  ( 38.19999999999997442, 22.14000000000005031, 112.0000000000000000 ) ) ;
#6710 = ORIENTED_EDGE ( 'NONE', *, *, #11673, .T. ) ;
#6711 = LINE ( 'NONE', #6769, #9267 ) ;
#6712 = DIRECTION ( 'NONE',  ( -0.000000000000000000, -0.000000000000000000, 1.000000000000000000 ) ) ;
#6713 = ORIENTED_EDGE ( 'NONE', *, *, #473, .T. ) ;
#6714 = VECTOR ( 'NONE', #11356, 1000.000000000000000 ) ;
#6715 = CARTESIAN_POINT ( 'NONE',  ( -22.50000000000000000, 114.0000000000000000, 14.20569654897112244 ) ) ;
#6716 = AXIS2_PLACEMENT_3D ( 'NONE', #10332, #5349, #5143 ) ;
#6717 = FACE_OUTER_BOUND ( 'NONE', #12623, .T. ) ;
#6718 = DIRECTION ( 'NONE',  ( 1.000000000000000000, -2.040851148208007998E-15, 0.000000000000000000 ) ) ;
#6719 = CARTESIAN_POINT ( 'NONE',  ( 1.323940956865498228E-14, 113.9999999999999432, -66.50000000000000000 ) ) ;
#6720 = DIRECTION ( 'NONE',  ( -5.551115123125782702E-17, -1.386669559958809814E-32, -1.000000000000000000 ) ) ;
#6721 = CIRCLE ( 'NONE', #12377, 23.50000000000000355 ) ;
#6722 = VECTOR ( 'NONE', #9280, 1000.000000000000000 ) ;
#6723 = CARTESIAN_POINT ( 'NONE',  ( -13.09999999999999964, 114.0000000000000000, -4.500000000000003553 ) ) ;
#6724 = CARTESIAN_POINT ( 'NONE',  ( -19.00000000000000355, 114.0000000000000000, 10.49999999999999467 ) ) ;
#6725 = ADVANCED_FACE ( 'NONE', ( #9146 ), #138, .T. ) ;
#6726 = LINE ( 'NONE', #10604, #11327 ) ;
#6727 = ORIENTED_EDGE ( 'NONE', *, *, #8841, .F. ) ;
#6728 = ORIENTED_EDGE ( 'NONE', *, *, #1470, .F. ) ;
#6729 = LINE ( 'NONE', #5615, #10910 ) ;
#6730 = EDGE_LOOP ( 'NONE', ( #7660, #119 ) ) ;
#6731 = VECTOR ( 'NONE', #9967, 1000.000000000000000 ) ;
#6732 = DIRECTION ( 'NONE',  ( -0.000000000000000000, 0.000000000000000000, -1.000000000000000000 ) ) ;
#6733 = EDGE_CURVE ( 'NONE', #9346, #10058, #10053, .T. ) ;
#6734 = ADVANCED_FACE ( 'NONE', ( #1598 ), #1476, .T. ) ;
#6735 = EDGE_CURVE ( 'NONE', #671, #11819, #2502, .T. ) ;
#6736 = DIRECTION ( 'NONE',  ( 0.000000000000000000, 0.000000000000000000, -1.000000000000000000 ) ) ;
#6737 = CARTESIAN_POINT ( 'NONE',  ( -57.49999999999997868, 7.905840658543685784, 43.33124858723458317 ) ) ;
#6738 = EDGE_LOOP ( 'NONE', ( #1149, #6152 ) ) ;
#6739 = LINE ( 'NONE', #10739, #3908 ) ;
#6740 = ADVANCED_FACE ( 'NONE', ( #10663 ), #1663, .F. ) ;
#6741 = EDGE_CURVE ( 'NONE', #9877, #12243, #6726, .T. ) ;
#6742 = VERTEX_POINT ( 'NONE', #5484 ) ;
#6743 = DIRECTION ( 'NONE',  ( 1.000000000000000000, 0.000000000000000000, 0.000000000000000000 ) ) ;
#6744 = ORIENTED_EDGE ( 'NONE', *, *, #2050, .T. ) ;
#6745 = CARTESIAN_POINT ( 'NONE',  ( 22.14000000000004320, -44.99999999999999289, 19.60000000000000497 ) ) ;
#6746 = CIRCLE ( 'NONE', #9666, 6.800000000000007816 ) ;
#6747 = CYLINDRICAL_SURFACE ( 'NONE', #3643, 6.499999999999999112 ) ;
#6748 = DIRECTION ( 'NONE',  ( 1.000000000000000000, 0.000000000000000000, 0.000000000000000000 ) ) ;
#6749 = ORIENTED_EDGE ( 'NONE', *, *, #6005, .F. ) ;
#6750 = PLANE ( 'NONE',  #10422 ) ;
#6751 = DIRECTION ( 'NONE',  ( 0.4999999999999955036, 0.000000000000000000, 0.8660254037844412611 ) ) ;
#6752 = ORIENTED_EDGE ( 'NONE', *, *, #8127, .T. ) ;
#6753 = AXIS2_PLACEMENT_3D ( 'NONE', #10047, #8076, #4001 ) ;
#6754 = ORIENTED_EDGE ( 'NONE', *, *, #2353, .F. ) ;
#6755 = CARTESIAN_POINT ( 'NONE',  ( 0.000000000000000000, 114.0000000000000000, -79.00000000000001421 ) ) ;
#6756 = EDGE_CURVE ( 'NONE', #8844, #3658, #9663, .T. ) ;
#6757 = ORIENTED_EDGE ( 'NONE', *, *, #10011, .T. ) ;
#6758 = VERTEX_POINT ( 'NONE', #6662 ) ;
#6759 = CARTESIAN_POINT ( 'NONE',  ( 22.14000000000004320, -44.99999999999999289, 112.0000000000000000 ) ) ;
#6760 = DIRECTION ( 'NONE',  ( -1.000000000000000000, 0.000000000000000000, -0.000000000000000000 ) ) ;
#6761 = VECTOR ( 'NONE', #12018, 1000.000000000000000 ) ;
#6762 = EDGE_LOOP ( 'NONE', ( #11885, #2461, #11445, #1516 ) ) ;
#6763 = AXIS2_PLACEMENT_3D ( 'NONE', #7667, #8707, #6686 ) ;
#6764 = CIRCLE ( 'NONE', #5929, 4.499999999999997335 ) ;
#6765 = CARTESIAN_POINT ( 'NONE',  ( 0.000000000000000000, 114.0000000000000000, -57.50000000000000000 ) ) ;
#6766 = DIRECTION ( 'NONE',  ( 1.000000000000000000, 0.000000000000000000, 0.000000000000000000 ) ) ;
#6767 = ORIENTED_EDGE ( 'NONE', *, *, #2700, .T. ) ;
#6768 = EDGE_LOOP ( 'NONE', ( #6892, #11113, #359 ) ) ;
#6769 = CARTESIAN_POINT ( 'NONE',  ( -23.08553905074119328, 70.88031635661118912, 62.93607486307095655 ) ) ;
#6770 = DIRECTION ( 'NONE',  ( 0.000000000000000000, 0.000000000000000000, -1.000000000000000000 ) ) ;
#6771 = EDGE_CURVE ( 'NONE', #6278, #9421, #5461, .T. ) ;
#6772 = CIRCLE ( 'NONE', #10750, 4.499999999999997335 ) ;
#6774 = VERTEX_POINT ( 'NONE', #407 ) ;
#6773 = AXIS2_PLACEMENT_3D ( 'NONE', #11513, #1590, #5602 ) ;
#6775 = FACE_OUTER_BOUND ( 'NONE', #9030, .T. ) ;
#6776 = CIRCLE ( 'NONE', #4458, 6.499999999999999112 ) ;
#6777 = EDGE_CURVE ( 'NONE', #9138, #8897, #8687, .T. ) ;
#6778 = CARTESIAN_POINT ( 'NONE',  ( -51.50000000000000000, 9.891959196743053795, 46.76305422273924961 ) ) ;
#6779 = CARTESIAN_POINT ( 'NONE',  ( 34.50000000000000711, 114.0000000000000000, -0.5000000000000108802 ) ) ;
#6780 = DIRECTION ( 'NONE',  ( -0.000000000000000000, -0.000000000000000000, 1.000000000000000000 ) ) ;
#6781 = DIRECTION ( 'NONE',  ( 1.000000000000000000, 0.000000000000000000, -0.000000000000000000 ) ) ;
#6782 = AXIS2_PLACEMENT_3D ( 'NONE', #5717, #12544, #5590 ) ;
#6783 = EDGE_CURVE ( 'NONE', #3452, #8290, #9608, .T. ) ;
#6784 = CARTESIAN_POINT ( 'NONE',  ( 0.000000000000000000, 114.0000000000000000, -49.50000000000000000 ) ) ;
#6785 = DIRECTION ( 'NONE',  ( -1.000000000000000000, 0.000000000000000000, 0.000000000000000000 ) ) ;
#6786 = DIRECTION ( 'NONE',  ( -0.9907251918498221066, 0.1358808089250767570, 0.000000000000000000 ) ) ;
#6787 = EDGE_CURVE ( 'NONE', #5120, #6637, #3630, .T. ) ;
#6788 = ORIENTED_EDGE ( 'NONE', *, *, #6009, .T. ) ;
#6789 = AXIS2_PLACEMENT_3D ( 'NONE', #2877, #6901, #9912 ) ;
#6790 = ORIENTED_EDGE ( 'NONE', *, *, #863, .T. ) ;
#6791 = DIRECTION ( 'NONE',  ( -1.000000000000000000, 0.000000000000000000, 0.000000000000000000 ) ) ;
#6792 = EDGE_CURVE ( 'NONE', #6081, #10639, #8396, .T. ) ;
#6793 = ORIENTED_EDGE ( 'NONE', *, *, #11749, .T. ) ;
#6794 = AXIS2_PLACEMENT_3D ( 'NONE', #3910, #3852, #6886 ) ;
#6795 = CARTESIAN_POINT ( 'NONE',  ( -28.08750000000000213, 114.0000000000000000, -61.23237503977025398 ) ) ;
#6796 = DIRECTION ( 'NONE',  ( -1.000000000000000000, 0.000000000000000000, 0.000000000000000000 ) ) ;
#6797 = AXIS2_PLACEMENT_3D ( 'NONE', #5587, #9380, #2281 ) ;
#6798 = DIRECTION ( 'NONE',  ( 0.000000000000000000, 0.000000000000000000, -1.000000000000000000 ) ) ;
#6799 = AXIS2_PLACEMENT_3D ( 'NONE', #3990, #6162, #5174 ) ;
#6800 = DIRECTION ( 'NONE',  ( -0.000000000000000000, -0.000000000000000000, -1.000000000000000000 ) ) ;
#6801 = AXIS2_PLACEMENT_3D ( 'NONE', #6709, #10707, #7749 ) ;
#6802 = DIRECTION ( 'NONE',  ( 0.000000000000000000, 0.000000000000000000, -1.000000000000000000 ) ) ;
#6803 = VERTEX_POINT ( 'NONE', #1535 ) ;
#6804 = FACE_OUTER_BOUND ( 'NONE', #7974, .T. ) ;
#6805 = ADVANCED_FACE ( 'NONE', ( #7510 ), #5417, .T. ) ;
#6806 = EDGE_CURVE ( 'NONE', #3307, #1057, #385, .T. ) ;
#6807 = ORIENTED_EDGE ( 'NONE', *, *, #4776, .F. ) ;
#6808 = CARTESIAN_POINT ( 'NONE',  ( 0.000000000000000000, 114.0000000000000000, -79.00000000000001421 ) ) ;
#6809 = ORIENTED_EDGE ( 'NONE', *, *, #9038, .F. ) ;
#6810 = DIRECTION ( 'NONE',  ( 0.1358808089250767570, 0.9907251918498221066, 0.000000000000000000 ) ) ;
#6811 = DIRECTION ( 'NONE',  ( 1.000000000000000000, 0.000000000000000000, 0.000000000000000000 ) ) ;
#6812 = DIRECTION ( 'NONE',  ( -0.000000000000000000, -0.000000000000000000, -1.000000000000000000 ) ) ;
#6813 = ADVANCED_FACE ( 'NONE', ( #9406 ), #6902, .F. ) ;
#6814 = EDGE_CURVE ( 'NONE', #10499, #12504, #6484, .T. ) ;
#6815 = ORIENTED_EDGE ( 'NONE', *, *, #8172, .F. ) ;
#6816 = DIRECTION ( 'NONE',  ( -1.000000000000000000, 0.000000000000000000, 0.000000000000000000 ) ) ;
#6817 = DIRECTION ( 'NONE',  ( 0.000000000000000000, 0.000000000000000000, -1.000000000000000000 ) ) ;
#6818 = ORIENTED_EDGE ( 'NONE', *, *, #9469, .F. ) ;
#6819 = FACE_OUTER_BOUND ( 'NONE', #3528, .T. ) ;
#6820 = AXIS2_PLACEMENT_3D ( 'NONE', #2486, #2287, #6515 ) ;
#6821 = DIRECTION ( 'NONE',  ( 1.000000000000000000, 0.000000000000000000, 0.000000000000000000 ) ) ;
#6822 = ORIENTED_EDGE ( 'NONE', *, *, #7838, .T. ) ;
#6823 = VERTEX_POINT ( 'NONE', #10467 ) ;
#6824 = CARTESIAN_POINT ( 'NONE',  ( -22.14000000000007518, -45.00000000000002132, 73.39999999999999147 ) ) ;
#6825 = EDGE_LOOP ( 'NONE', ( #11405, #329, #4217, #10312 ) ) ;
#6826 = CARTESIAN_POINT ( 'NONE',  ( -26.27625000000000099, 114.0000000000000000, -8.500000000000003553 ) ) ;
#6827 = DIRECTION ( 'NONE',  ( -0.000000000000000000, -0.000000000000000000, 1.000000000000000000 ) ) ;
#6828 = EDGE_CURVE ( 'NONE', #4416, #10156, #8560, .T. ) ;
#6829 = CARTESIAN_POINT ( 'NONE',  ( -22.14000000000005031, 38.19999999999997442, 10.00000000000000000 ) ) ;
#6830 = LINE ( 'NONE', #5844, #5774 ) ;
#6831 = ORIENTED_EDGE ( 'NONE', *, *, #3826, .F. ) ;
#6832 = ORIENTED_EDGE ( 'NONE', *, *, #7861, .F. ) ;
#6833 = FACE_OUTER_BOUND ( 'NONE', #10664, .T. ) ;
#6834 = DIRECTION ( 'NONE',  ( 0.000000000000000000, 0.000000000000000000, -1.000000000000000000 ) ) ;
#6835 = EDGE_CURVE ( 'NONE', #208, #2649, #801, .T. ) ;
#6836 = EDGE_LOOP ( 'NONE', ( #4133, #8144 ) ) ;
#6837 = DIRECTION ( 'NONE',  ( 1.000000000000000000, 0.000000000000000000, 0.000000000000000000 ) ) ;
#6838 = DIRECTION ( 'NONE',  ( -1.000000000000000000, -0.000000000000000000, 0.000000000000000000 ) ) ;
#6839 = ORIENTED_EDGE ( 'NONE', *, *, #2132, .F. ) ;
#6840 = CARTESIAN_POINT ( 'NONE',  ( 0.000000000000000000, 114.0000000000000000, 14.20569654897112244 ) ) ;
#6841 = ADVANCED_FACE ( 'NONE', ( #12952 ), #4998, .T. ) ;
#6842 = DIRECTION ( 'NONE',  ( -0.000000000000000000, -0.000000000000000000, -1.000000000000000000 ) ) ;
#6843 = EDGE_CURVE ( 'NONE', #2743, #3374, #6846, .T. ) ;
#6844 = CARTESIAN_POINT ( 'NONE',  ( 46.67640687119308041, 156.4264068711926257, -72.00000000000001421 ) ) ;
#6845 = LINE ( 'NONE', #10982, #7255 ) ;
#6846 = LINE ( 'NONE', #3938, #12561 ) ;
#6847 = VERTEX_POINT ( 'NONE', #989 ) ;
#6848 = DIRECTION ( 'NONE',  ( 0.000000000000000000, 0.000000000000000000, -1.000000000000000000 ) ) ;
#6849 = ORIENTED_EDGE ( 'NONE', *, *, #473, .F. ) ;
#6850 = LINE ( 'NONE', #9552, #5299 ) ;
#6851 = CARTESIAN_POINT ( 'NONE',  ( -42.42640687119281750, 46.67640687119286724, 0.000000000000000000 ) ) ;
#6852 = EDGE_CURVE ( 'NONE', #8911, #10433, #171, .T. ) ;
#6853 = DIRECTION ( 'NONE',  ( -0.000000000000000000, -0.000000000000000000, 1.000000000000000000 ) ) ;
#6854 = AXIS2_PLACEMENT_3D ( 'NONE', #4692, #5893, #6748 ) ;
#6855 = LINE ( 'NONE', #938, #3502 ) ;
#6856 = DIRECTION ( 'NONE',  ( 1.000000000000000000, 0.000000000000000000, 0.000000000000000000 ) ) ;
#6857 = AXIS2_PLACEMENT_3D ( 'NONE', #4430, #6348, #7264 ) ;
#6858 = ORIENTED_EDGE ( 'NONE', *, *, #4623, .F. ) ;
#6859 = LINE ( 'NONE', #11002, #185 ) ;
#6860 = FACE_OUTER_BOUND ( 'NONE', #1433, .T. ) ;
#6861 = ORIENTED_EDGE ( 'NONE', *, *, #12678, .F. ) ;
#6862 = DIRECTION ( 'NONE',  ( -1.000000000000000000, 0.000000000000000000, 0.000000000000000000 ) ) ;
#6863 = TOROIDAL_SURFACE ( 'NONE', #7900, 23.50000000000000000, 1.000000000000000666 ) ;
#6864 = ORIENTED_EDGE ( 'NONE', *, *, #4318, .F. ) ;
#6865 = AXIS2_PLACEMENT_3D ( 'NONE', #803, #1861, #12048 ) ;
#6866 = CIRCLE ( 'NONE', #9370, 6.800000000000000711 ) ;
#6867 = DIRECTION ( 'NONE',  ( -0.000000000000000000, 0.000000000000000000, -1.000000000000000000 ) ) ;
#6868 = LINE ( 'NONE', #10875, #56 ) ;
#6869 = CARTESIAN_POINT ( 'NONE',  ( -4.000000000000000888, 125.8427192823270104, -3.149999999999999911 ) ) ;
#6870 = ORIENTED_EDGE ( 'NONE', *, *, #1696, .F. ) ;
#6871 = EDGE_LOOP ( 'NONE', ( #1585, #7736, #10740, #7678 ) ) ;
#6872 = CIRCLE ( 'NONE', #5827, 6.499999999999999112 ) ;
#6873 = AXIS2_PLACEMENT_3D ( 'NONE', #9345, #344, #3239 ) ;
#6874 = CIRCLE ( 'NONE', #6036, 12.50000000000000000 ) ;
#6875 = DIRECTION ( 'NONE',  ( -0.000000000000000000, -0.000000000000000000, 1.000000000000000000 ) ) ;
#6876 = DIRECTION ( 'NONE',  ( 0.000000000000000000, 0.000000000000000000, 1.000000000000000000 ) ) ;
#6877 = ORIENTED_EDGE ( 'NONE', *, *, #3288, .T. ) ;
#6878 = ORIENTED_EDGE ( 'NONE', *, *, #8294, .F. ) ;
#6879 = DIRECTION ( 'NONE',  ( -1.000000000000000000, -0.000000000000000000, -1.541976423090494894E-16 ) ) ;
#6880 = ORIENTED_EDGE ( 'NONE', *, *, #7631, .T. ) ;
#6881 = FACE_OUTER_BOUND ( 'NONE', #10050, .T. ) ;
#6882 = EDGE_CURVE ( 'NONE', #10321, #9494, #1237, .T. ) ;
#6883 = ORIENTED_EDGE ( 'NONE', *, *, #3198, .T. ) ;
#6884 = CARTESIAN_POINT ( 'NONE',  ( 28.43660512956202169, 72.00000000000001421, 6.499999999999996447 ) ) ;
#6885 = VECTOR ( 'NONE', #8121, 1000.000000000000000 ) ;
#6886 = DIRECTION ( 'NONE',  ( 0.000000000000000000, 1.000000000000000000, 0.000000000000000000 ) ) ;
#6887 = DIRECTION ( 'NONE',  ( 0.9907251918498203302, 0.1358808089250893303, 0.000000000000000000 ) ) ;
#6888 = EDGE_CURVE ( 'NONE', #3542, #294, #2896, .T. ) ;
#6889 = EDGE_CURVE ( 'NONE', #9459, #12490, #8745, .T. ) ;
#6890 = LINE ( 'NONE', #1894, #6731 ) ;
#6891 = CARTESIAN_POINT ( 'NONE',  ( -28.87693130457883939, 39.12398950069048453, 10.00000000000000000 ) ) ;
#6892 = ORIENTED_EDGE ( 'NONE', *, *, #3111, .F. ) ;
#6893 = ORIENTED_EDGE ( 'NONE', *, *, #1295, .F. ) ;
#6894 = DIRECTION ( 'NONE',  ( 1.000000000000000000, 0.000000000000000000, 0.000000000000000000 ) ) ;
#6895 = CARTESIAN_POINT ( 'NONE',  ( 26.00000000000001066, 114.0000000000000000, 29.09545482057523813 ) ) ;
#6896 = LINE ( 'NONE', #10607, #7740 ) ;
#6897 = ORIENTED_EDGE ( 'NONE', *, *, #4109, .F. ) ;
#6898 = DIRECTION ( 'NONE',  ( -0.000000000000000000, -1.000000000000000000, -0.000000000000000000 ) ) ;
#6899 = ADVANCED_FACE ( 'NONE', ( #3872 ), #5744, .T. ) ;
#6900 = ADVANCED_FACE ( 'NONE', ( #7039 ), #4928, .T. ) ;
#6901 = DIRECTION ( 'NONE',  ( 0.000000000000000000, 0.000000000000000000, -1.000000000000000000 ) ) ;
#6902 = TOROIDAL_SURFACE ( 'NONE', #9820, 30.77624999999999744, 4.599999999999995204 ) ;
#6903 = DIRECTION ( 'NONE',  ( 1.000000000000000000, 0.000000000000000000, 0.000000000000000000 ) ) ;
#6904 = DIRECTION ( 'NONE',  ( -1.000000000000000000, 0.000000000000000000, 0.000000000000000000 ) ) ;
#6905 = FACE_BOUND ( 'NONE', #6730, .T. ) ;
#6906 = ORIENTED_EDGE ( 'NONE', *, *, #1102, .F. ) ;
#6907 = AXIS2_PLACEMENT_3D ( 'NONE', #7692, #4915, #10835 ) ;
#6908 = PLANE ( 'NONE',  #12077 ) ;
#6909 = AXIS2_PLACEMENT_3D ( 'NONE', #156, #4297, #8310 ) ;
#6910 = AXIS2_PLACEMENT_3D ( 'NONE', #7116, #872, #941 ) ;
#6911 = CARTESIAN_POINT ( 'NONE',  ( -52.00000000000007105, 44.99999999999998579, -1.000000000000000000 ) ) ;
#6912 = ORIENTED_EDGE ( 'NONE', *, *, #1742, .T. ) ;
#6913 = EDGE_CURVE ( 'NONE', #11810, #4021, #3108, .T. ) ;
#6914 = ORIENTED_EDGE ( 'NONE', *, *, #1031, .F. ) ;
#6915 = CARTESIAN_POINT ( 'NONE',  ( 0.000000000000000000, 114.0000000000000000, 14.20569654897112244 ) ) ;
#6916 = ADVANCED_FACE ( 'NONE', ( #4790 ), #8878, .T. ) ;
#6917 = VERTEX_POINT ( 'NONE', #1789 ) ;
#6918 = ORIENTED_EDGE ( 'NONE', *, *, #1771, .F. ) ;
#6919 = DIRECTION ( 'NONE',  ( 1.000000000000000000, 0.000000000000000000, 0.000000000000000000 ) ) ;
#6920 = AXIS2_PLACEMENT_3D ( 'NONE', #5116, #176, #1311 ) ;
#6921 = DIRECTION ( 'NONE',  ( 0.000000000000000000, 0.000000000000000000, -1.000000000000000000 ) ) ;
#6922 = AXIS2_PLACEMENT_3D ( 'NONE', #12838, #8159, #3099 ) ;
#6923 = ADVANCED_FACE ( 'NONE', ( #1917 ), #8022, .F. ) ;
#6924 = CYLINDRICAL_SURFACE ( 'NONE', #7705, 9.500000000000001776 ) ;
#6925 = CARTESIAN_POINT ( 'NONE',  ( -57.49999999999995737, 11.09648867131211958, 50.82855482483663678 ) ) ;
#6926 = DIRECTION ( 'NONE',  ( -0.000000000000000000, -0.000000000000000000, 1.000000000000000000 ) ) ;
#6927 = ORIENTED_EDGE ( 'NONE', *, *, #8776, .T. ) ;
#6928 = VECTOR ( 'NONE', #12955, 1000.000000000000000 ) ;
#6929 = FACE_OUTER_BOUND ( 'NONE', #521, .T. ) ;
#6930 = DIRECTION ( 'NONE',  ( -1.000000000000000000, 0.000000000000000000, 0.000000000000000000 ) ) ;
#6931 = EDGE_CURVE ( 'NONE', #7615, #11810, #8943, .T. ) ;
#6932 = VERTEX_POINT ( 'NONE', #9921 ) ;
#6933 = DIRECTION ( 'NONE',  ( 1.000000000000000000, 0.000000000000000000, 0.000000000000000000 ) ) ;
#6934 = VERTEX_POINT ( 'NONE', #9787 ) ;
#6935 = ORIENTED_EDGE ( 'NONE', *, *, #9235, .F. ) ;
#6936 = CARTESIAN_POINT ( 'NONE',  ( 0.000000000000000000, 114.0000000000000000, -35.50000000000000711 ) ) ;
#6937 = CARTESIAN_POINT ( 'NONE',  ( -48.92640687119284593, -42.42640687119285303, 9.999999999999992895 ) ) ;
#6938 = VERTEX_POINT ( 'NONE', #8814 ) ;
#6939 = CYLINDRICAL_SURFACE ( 'NONE', #3277, 33.46499999999999631 ) ;
#6940 = CARTESIAN_POINT ( 'NONE',  ( 42.25000000000000000, 142.4311571906818017, 6.499999999999996447 ) ) ;
#6941 = EDGE_LOOP ( 'NONE', ( #7734, #3691, #6744, #4823 ) ) ;
#6942 = DIRECTION ( 'NONE',  ( 0.000000000000000000, 0.000000000000000000, -1.000000000000000000 ) ) ;
#6943 = ORIENTED_EDGE ( 'NONE', *, *, #650, .T. ) ;
#6944 = FACE_OUTER_BOUND ( 'NONE', #3208, .T. ) ;
#6945 = CIRCLE ( 'NONE', #23, 29.00000000000001066 ) ;
#6946 = AXIS2_PLACEMENT_3D ( 'NONE', #3373, #5288, #8303 ) ;
#6947 = ORIENTED_EDGE ( 'NONE', *, *, #7466, .T. ) ;
#6948 = ORIENTED_EDGE ( 'NONE', *, *, #11693, .T. ) ;
#6949 = DIRECTION ( 'NONE',  ( 1.000000000000000000, 0.000000000000000000, 0.000000000000000000 ) ) ;
#6950 = LINE ( 'NONE', #1769, #9086 ) ;
#6951 = CARTESIAN_POINT ( 'NONE',  ( 23.08553905074119328, 157.1196836433888393, -70.00000000000000000 ) ) ;
#6952 = AXIS2_PLACEMENT_3D ( 'NONE', #3291, #7305, #11512 ) ;
#6953 = AXIS2_PLACEMENT_3D ( 'NONE', #2410, #4453, #6434 ) ;
#6954 = DIRECTION ( 'NONE',  ( -1.000000000000000000, 0.000000000000000000, 0.000000000000000000 ) ) ;
#6955 = ORIENTED_EDGE ( 'NONE', *, *, #22, .T. ) ;
#6956 = DIRECTION ( 'NONE',  ( 0.000000000000000000, 0.000000000000000000, 1.000000000000000000 ) ) ;
#6957 = CYLINDRICAL_SURFACE ( 'NONE', #11730, 34.50000000000000711 ) ;
#6958 = CARTESIAN_POINT ( 'NONE',  ( -45.50000000000009237, -45.50000000000000000, -48.80000000000001137 ) ) ;
#6959 = ORIENTED_EDGE ( 'NONE', *, *, #8808, .T. ) ;
#6960 = CARTESIAN_POINT ( 'NONE',  ( 4.000000000000000888, 126.0536301585870831, 14.20569654897112244 ) ) ;
#6961 = EDGE_CURVE ( 'NONE', #9894, #3842, #2483, .T. ) ;
#6962 = AXIS2_PLACEMENT_3D ( 'NONE', #10833, #10898, #6894 ) ;
#6963 = EDGE_CURVE ( 'NONE', #4448, #8098, #2954, .T. ) ;
#6964 = DIRECTION ( 'NONE',  ( -0.1358808089250893303, 0.9907251918498203302, 0.000000000000000000 ) ) ;
#6965 = AXIS2_PLACEMENT_3D ( 'NONE', #6936, #10938, #5636 ) ;
#6966 = CIRCLE ( 'NONE', #10954, 26.75000000000000355 ) ;
#6967 = DIRECTION ( 'NONE',  ( 1.000000000000000000, 0.000000000000000000, 0.000000000000000000 ) ) ;
#6968 = CARTESIAN_POINT ( 'NONE',  ( 45.00000000000000000, 45.00000000000000000, 112.0000000000000000 ) ) ;
#6969 = CC_DESIGN_DATE_AND_TIME_ASSIGNMENT ( #5689, #1610, ( #11959 ) ) ;
#6970 = EDGE_CURVE ( 'NONE', #9860, #6318, #3027, .T. ) ;
#6971 = DIRECTION ( 'NONE',  ( 0.000000000000000000, 0.000000000000000000, -1.000000000000000000 ) ) ;
#6972 = DIRECTION ( 'NONE',  ( -1.000000000000000000, 0.000000000000000000, 0.000000000000000000 ) ) ;
#6973 = DIRECTION ( 'NONE',  ( -0.000000000000000000, -0.000000000000000000, 1.000000000000000000 ) ) ;
#6974 = AXIS2_PLACEMENT_3D ( 'NONE', #8527, #3407, #2347 ) ;
#6975 = DIRECTION ( 'NONE',  ( -1.000000000000000000, 0.000000000000000000, 0.000000000000000000 ) ) ;
#6976 = EDGE_CURVE ( 'NONE', #2137, #12516, #11088, .T. ) ;
#6977 = ORIENTED_EDGE ( 'NONE', *, *, #10660, .T. ) ;
#6978 = CARTESIAN_POINT ( 'NONE',  ( -34.50000000000000711, 114.0000000000000000, -2.500000000000009326 ) ) ;
#6979 = ADVANCED_FACE ( 'NONE', ( #5129 ), #10054, .T. ) ;
#6980 = ORIENTED_EDGE ( 'NONE', *, *, #8277, .T. ) ;
#6981 = ORIENTED_EDGE ( 'NONE', *, *, #8619, .F. ) ;
#6982 = PLANE ( 'NONE',  #12845 ) ;
#6983 = AXIS2_PLACEMENT_3D ( 'NONE', #11684, #8410, #10581 ) ;
#6984 = CARTESIAN_POINT ( 'NONE',  ( -51.50000000000000711, -4.999999999999984901, 39.29999999999998295 ) ) ;
#6985 = EDGE_CURVE ( 'NONE', #9346, #3284, #6262, .T. ) ;
#6986 = DIRECTION ( 'NONE',  ( 0.000000000000000000, 0.000000000000000000, -1.000000000000000000 ) ) ;
#6987 = ADVANCED_FACE ( 'NONE', ( #4200 ), #4328, .T. ) ;
#6988 = CARTESIAN_POINT ( 'NONE',  ( 29.33956106112634643, -35.75089393306192420, 53.29999999999999005 ) ) ;
#6989 = CYLINDRICAL_SURFACE ( 'NONE', #1683, 4.250000000000003553 ) ;
#6990 = AXIS2_PLACEMENT_3D ( 'NONE', #1285, #2061, #7258 ) ;
#6991 = ORIENTED_EDGE ( 'NONE', *, *, #5073, .F. ) ;
#6992 = CARTESIAN_POINT ( 'NONE',  ( -35.75089393306191710, -29.33956106112635354, 73.39999999999997726 ) ) ;
#6993 = DIRECTION ( 'NONE',  ( -0.1358808089250893303, 0.9907251918498203302, 0.000000000000000000 ) ) ;
#6994 = ORIENTED_EDGE ( 'NONE', *, *, #60, .T. ) ;
#6995 = CARTESIAN_POINT ( 'NONE',  ( -23.50000000000000355, 114.0000000000000000, -64.50000000000000000 ) ) ;
#6996 = ORIENTED_EDGE ( 'NONE', *, *, #9945, .F. ) ;
#6997 = ORIENTED_EDGE ( 'NONE', *, *, #2735, .F. ) ;
#6998 = CARTESIAN_POINT ( 'NONE',  ( 42.42640687119285303, 42.42640687119286724, 10.00000000000000000 ) ) ;
#6999 = CIRCLE ( 'NONE', #5751, 4.999999999999984013 ) ;
#7000 = DIRECTION ( 'NONE',  ( 0.000000000000000000, 0.000000000000000000, -1.000000000000000000 ) ) ;
#7001 = CIRCLE ( 'NONE', #69, 4.250000000000003553 ) ;
#7002 = DIRECTION ( 'NONE',  ( -0.000000000000000000, -0.000000000000000000, 1.000000000000000000 ) ) ;
#7003 = EDGE_CURVE ( 'NONE', #11407, #3734, #5066, .T. ) ;
#7004 = EDGE_LOOP ( 'NONE', ( #189, #2553, #588, #6147 ) ) ;
#7005 = LINE ( 'NONE', #954, #4537 ) ;
#7006 = FACE_OUTER_BOUND ( 'NONE', #6163, .T. ) ;
#7007 = ORIENTED_EDGE ( 'NONE', *, *, #5366, .T. ) ;
#7008 = LINE ( 'NONE', #159, #7719 ) ;
#7009 = ORIENTED_EDGE ( 'NONE', *, *, #7861, .T. ) ;
#7010 = DIRECTION ( 'NONE',  ( -1.000000000000000000, 0.000000000000000000, 0.000000000000000000 ) ) ;
#7011 = AXIS2_PLACEMENT_3D ( 'NONE', #12404, #5243, #9245 ) ;
#7012 = ORIENTED_EDGE ( 'NONE', *, *, #3507, .T. ) ;
#7013 = ORIENTED_EDGE ( 'NONE', *, *, #1295, .T. ) ;
#7014 = DIRECTION ( 'NONE',  ( -0.9907251918498221066, 0.1358808089250767570, 0.000000000000000000 ) ) ;
#7015 = CARTESIAN_POINT ( 'NONE',  ( -42.49999999999998579, -42.49999999999998579, 0.000000000000000000 ) ) ;
#7016 = ORIENTED_EDGE ( 'NONE', *, *, #11559, .F. ) ;
#7017 = DIRECTION ( 'NONE',  ( 0.000000000000000000, -1.000000000000000000, 0.000000000000000000 ) ) ;
#7018 = EDGE_CURVE ( 'NONE', #340, #9894, #6248, .T. ) ;
#7019 = CLOSED_SHELL ( 'NONE', ( #4337, #11071, #619, #1124, #10378, #311, #10939, #3306, #959, #11664, #9058, #8384, #4230, #8891, #12014, #10977, #122, #1033, #3863, #3482, #11168, #11298 ) ) ;
#7020 = CARTESIAN_POINT ( 'NONE',  ( -4.000000000000000888, 125.8427192823270104, 9.499999999999994671 ) ) ;
#7021 = EDGE_CURVE ( 'NONE', #8283, #8928, #11296, .T. ) ;
#7022 = FACE_OUTER_BOUND ( 'NONE', #3495, .T. ) ;
#7023 = CARTESIAN_POINT ( 'NONE',  ( -36.77000000000001023, 36.76999999999996049, 19.59999999999999076 ) ) ;
#7024 = ORIENTED_EDGE ( 'NONE', *, *, #10889, .F. ) ;
#7025 = DIRECTION ( 'NONE',  ( 0.000000000000000000, 0.000000000000000000, -1.000000000000000000 ) ) ;
#7026 = DIRECTION ( 'NONE',  ( -0.000000000000000000, -0.000000000000000000, 1.000000000000000000 ) ) ;
#7027 = DIRECTION ( 'NONE',  ( 1.000000000000000000, 0.000000000000000000, 0.000000000000000000 ) ) ;
#7028 = DIRECTION ( 'NONE',  ( 1.000000000000000000, 0.000000000000000000, 0.000000000000000000 ) ) ;
#7029 = CARTESIAN_POINT ( 'NONE',  ( 42.31428571428572383, 147.4307439082954545, 6.499999999999996447 ) ) ;
#7030 = VERTEX_POINT ( 'NONE', #3351 ) ;
#7031 = DIRECTION ( 'NONE',  ( -0.000000000000000000, -0.000000000000000000, 1.000000000000000000 ) ) ;
#7032 = CYLINDRICAL_SURFACE ( 'NONE', #4558, 8.999999999999994671 ) ;
#7033 = EDGE_CURVE ( 'NONE', #3860, #83, #5648, .T. ) ;
#7034 = CYLINDRICAL_SURFACE ( 'NONE', #4846, 6.800000000000000711 ) ;
#7035 = EDGE_LOOP ( 'NONE', ( #6839, #2602, #11589, #5532, #9331, #6300, #6383, #2253 ) ) ;
#7036 = EDGE_CURVE ( 'NONE', #9938, #12006, #7314, .T. ) ;
#7037 = VERTEX_POINT ( 'NONE', #8214 ) ;
#7038 = DIRECTION ( 'NONE',  ( 0.000000000000000000, 1.000000000000000000, 0.000000000000000000 ) ) ;
#7039 = FACE_OUTER_BOUND ( 'NONE', #11360, .T. ) ;
#7040 = ORIENTED_EDGE ( 'NONE', *, *, #1101, .F. ) ;
#7041 = DIRECTION ( 'NONE',  ( -0.1358808089250893303, 0.9907251918498203302, -1.571437527847142324E-17 ) ) ;
#7042 = VERTEX_POINT ( 'NONE', #8143 ) ;
#7043 = EDGE_LOOP ( 'NONE', ( #7634, #9213, #4959, #3225 ) ) ;
#7044 = CARTESIAN_POINT ( 'NONE',  ( 20.00000000000000000, 114.0000000000000000, 0.5000000000000004441 ) ) ;
#7045 = CIRCLE ( 'NONE', #6196, 6.800000000000007816 ) ;
#7046 = CARTESIAN_POINT ( 'NONE',  ( -41.50000000000000000, 5.000000000000016875, 40.13333333333329733 ) ) ;
#7047 = CARTESIAN_POINT ( 'NONE',  ( 0.000000000000000000, 114.0000000000000000, -65.50000000000000000 ) ) ;
#7048 = EDGE_CURVE ( 'NONE', #11879, #12906, #7299, .T. ) ;
#7049 = CARTESIAN_POINT ( 'NONE',  ( -42.42640687119281040, -42.42640687119281040, 10.00000000000000000 ) ) ;
#7050 = CARTESIAN_POINT ( 'NONE',  ( -38.20000000000000995, 22.13999999999996859, 112.0000000000000000 ) ) ;
#7051 = ORIENTED_EDGE ( 'NONE', *, *, #486, .F. ) ;
#7052 = CARTESIAN_POINT ( 'NONE',  ( 0.000000000000000000, 114.0000000000000000, -2.500000000000002220 ) ) ;
#7053 = FACE_OUTER_BOUND ( 'NONE', #6587, .T. ) ;
#7054 = ORIENTED_EDGE ( 'NONE', *, *, #9457, .T. ) ;
#7055 = CARTESIAN_POINT ( 'NONE',  ( 22.50000000000000000, 114.0000000000000000, -44.90443948822942843 ) ) ;
#7056 = VERTEX_POINT ( 'NONE', #6314 ) ;
#7057 = EDGE_CURVE ( 'NONE', #8897, #1517, #5197, .T. ) ;
#7058 = EDGE_CURVE ( 'NONE', #2395, #10525, #4269, .T. ) ;
#7059 = CARTESIAN_POINT ( 'NONE',  ( 35.92640687119283882, -42.42640687119285303, 19.59999999999999076 ) ) ;
#7060 = DIRECTION ( 'NONE',  ( 0.000000000000000000, 0.000000000000000000, 1.000000000000000000 ) ) ;
#7061 = AXIS2_PLACEMENT_3D ( 'NONE', #9816, #7606, #2598 ) ;
#7062 = ORIENTED_EDGE ( 'NONE', *, *, #10916, .T. ) ;
#7063 = LINE ( 'NONE', #1017, #1612 ) ;
#7064 = CARTESIAN_POINT ( 'NONE',  ( 4.000000000000006217, 114.0000000000000000, -19.50000000000000355 ) ) ;
#7065 = ORIENTED_EDGE ( 'NONE', *, *, #1173, .F. ) ;
#7066 = CIRCLE ( 'NONE', #10846, 2.000000000000001776 ) ;
#7067 = ORIENTED_EDGE ( 'NONE', *, *, #10498, .F. ) ;
#7068 = CARTESIAN_POINT ( 'NONE',  ( 47.25000000001955414, -291415.8694450773764, 6.499999999999996447 ) ) ;
#7069 = CIRCLE ( 'NONE', #6661, 26.17625000000000313 ) ;
#7070 = ORIENTED_EDGE ( 'NONE', *, *, #2985, .T. ) ;
#7071 = CARTESIAN_POINT ( 'NONE',  ( 42.25000000000000000, 142.4311571906818017, 11.49999999999999645 ) ) ;
#7072 = ADVANCED_FACE ( 'NONE', ( #12288 ), #6056, .F. ) ;
#7073 = VECTOR ( 'NONE', #1741, 1000.000000000000000 ) ;
#7074 = ORIENTED_EDGE ( 'NONE', *, *, #2370, .T. ) ;
#7075 = DIRECTION ( 'NONE',  ( -1.541976423090495633E-16, -0.000000000000000000, 1.000000000000000000 ) ) ;
#7076 = CARTESIAN_POINT ( 'NONE',  ( 42.42640687119276777, -42.42640687119292409, -18.00000000000000355 ) ) ;
#7077 = EDGE_CURVE ( 'NONE', #5920, #10078, #2166, .T. ) ;
#7078 = CARTESIAN_POINT ( 'NONE',  ( -51.50000000000000711, 4.500000000000013323, 40.29999999999998295 ) ) ;
#7079 = CIRCLE ( 'NONE', #5412, 4.250000000000003553 ) ;
#7080 = CARTESIAN_POINT ( 'NONE',  ( -26.00000000000001066, 114.0000000000000000, 29.09545482057523813 ) ) ;
#7081 = AXIS2_PLACEMENT_3D ( 'NONE', #682, #12645, #11658 ) ;
#7082 = AXIS2_PLACEMENT_3D ( 'NONE', #5345, #4538, #4410 ) ;
#7083 = CARTESIAN_POINT ( 'NONE',  ( 45.49999999999994316, 159.4999999999999716, -48.80000000000001137 ) ) ;
#7084 = CARTESIAN_POINT ( 'NONE',  ( -26.75000000000000355, 114.0000000000000000, -2.500000000000002220 ) ) ;
#7085 = ORIENTED_EDGE ( 'NONE', *, *, #654, .F. ) ;
#7086 = ORIENTED_EDGE ( 'NONE', *, *, #1056, .F. ) ;
#7087 = CARTESIAN_POINT ( 'NONE',  ( 39.12398950069061243, -28.87693130457877544, 10.00000000000000000 ) ) ;
#7088 = DIRECTION ( 'NONE',  ( -0.000000000000000000, -0.000000000000000000, 1.000000000000000000 ) ) ;
#7089 = EDGE_CURVE ( 'NONE', #11681, #8098, #4368, .T. ) ;
#7090 = DIRECTION ( 'NONE',  ( 0.000000000000000000, 0.000000000000000000, 1.000000000000000000 ) ) ;
#7091 = CIRCLE ( 'NONE', #3926, 6.499999999999999112 ) ;
#7092 = CARTESIAN_POINT ( 'NONE',  ( 0.000000000000000000, 114.0000000000000000, -44.90443948822942843 ) ) ;
#7093 = EDGE_CURVE ( 'NONE', #4266, #8317, #4593, .T. ) ;
#7094 = FACE_BOUND ( 'NONE', #2185, .T. ) ;
#7095 = ORIENTED_EDGE ( 'NONE', *, *, #9309, .T. ) ;
#7096 = DIRECTION ( 'NONE',  ( 0.000000000000000000, -0.000000000000000000, 1.000000000000000000 ) ) ;
#7097 = DIRECTION ( 'NONE',  ( 0.000000000000000000, 0.000000000000000000, -1.000000000000000000 ) ) ;
#7098 = DIRECTION ( 'NONE',  ( -0.000000000000000000, -0.000000000000000000, 1.000000000000000000 ) ) ;
#7099 = VERTEX_POINT ( 'NONE', #61 ) ;
#7100 = PLANE ( 'NONE',  #9974 ) ;
#7101 = DIRECTION ( 'NONE',  ( 0.000000000000000000, 1.000000000000000000, 0.000000000000000000 ) ) ;
#7102 = EDGE_LOOP ( 'NONE', ( #7732, #8026, #11988, #3737 ) ) ;
#7103 = AXIS2_PLACEMENT_3D ( 'NONE', #193, #9193, #3282 ) ;
#7104 = FACE_OUTER_BOUND ( 'NONE', #11729, .T. ) ;
#7105 = AXIS2_PLACEMENT_3D ( 'NONE', #7947, #3496, #7648 ) ;
#7106 = ORIENTED_EDGE ( 'NONE', *, *, #6806, .T. ) ;
#7107 = ORIENTED_EDGE ( 'NONE', *, *, #12039, .F. ) ;
#7108 = CARTESIAN_POINT ( 'NONE',  ( 0.000000000000000000, 114.0000000000000000, -65.50000000000000000 ) ) ;
#7109 = FACE_OUTER_BOUND ( 'NONE', #4706, .T. ) ;
#7110 = DIRECTION ( 'NONE',  ( -0.000000000000000000, -0.000000000000000000, 1.000000000000000000 ) ) ;
#7111 = CIRCLE ( 'NONE', #12149, 28.08750000000000213 ) ;
#7112 = AXIS2_PLACEMENT_3D ( 'NONE', #5486, #6191, #12239 ) ;
#7113 = CARTESIAN_POINT ( 'NONE',  ( -57.49999999999994316, -12.00363874856338775, 53.38223185517386327 ) ) ;
#7114 = CARTESIAN_POINT ( 'NONE',  ( 51.99999999999994316, 159.4999999999999716, -313.5367466867102166 ) ) ;
#7115 = ORIENTED_EDGE ( 'NONE', *, *, #5705, .T. ) ;
#7116 = CARTESIAN_POINT ( 'NONE',  ( -39.12398950069061954, 28.87693130457876123, 112.0000000000000000 ) ) ;
#7117 = CARTESIAN_POINT ( 'NONE',  ( -45.50000000000001421, -6.627408258997459001, 40.99593927063131815 ) ) ;
#7118 = ORIENTED_EDGE ( 'NONE', *, *, #2550, .F. ) ;
#7119 = CARTESIAN_POINT ( 'NONE',  ( -28.87693130457876478, -39.12398950069062664, 112.0000000000000000 ) ) ;
#7120 = AXIS2_PLACEMENT_3D ( 'NONE', #10504, #11614, #12534 ) ;
#7121 = ORIENTED_EDGE ( 'NONE', *, *, #8034, .F. ) ;
#7122 = AXIS2_PLACEMENT_3D ( 'NONE', #746, #3701, #1487 ) ;
#7123 = ADVANCED_FACE ( 'NONE', ( #1185 ), #4070, .F. ) ;
#7124 = EDGE_CURVE ( 'NONE', #11866, #5997, #3951, .T. ) ;
#7125 = DIRECTION ( 'NONE',  ( 0.000000000000000000, -0.000000000000000000, -1.000000000000000000 ) ) ;
#7126 = EDGE_LOOP ( 'NONE', ( #1896, #4224 ) ) ;
#7127 = CARTESIAN_POINT ( 'NONE',  ( -45.50000000000000711, 6.000000000000000000, 39.79999999999998295 ) ) ;
#7128 = ORIENTED_EDGE ( 'NONE', *, *, #4306, .T. ) ;
#7129 = ORIENTED_EDGE ( 'NONE', *, *, #7556, .F. ) ;
#7130 = PLANE ( 'NONE',  #2332 ) ;
#7131 = TOROIDAL_SURFACE ( 'NONE', #413, 36.50000000000000711, 0.9999999999999887867 ) ;
#7132 = APPROVAL ( #8505, 'UNSPECIFIED' ) ;
#7133 = EDGE_CURVE ( 'NONE', #2632, #11351, #5007, .T. ) ;
#7134 = CARTESIAN_POINT ( 'NONE',  ( 0.000000000000000000, 114.0000000000000000, -61.23237503977025398 ) ) ;
#7135 = EDGE_LOOP ( 'NONE', ( #3145, #4639, #1581, #4404 ) ) ;
#7136 = CARTESIAN_POINT ( 'NONE',  ( 26.27625000000000099, 114.0000000000000000, -57.50000000000000000 ) ) ;
#7137 = CARTESIAN_POINT ( 'NONE',  ( 0.000000000000000000, 0.000000000000000000, 4.014523375354076329 ) ) ;
#7138 = ORIENTED_EDGE ( 'NONE', *, *, #5377, .F. ) ;
#7139 = ORIENTED_EDGE ( 'NONE', *, *, #8918, .F. ) ;
#7140 = DIRECTION ( 'NONE',  ( 1.000000000000000000, 0.000000000000000000, 0.000000000000000000 ) ) ;
#7141 = CARTESIAN_POINT ( 'NONE',  ( -42.42640687119284593, -42.42640687119285303, 9.999999999999992895 ) ) ;
#7142 = AXIS2_PLACEMENT_3D ( 'NONE', #9176, #4909, #12930 ) ;
#7143 = EDGE_LOOP ( 'NONE', ( #10443, #1448, #4044, #8950 ) ) ;
#7144 = VECTOR ( 'NONE', #3514, 1000.000000000000000 ) ;
#7145 = CARTESIAN_POINT ( 'NONE',  ( -37.49999999999999289, 114.0000000000000000, -21.09556051177057867 ) ) ;
#7146 = LINE ( 'NONE', #12137, #4102 ) ;
#7147 = CARTESIAN_POINT ( 'NONE',  ( 38.17640687119307330, 156.4264068711926257, -77.00000000000000000 ) ) ;
#7148 = EDGE_CURVE ( 'NONE', #4435, #322, #5399, .T. ) ;
#7149 = AXIS2_PLACEMENT_3D ( 'NONE', #4026, #12055, #1076 ) ;
#7150 = DIRECTION ( 'NONE',  ( 0.000000000000000000, -0.000000000000000000, 1.000000000000000000 ) ) ;
#7151 = VERTEX_POINT ( 'NONE', #8416 ) ;
#7152 = DIRECTION ( 'NONE',  ( 0.1358808089250767570, 0.9907251918498221066, 2.095250037129328554E-17 ) ) ;
#7153 = DIRECTION ( 'NONE',  ( -1.541976423090495633E-16, -0.000000000000000000, 1.000000000000000000 ) ) ;
#7154 = CARTESIAN_POINT ( 'NONE',  ( 0.000000000000000000, 114.0000000000000000, -2.500000000000009326 ) ) ;
#7155 = DIRECTION ( 'NONE',  ( -0.000000000000000000, -0.000000000000000000, 1.000000000000000000 ) ) ;
#7156 = AXIS2_PLACEMENT_3D ( 'NONE', #9726, #5859, #6972 ) ;
#7157 = ORIENTED_EDGE ( 'NONE', *, *, #4577, .F. ) ;
#7158 = CARTESIAN_POINT ( 'NONE',  ( 45.50000000000002842, 68.50000000000837019, -67.00000000000000000 ) ) ;
#7159 = CIRCLE ( 'NONE', #9040, 22.39999999999999858 ) ;
#7160 = DIRECTION ( 'NONE',  ( 0.000000000000000000, 0.000000000000000000, -1.000000000000000000 ) ) ;
#7161 = LINE ( 'NONE', #6174, #11781 ) ;
#7162 = EDGE_CURVE ( 'NONE', #3244, #166, #2692, .T. ) ;
#7163 = ORIENTED_EDGE ( 'NONE', *, *, #5046, .F. ) ;
#7164 = ORIENTED_EDGE ( 'NONE', *, *, #2514, .T. ) ;
#7165 = DIRECTION ( 'NONE',  ( 0.000000000000000000, 1.000000000000000000, 0.000000000000000000 ) ) ;
#7166 = CARTESIAN_POINT ( 'NONE',  ( -28.43660512956202169, 156.0000000000000000, 6.499999999999996447 ) ) ;
#7167 = CIRCLE ( 'NONE', #4644, 26.75000000000000000 ) ;
#7169 = ORIENTED_EDGE ( 'NONE', *, *, #3994, .T. ) ;
#7168 = AXIS2_PLACEMENT_3D ( 'NONE', #11416, #8392, #4304 ) ;
#7170 = CARTESIAN_POINT ( 'NONE',  ( -42.42640687119281750, 46.67640687119286724, 10.00000000000000000 ) ) ;
#7171 = ORIENTED_EDGE ( 'NONE', *, *, #1351, .T. ) ;
#7172 = ORIENTED_EDGE ( 'NONE', *, *, #1760, .F. ) ;
#7173 = DIRECTION ( 'NONE',  ( -1.000000000000000000, 0.000000000000000000, -0.000000000000000000 ) ) ;
#7174 = DIRECTION ( 'NONE',  ( 0.000000000000000000, 1.000000000000000000, 2.668805347656626678E-16 ) ) ;
#7175 = CARTESIAN_POINT ( 'NONE',  ( -30.77624999999999744, 114.0000000000000000, -8.500000000000003553 ) ) ;
#7176 = AXIS2_PLACEMENT_3D ( 'NONE', #10923, #7967, #5571 ) ;
#7177 = AXIS2_PLACEMENT_3D ( 'NONE', #4964, #12004, #10956 ) ;
#7178 = EDGE_CURVE ( 'NONE', #2260, #10695, #8541, .T. ) ;
#7179 = CARTESIAN_POINT ( 'NONE',  ( 22.14000000000007162, 45.00000000000001421, 10.00000000000000000 ) ) ;
#7180 = B_SPLINE_CURVE_WITH_KNOTS ( 'NONE', 3,
 ( #12307, #3308, #4218, #284 ),
 .UNSPECIFIED., .F., .F.,
 ( 4, 4 ),
 ( 0.8967116437517006489, 1.000000000000000000 ),
 .UNSPECIFIED. ) ;
#7181 = DIRECTION ( 'NONE',  ( 1.000000000000000000, 0.000000000000000000, 0.000000000000000000 ) ) ;
#7182 = EDGE_LOOP ( 'NONE', ( #179, #8662, #7487, #12923 ) ) ;
#7183 = DIRECTION ( 'NONE',  ( -1.000000000000000000, 0.000000000000000000, 0.000000000000000000 ) ) ;
#7184 = DIRECTION ( 'NONE',  ( -1.000000000000000000, 0.000000000000000000, 0.000000000000000000 ) ) ;
#7185 = ORIENTED_EDGE ( 'NONE', *, *, #8514, .T. ) ;
#7186 = LINE ( 'NONE', #9029, #12181 ) ;
#7187 = AXIS2_PLACEMENT_3D ( 'NONE', #6719, #9466, #8552 ) ;
#7188 = ORIENTED_EDGE ( 'NONE', *, *, #1552, .T. ) ;
#7189 = VERTEX_POINT ( 'NONE', #1458 ) ;
#7190 = LINE ( 'NONE', #2251, #9722 ) ;
#7191 = ORIENTED_EDGE ( 'NONE', *, *, #6260, .F. ) ;
#7192 = CARTESIAN_POINT ( 'NONE',  ( -48.50000000000000000, 6.150903230817118761, 39.54999999999999005 ) ) ;
#7193 = EDGE_LOOP ( 'NONE', ( #697, #6728, #9704, #10931, #11654, #493, #8982 ) ) ;
#7194 = DIRECTION ( 'NONE',  ( 1.000000000000000000, 0.000000000000000000, 0.000000000000000000 ) ) ;
#7195 = VECTOR ( 'NONE', #1642, 1000.000000000000000 ) ;
#7196 = EDGE_CURVE ( 'NONE', #7848, #7056, #5658, .T. ) ;
#7197 = DIRECTION ( 'NONE',  ( 0.000000000000000000, 0.000000000000000000, 1.000000000000000000 ) ) ;
#7198 = ADVANCED_FACE ( 'NONE', ( #3479 ), #9522, .F. ) ;
#7199 = ORIENTED_EDGE ( 'NONE', *, *, #3337, .F. ) ;
#7200 = DIRECTION ( 'NONE',  ( 0.000000000000000000, 0.000000000000000000, 1.000000000000000000 ) ) ;
#7201 = ORIENTED_EDGE ( 'NONE', *, *, #2084, .T. ) ;
#7202 = CARTESIAN_POINT ( 'NONE',  ( 0.000000000000000000, 114.0000000000000000, -3.150000000000003464 ) ) ;
#7203 = ORIENTED_EDGE ( 'NONE', *, *, #11413, .F. ) ;
#7204 = CARTESIAN_POINT ( 'NONE',  ( 0.000000000000000000, 114.0000000000000000, -8.500000000000003553 ) ) ;
#7205 = CARTESIAN_POINT ( 'NONE',  ( 36.50000000000000711, 114.0000000000000000, -65.49999999999998579 ) ) ;
#7206 = CIRCLE ( 'NONE', #10979, 1.249999999999987121 ) ;
#7207 = CARTESIAN_POINT ( 'NONE',  ( -51.50000000000002842, 11.83595217003051658, 65.35802719681949213 ) ) ;
#7208 = ADVANCED_FACE ( 'NONE', ( #4465 ), #10044, .F. ) ;
#7209 = DIRECTION ( 'NONE',  ( -1.000000000000000000, 0.000000000000000000, 0.000000000000000000 ) ) ;
#7210 = ORIENTED_EDGE ( 'NONE', *, *, #8020, .T. ) ;
#7211 = VECTOR ( 'NONE', #3338, 1000.000000000000227 ) ;
#7212 = DIRECTION ( 'NONE',  ( 1.000000000000000000, 0.000000000000000000, 0.000000000000000000 ) ) ;
#7213 = DIRECTION ( 'NONE',  ( 1.000000000000000000, 0.000000000000000000, 0.000000000000000000 ) ) ;
#7214 = EDGE_CURVE ( 'NONE', #2105, #10231, #5228, .T. ) ;
#7215 = ORIENTED_EDGE ( 'NONE', *, *, #6351, .F. ) ;
#7216 = AXIS2_PLACEMENT_3D ( 'NONE', #1104, #3134, #969 ) ;
#7217 = CARTESIAN_POINT ( 'NONE',  ( -45.50000000000006395, 159.4999999999999716, -313.5367466867102166 ) ) ;
#7218 = ORIENTED_EDGE ( 'NONE', *, *, #12432, .T. ) ;
#7219 = DIRECTION ( 'NONE',  ( 0.000000000000000000, 1.000000000000000000, 0.000000000000000000 ) ) ;
#7220 = DIRECTION ( 'NONE',  ( -0.000000000000000000, -0.000000000000000000, 1.000000000000000000 ) ) ;
#7221 = DIRECTION ( 'NONE',  ( 0.000000000000000000, 0.000000000000000000, 1.000000000000000000 ) ) ;
#7222 = EDGE_LOOP ( 'NONE', ( #6906, #279, #11476, #12113 ) ) ;
#7223 = CARTESIAN_POINT ( 'NONE',  ( -45.50000000000000711, 82.55380013323630806, 86.25669469476747508 ) ) ;
#7224 = VECTOR ( 'NONE', #10762, 1000.000000000000000 ) ;
#7225 = ADVANCED_FACE ( 'NONE', ( #5470 ), #9456, .T. ) ;
#7226 = CARTESIAN_POINT ( 'NONE',  ( -33.43424615471842287, 156.1535714285714391, 11.49999999999999645 ) ) ;
#7227 = EDGE_CURVE ( 'NONE', #2798, #4650, #182, .T. ) ;
#7228 = ORIENTED_EDGE ( 'NONE', *, *, #5043, .F. ) ;
#7229 = VECTOR ( 'NONE', #4978, 1000.000000000000000 ) ;
#7230 = DIRECTION ( 'NONE',  ( 0.1358808089250767570, 0.9907251918498221066, 0.000000000000000000 ) ) ;
#7231 = DIRECTION ( 'NONE',  ( 1.000000000000000000, 0.000000000000000000, 0.000000000000000000 ) ) ;
#7232 = ORIENTED_EDGE ( 'NONE', *, *, #2148, .F. ) ;
#7233 = CARTESIAN_POINT ( 'NONE',  ( 0.000000000000000000, 148.5000000000000284, -14.50000000000000533 ) ) ;
#7234 = CARTESIAN_POINT ( 'NONE',  ( 39.02640687119307472, 42.42640687119262566, 0.000000000000000000 ) ) ;
#7235 = ORIENTED_EDGE ( 'NONE', *, *, #6963, .F. ) ;
#7236 = CARTESIAN_POINT ( 'NONE',  ( -28.28999999999999204, 73.14000000000000057, -61.49999999999999289 ) ) ;
#7237 = VECTOR ( 'NONE', #4838, 1000.000000000000000 ) ;
#7238 = VERTEX_POINT ( 'NONE', #1395 ) ;
#7239 = ORIENTED_EDGE ( 'NONE', *, *, #10675, .F. ) ;
#7240 = FACE_OUTER_BOUND ( 'NONE', #7551, .T. ) ;
#7241 = CARTESIAN_POINT ( 'NONE',  ( 38.20000000000000995, -22.13999999999998636, 10.00000000000000000 ) ) ;
#7242 = EDGE_CURVE ( 'NONE', #3860, #10049, #2555, .T. ) ;
#7243 = ADVANCED_FACE ( 'NONE', ( #11507 ), #12685, .T. ) ;
#7244 = CARTESIAN_POINT ( 'NONE',  ( -51.50000000000000711, 5.000000000000015987, 39.29999999999998295 ) ) ;
#7245 = DIRECTION ( 'NONE',  ( -1.334402673828311121E-16, 1.000000000000000000, 0.000000000000000000 ) ) ;
#7246 = AXIS2_PLACEMENT_3D ( 'NONE', #7687, #3730, #4768 ) ;
#7247 = ADVANCED_FACE ( 'NONE', ( #7435 ), #3418, .T. ) ;
#7248 = CARTESIAN_POINT ( 'NONE',  ( 35.92640687119283882, -42.42640687119285303, 9.999999999999992895 ) ) ;
#7249 = CARTESIAN_POINT ( 'NONE',  ( -44.99999999999998579, -22.14000000000005386, 19.59999999999999076 ) ) ;
#7250 = ORIENTED_EDGE ( 'NONE', *, *, #4717, .T. ) ;
#7251 = DIRECTION ( 'NONE',  ( 0.000000000000000000, -0.000000000000000000, 1.000000000000000000 ) ) ;
#7252 = CARTESIAN_POINT ( 'NONE',  ( -51.50000000000002132, -13.57707609273046678, 57.64361941131997469 ) ) ;
#7253 = VERTEX_POINT ( 'NONE', #10588 ) ;
#7254 = DIRECTION ( 'NONE',  ( -1.224646799147353207E-16, 1.000000000000000000, 0.000000000000000000 ) ) ;
#7255 = VECTOR ( 'NONE', #2819, 1000.000000000000000 ) ;
#7256 = ORIENTED_EDGE ( 'NONE', *, *, #204, .T. ) ;
#7257 = ADVANCED_FACE ( 'NONE', ( #1651 ), #1519, .F. ) ;
#7258 = DIRECTION ( 'NONE',  ( -1.000000000000000000, 0.000000000000000000, 0.000000000000000000 ) ) ;
#7259 = CARTESIAN_POINT ( 'NONE',  ( -20.00000000000000000, 114.0000000000000000, 0.5000000000000004441 ) ) ;
#7260 = ORIENTED_EDGE ( 'NONE', *, *, #659, .T. ) ;
#7261 = LINE ( 'NONE', #2254, #9050 ) ;
#7262 = CARTESIAN_POINT ( 'NONE',  ( 35.75089393306183894, -29.33956106112634998, 112.0000000000000000 ) ) ;
#7263 = ORIENTED_EDGE ( 'NONE', *, *, #863, .F. ) ;
#7264 = DIRECTION ( 'NONE',  ( -1.000000000000000000, -2.440127389430786319E-16, 0.000000000000000000 ) ) ;
#7265 = ORIENTED_EDGE ( 'NONE', *, *, #5937, .F. ) ;
#7266 = ORIENTED_EDGE ( 'NONE', *, *, #11636, .T. ) ;
#7267 = DIRECTION ( 'NONE',  ( 0.000000000000000000, 1.000000000000000000, 0.000000000000000000 ) ) ;
#7268 = AXIS2_PLACEMENT_3D ( 'NONE', #9556, #9431, #2402 ) ;
#7269 = DIRECTION ( 'NONE',  ( 0.000000000000000000, 1.000000000000000000, 0.000000000000000000 ) ) ;
#7270 = CARTESIAN_POINT ( 'NONE',  ( -29.33956106112634288, 35.75089393306190289, 112.0000000000000000 ) ) ;
#7271 = VECTOR ( 'NONE', #12979, 1000.000000000000000 ) ;
#7272 = CARTESIAN_POINT ( 'NONE',  ( -51.49999999999995026, 3.195323443267998442, 72.04676867896056081 ) ) ;
#7273 = ADVANCED_FACE ( 'NONE', ( #591, #12619 ), #6648, .F. ) ;
#7274 = CARTESIAN_POINT ( 'NONE',  ( -26.17625000000000313, 114.0000000000000000, -57.50000000000000000 ) ) ;
#7275 = ORIENTED_EDGE ( 'NONE', *, *, #10869, .F. ) ;
#7276 = ORIENTED_EDGE ( 'NONE', *, *, #3260, .T. ) ;
#7277 = VECTOR ( 'NONE', #7518, 1000.000000000000000 ) ;
#7278 = VECTOR ( 'NONE', #1501, 1000.000000000000000 ) ;
#7279 = DIRECTION ( 'NONE',  ( 0.000000000000000000, 0.000000000000000000, -1.000000000000000000 ) ) ;
#7280 = CYLINDRICAL_SURFACE ( 'NONE', #12611, 6.800000000000007816 ) ;
#7281 = VERTEX_POINT ( 'NONE', #1713 ) ;
#7282 = CARTESIAN_POINT ( 'NONE',  ( 0.000000000000000000, 114.0000000000000000, -64.00000000000000000 ) ) ;
#7283 = ORIENTED_EDGE ( 'NONE', *, *, #2132, .T. ) ;
#7284 = CARTESIAN_POINT ( 'NONE',  ( 29.33956106112633933, -35.75089393306192420, 53.29999999999999005 ) ) ;
#7285 = DIRECTION ( 'NONE',  ( -0.000000000000000000, -0.000000000000000000, -1.000000000000000000 ) ) ;
#7286 = DIRECTION ( 'NONE',  ( -0.000000000000000000, -0.000000000000000000, -1.000000000000000000 ) ) ;
#7287 = CARTESIAN_POINT ( 'NONE',  ( -45.00000000000001421, 22.14000000000006452, 112.0000000000000000 ) ) ;
#7288 = AXIS2_PLACEMENT_3D ( 'NONE', #8825, #11845, #12773 ) ;
#7289 = DIRECTION ( 'NONE',  ( 0.9907251918498203302, 0.1358808089250893303, 1.527674887594230411E-16 ) ) ;
#7290 = ADVANCED_FACE ( 'NONE', ( #11822 ), #6957, .F. ) ;
#7291 = ORIENTED_EDGE ( 'NONE', *, *, #4108, .T. ) ;
#7292 = CARTESIAN_POINT ( 'NONE',  ( -28.87693130457876478, -39.12398950069061954, 19.59999999999999076 ) ) ;
#7293 = CYLINDRICAL_SURFACE ( 'NONE', #3242, 33.46499999999999631 ) ;
#7294 = ORIENTED_EDGE ( 'NONE', *, *, #12711, .F. ) ;
#7295 = ORIENTED_EDGE ( 'NONE', *, *, #6026, .F. ) ;
#7296 = VECTOR ( 'NONE', #10226, 1000.000000000000000 ) ;
#7297 = CARTESIAN_POINT ( 'NONE',  ( -35.75089393306191710, -29.33956106112634998, 112.0000000000000000 ) ) ;
#7298 = EDGE_CURVE ( 'NONE', #8116, #4062, #1460, .T. ) ;
#7299 = LINE ( 'NONE', #12222, #5000 ) ;
#7300 = EDGE_CURVE ( 'NONE', #11761, #2636, #5849, .T. ) ;
#7301 = EDGE_LOOP ( 'NONE', ( #8220, #2825 ) ) ;
#7302 = CARTESIAN_POINT ( 'NONE',  ( -7.000000000000000000, 8.572527594031473190E-16, -20.00000000000000000 ) ) ;
#7303 = EDGE_LOOP ( 'NONE', ( #7359, #2723, #8597, #11256 ) ) ;
#7304 = ORIENTED_EDGE ( 'NONE', *, *, #5393, .T. ) ;
#7305 = DIRECTION ( 'NONE',  ( -0.000000000000000000, -0.000000000000000000, 1.000000000000000000 ) ) ;
#7306 = DIRECTION ( 'NONE',  ( 0.000000000000000000, 1.000000000000000000, 2.668805347656626678E-16 ) ) ;
#7307 = EDGE_CURVE ( 'NONE', #11935, #12500, #8788, .T. ) ;
#7308 = CIRCLE ( 'NONE', #589, 0.9999999999999940048 ) ;
#7309 = CARTESIAN_POINT ( 'NONE',  ( 45.82640687119277345, -42.42640687119292409, -1.102182119232617788E-16 ) ) ;
#7310 = LINE ( 'NONE', #534, #12949 ) ;
#7311 = EDGE_CURVE ( 'NONE', #1885, #1679, #5915, .T. ) ;
#7312 = CARTESIAN_POINT ( 'NONE',  ( 39.12398950069061243, -28.87693130457877544, 112.0000000000000000 ) ) ;
#7313 = EDGE_CURVE ( 'NONE', #776, #5695, #5981, .T. ) ;
#7314 = CIRCLE ( 'NONE', #8992, 23.50000000000000000 ) ;
#7315 = FACE_OUTER_BOUND ( 'NONE', #4272, .T. ) ;
#7316 = DIRECTION ( 'NONE',  ( -0.000000000000000000, -0.000000000000000000, 1.000000000000000000 ) ) ;
#7317 = EDGE_CURVE ( 'NONE', #2092, #12797, #4584, .T. ) ;
#7318 = ORIENTED_EDGE ( 'NONE', *, *, #4784, .F. ) ;
#7319 = CARTESIAN_POINT ( 'NONE',  ( 45.00000000000000000, 45.00000000000000000, 112.0000000000000000 ) ) ;
#7320 = CARTESIAN_POINT ( 'NONE',  ( -51.50000000000001421, 13.14532928934594835, 55.54749221803535875 ) ) ;
#7321 = EDGE_LOOP ( 'NONE', ( #8307, #1945, #6390, #9598 ) ) ;
#7322 = DIRECTION ( 'NONE',  ( 1.000000000000000000, 0.000000000000000000, 0.000000000000000000 ) ) ;
#7323 = EDGE_LOOP ( 'NONE', ( #1952, #6767 ) ) ;
#7324 = AXIS2_PLACEMENT_3D ( 'NONE', #11694, #6712, #11883 ) ;
#7325 = CARTESIAN_POINT ( 'NONE',  ( 47.25000000001955414, 85.56884280932308684, 6.499999999999996447 ) ) ;
#7326 = AXIS2_PLACEMENT_3D ( 'NONE', #3692, #4917, #12567 ) ;
#7327 = CARTESIAN_POINT ( 'NONE',  ( 38.17640687119307330, 156.4264068711926257, 11.50000000000001066 ) ) ;
#7328 = ORIENTED_EDGE ( 'NONE', *, *, #6294, .F. ) ;
#7329 = CARTESIAN_POINT ( 'NONE',  ( -28.87693130457883939, 39.12398950069048453, 112.0000000000000000 ) ) ;
#7330 = DIRECTION ( 'NONE',  ( 1.541976423090495633E-16, 0.000000000000000000, -1.000000000000000000 ) ) ;
#7331 = ADVANCED_FACE ( 'NONE', ( #9772 ), #11759, .T. ) ;
#7332 = ORIENTED_EDGE ( 'NONE', *, *, #9457, .F. ) ;
#7333 = CIRCLE ( 'NONE', #7120, 7.499999999999985789 ) ;
#7334 = CARTESIAN_POINT ( 'NONE',  ( 0.000000000000000000, 114.0000000000000000, -15.50000000000000355 ) ) ;
#7335 = VECTOR ( 'NONE', #12646, 1000.000000000000000 ) ;
#7336 = EDGE_CURVE ( 'NONE', #10254, #2728, #7111, .T. ) ;
#7337 = EDGE_LOOP ( 'NONE', ( #1396, #1214, #10868 ) ) ;
#7338 = ORIENTED_EDGE ( 'NONE', *, *, #3033, .T. ) ;
#7339 = DIRECTION ( 'NONE',  ( -1.000000000000000000, 0.000000000000000000, 0.000000000000000000 ) ) ;
#7340 = EDGE_LOOP ( 'NONE', ( #6295, #10514, #408, #6452 ) ) ;
#7341 = CARTESIAN_POINT ( 'NONE',  ( 29.33956106112633577, 35.75089393306183894, 112.0000000000000000 ) ) ;
#7342 = DIRECTION ( 'NONE',  ( -1.000000000000000000, 0.000000000000000000, 0.000000000000000000 ) ) ;
#7343 = CARTESIAN_POINT ( 'NONE',  ( -51.50000000000001421, 6.212211885552823887, 70.92824319768931218 ) ) ;
#7344 = DIRECTION ( 'NONE',  ( 0.000000000000000000, 0.000000000000000000, -1.000000000000000000 ) ) ;
#7345 = AXIS2_PLACEMENT_3D ( 'NONE', #9791, #8818, #3812 ) ;
#7346 = EDGE_LOOP ( 'NONE', ( #567, #3874 ) ) ;
#7347 = DIRECTION ( 'NONE',  ( -1.000000000000000000, 0.000000000000000000, 0.000000000000000000 ) ) ;
#7348 = CARTESIAN_POINT ( 'NONE',  ( -45.50000000000006395, 165.9999999999999716, -48.80000000000001137 ) ) ;
#7349 = EDGE_CURVE ( 'NONE', #2868, #8803, #12937, .T. ) ;
#7350 = DIRECTION ( 'NONE',  ( 0.000000000000000000, -1.000000000000000000, 0.000000000000000000 ) ) ;
#7351 = CARTESIAN_POINT ( 'NONE',  ( 35.92640687119283882, -42.42640687119285303, 9.999999999999992895 ) ) ;
#7352 = CC_DESIGN_APPROVAL ( #7132, ( #131 ) ) ;
#7353 = DIRECTION ( 'NONE',  ( -0.9952960783230361264, -0.05006446461284382726, -0.08294133986025309380 ) ) ;
#7354 = AXIS2_PLACEMENT_3D ( 'NONE', #11111, #6121, #9135 ) ;
#7355 = LINE ( 'NONE', #110, #9881 ) ;
#7356 = CARTESIAN_POINT ( 'NONE',  ( -30.57934253055341856, 75.82732598876106067, -72.00000000000001421 ) ) ;
#7357 = ORIENTED_EDGE ( 'NONE', *, *, #560, .F. ) ;
#7358 = DIRECTION ( 'NONE',  ( -1.000000000000000000, -0.000000000000000000, -0.000000000000000000 ) ) ;
#7359 = ORIENTED_EDGE ( 'NONE', *, *, #10375, .T. ) ;
#7360 = CARTESIAN_POINT ( 'NONE',  ( 42.42640687119285303, 46.67640687119287435, 0.000000000000000000 ) ) ;
#7361 = AXIS2_PLACEMENT_3D ( 'NONE', #6418, #12458, #12515 ) ;
#7362 = CARTESIAN_POINT ( 'NONE',  ( -45.00000000000001421, 22.14000000000006452, 112.0000000000000000 ) ) ;
#7363 = VERTEX_POINT ( 'NONE', #8797 ) ;
#7364 = VERTEX_POINT ( 'NONE', #8931 ) ;
#7365 = DIRECTION ( 'NONE',  ( -0.000000000000000000, -0.000000000000000000, 1.000000000000000000 ) ) ;
#7366 = DIRECTION ( 'NONE',  ( -1.000000000000000000, 0.000000000000000000, 5.551115123125781470E-17 ) ) ;
#7367 = EDGE_CURVE ( 'NONE', #3731, #2746, #2745, .T. ) ;
#7368 = EDGE_CURVE ( 'NONE', #11972, #8078, #3923, .T. ) ;
#7369 = EDGE_LOOP ( 'NONE', ( #9986, #2179, #8727, #8106 ) ) ;
#7370 = DIRECTION ( 'NONE',  ( -0.000000000000000000, -0.000000000000000000, 1.000000000000000000 ) ) ;
#7371 = VERTEX_POINT ( 'NONE', #7753 ) ;
#7372 = ORIENTED_EDGE ( 'NONE', *, *, #10426, .T. ) ;
#7373 = AXIS2_PLACEMENT_3D ( 'NONE', #6046, #5254, #8335 ) ;
#7374 = CARTESIAN_POINT ( 'NONE',  ( 4.000000000000000888, 126.4743737317750885, -64.00000000000000000 ) ) ;
#7375 = DIRECTION ( 'NONE',  ( -0.000000000000000000, -0.000000000000000000, 1.000000000000000000 ) ) ;
#7376 = EDGE_CURVE ( 'NONE', #5776, #161, #1870, .T. ) ;
#7377 = DIRECTION ( 'NONE',  ( -0.000000000000000000, -0.000000000000000000, 1.000000000000000000 ) ) ;
#7378 = EDGE_CURVE ( 'NONE', #9421, #10881, #4842, .T. ) ;
#7379 = DIRECTION ( 'NONE',  ( 1.000000000000000000, 0.000000000000000000, 0.000000000000000000 ) ) ;
#7380 = DIRECTION ( 'NONE',  ( 1.000000000000000000, 0.000000000000000000, 0.000000000000000000 ) ) ;
#7381 = AXIS2_PLACEMENT_3D ( 'NONE', #10127, #5137, #4207 ) ;
#7382 = CIRCLE ( 'NONE', #8634, 7.499999999999985789 ) ;
#7383 = PLANE ( 'NONE',  #9781 ) ;
#7384 = CYLINDRICAL_SURFACE ( 'NONE', #4389, 6.800000000000006040 ) ;
#7385 = ADVANCED_FACE ( 'NONE', ( #7815 ), #11526, .T. ) ;
#7386 = ORIENTED_EDGE ( 'NONE', *, *, #4801, .T. ) ;
#7387 = FACE_OUTER_BOUND ( 'NONE', #12990, .T. ) ;
#7388 = CARTESIAN_POINT ( 'NONE',  ( -51.49999999999996447, 6.212211885552763491, 70.92824319768925534 ) ) ;
#7389 = EDGE_LOOP ( 'NONE', ( #2850, #2006, #12517, #7016 ) ) ;
#7390 = EDGE_LOOP ( 'NONE', ( #5214, #8251 ) ) ;
#7391 = AXIS2_PLACEMENT_3D ( 'NONE', #10778, #2685, #6718 ) ;
#7392 = AXIS2_PLACEMENT_3D ( 'NONE', #9622, #630, #8643 ) ;
#7393 = AXIS2_PLACEMENT_3D ( 'NONE', #3845, #7929, #9637 ) ;
#7394 = CARTESIAN_POINT ( 'NONE',  ( -45.50000000000010658, -8.540273170678183590, 68.75831212841544016 ) ) ;
#7395 = EDGE_CURVE ( 'NONE', #7238, #67, #9831, .T. ) ;
#7396 = CARTESIAN_POINT ( 'NONE',  ( -51.49999999999995026, 3.195323443267998442, 72.04676867896056081 ) ) ;
#7397 = ORIENTED_EDGE ( 'NONE', *, *, #10983, .T. ) ;
#7398 = DIRECTION ( 'NONE',  ( -0.000000000000000000, -0.000000000000000000, -1.000000000000000000 ) ) ;
#7399 = CARTESIAN_POINT ( 'NONE',  ( 45.00000000000000000, 45.00000000000000000, 112.0000000000000000 ) ) ;
#7400 = VECTOR ( 'NONE', #6487, 1000.000000000000000 ) ;
#7401 = ORIENTED_EDGE ( 'NONE', *, *, #3916, .T. ) ;
#7402 = CARTESIAN_POINT ( 'NONE',  ( -37.49999999999999289, 114.0000000000000000, -65.49999999999998579 ) ) ;
#7403 = CIRCLE ( 'NONE', #6974, 21.00000000000000355 ) ;
#7404 = ORIENTED_EDGE ( 'NONE', *, *, #9614, .F. ) ;
#7405 = ORIENTED_EDGE ( 'NONE', *, *, #5607, .F. ) ;
#7406 = DIRECTION ( 'NONE',  ( -1.224646799147353207E-16, 1.000000000000000000, 0.000000000000000000 ) ) ;
#7407 = ORIENTED_EDGE ( 'NONE', *, *, #1813, .T. ) ;
#7408 = DIRECTION ( 'NONE',  ( 0.000000000000000000, 0.000000000000000000, -1.000000000000000000 ) ) ;
#7409 = FACE_OUTER_BOUND ( 'NONE', #4629, .T. ) ;
#7410 = FACE_OUTER_BOUND ( 'NONE', #5971, .T. ) ;
#7411 = EDGE_CURVE ( 'NONE', #9716, #4896, #2871, .T. ) ;
#7412 = AXIS2_PLACEMENT_3D ( 'NONE', #11167, #5121, #9319 ) ;
#7413 = FACE_OUTER_BOUND ( 'NONE', #3469, .T. ) ;
#7414 = EDGE_CURVE ( 'NONE', #3390, #3303, #12570, .T. ) ;
#7415 = VERTEX_POINT ( 'NONE', #12746 ) ;
#7416 = CARTESIAN_POINT ( 'NONE',  ( 0.000000000000000000, 114.0000000000000000, 14.20569654897112244 ) ) ;
#7417 = CARTESIAN_POINT ( 'NONE',  ( -51.99999999999998579, -42.49999999999999289, 10.00000000000000000 ) ) ;
#7418 = LINE ( 'NONE', #10571, #1544 ) ;
#7419 = CARTESIAN_POINT ( 'NONE',  ( -52.00000000000005684, 159.4999999999999716, -313.5367466867102166 ) ) ;
#7420 = CYLINDRICAL_SURFACE ( 'NONE', #1100, 34.50000000000000000 ) ;
#7421 = AXIS2_PLACEMENT_3D ( 'NONE', #6094, #5042, #238 ) ;
#7422 = DIRECTION ( 'NONE',  ( 0.000000000000000000, 0.000000000000000000, -1.000000000000000000 ) ) ;
#7423 = DIRECTION ( 'NONE',  ( -1.000000000000000000, 0.000000000000000000, 0.000000000000000000 ) ) ;
#7424 = EDGE_CURVE ( 'NONE', #322, #1695, #6269, .T. ) ;
#7425 = ADVANCED_FACE ( 'NONE', ( #9119 ), #6301, .F. ) ;
#7426 = DIRECTION ( 'NONE',  ( -0.000000000000000000, -0.000000000000000000, 1.000000000000000000 ) ) ;
#7427 = ADVANCED_FACE ( 'NONE', ( #2087 ), #10172, .T. ) ;
#7428 = VECTOR ( 'NONE', #2734, 1000.000000000000000 ) ;
#7429 = VERTEX_POINT ( 'NONE', #12143 ) ;
#7430 = VECTOR ( 'NONE', #705, 1000.000000000000000 ) ;
#7431 = CIRCLE ( 'NONE', #2377, 3.400000000000000355 ) ;
#7432 = FACE_OUTER_BOUND ( 'NONE', #7193, .T. ) ;
#7433 = VERTEX_POINT ( 'NONE', #11160 ) ;
#7434 = CYLINDRICAL_SURFACE ( 'NONE', #9729, 12.69999999999999929 ) ;
#7435 = FACE_OUTER_BOUND ( 'NONE', #3535, .T. ) ;
#7436 = ORIENTED_EDGE ( 'NONE', *, *, #7093, .F. ) ;
#7437 = CARTESIAN_POINT ( 'NONE',  ( -25.79000000000000625, 73.14000000000000057, -69.99999999999998579 ) ) ;
#7438 = ORIENTED_EDGE ( 'NONE', *, *, #11069, .T. ) ;
#7439 = EDGE_LOOP ( 'NONE', ( #12266, #2994, #7013 ) ) ;
#7440 = FACE_OUTER_BOUND ( 'NONE', #12457, .T. ) ;
#7441 = PLANE ( 'NONE',  #11165 ) ;
#7442 = FACE_OUTER_BOUND ( 'NONE', #7321, .T. ) ;
#7443 = EDGE_CURVE ( 'NONE', #4191, #5314, #10105, .T. ) ;
#7444 = FACE_OUTER_BOUND ( 'NONE', #8400, .T. ) ;
#7445 = FACE_OUTER_BOUND ( 'NONE', #6479, .T. ) ;
#7446 = CARTESIAN_POINT ( 'NONE',  ( 36.76999999999996760, 36.77000000000000313, 112.0000000000000000 ) ) ;
#7447 = VECTOR ( 'NONE', #6310, 1000.000000000000000 ) ;
#7448 = DIRECTION ( 'NONE',  ( 0.000000000000000000, 0.000000000000000000, -1.000000000000000000 ) ) ;
#7449 = ORIENTED_EDGE ( 'NONE', *, *, #10186, .F. ) ;
#7450 = EDGE_LOOP ( 'NONE', ( #4770, #230, #5081, #11285 ) ) ;
#7451 = CARTESIAN_POINT ( 'NONE',  ( -26.75000000000000355, 114.0000000000000000, -0.5000000000000038858 ) ) ;
#7452 = CARTESIAN_POINT ( 'NONE',  ( -45.50000000000000000, 7.835433907008120258, 43.41649456813605923 ) ) ;
#7453 = ADVANCED_FACE ( 'NONE', ( #2151 ), #10273, .F. ) ;
#7454 = ORIENTED_EDGE ( 'NONE', *, *, #8407, .F. ) ;
#7455 = FACE_OUTER_BOUND ( 'NONE', #3632, .T. ) ;
#7456 = AXIS2_PLACEMENT_3D ( 'NONE', #7874, #11878, #1646 ) ;
#7457 = ADVANCED_FACE ( 'NONE', ( #108 ), #2916, .F. ) ;
#7458 = DIRECTION ( 'NONE',  ( 0.000000000000000000, 0.000000000000000000, -1.000000000000000000 ) ) ;
#7459 = DIRECTION ( 'NONE',  ( 1.000000000000000000, 0.000000000000000000, 0.000000000000000000 ) ) ;
#7460 = DIRECTION ( 'NONE',  ( 0.000000000000000000, 0.000000000000000000, -1.000000000000000000 ) ) ;
#7461 = DIRECTION ( 'NONE',  ( 0.000000000000000000, 0.000000000000000000, -1.000000000000000000 ) ) ;
#7462 = ORIENTED_EDGE ( 'NONE', *, *, #8991, .T. ) ;
#7463 = FACE_OUTER_BOUND ( 'NONE', #8212, .T. ) ;
#7464 = EDGE_CURVE ( 'NONE', #9634, #5283, #9843, .T. ) ;
#7465 = VECTOR ( 'NONE', #8876, 1000.000000000000000 ) ;
#7466 = EDGE_CURVE ( 'NONE', #8945, #10714, #9181, .T. ) ;
#7467 = EDGE_LOOP ( 'NONE', ( #12725, #4548 ) ) ;
#7468 = CYLINDRICAL_SURFACE ( 'NONE', #5479, 6.800000000000000711 ) ;
#7469 = VERTEX_POINT ( 'NONE', #3991 ) ;
#7470 = DIRECTION ( 'NONE',  ( -0.000000000000000000, -0.000000000000000000, 1.000000000000000000 ) ) ;
#7471 = DIRECTION ( 'NONE',  ( -0.000000000000000000, -0.000000000000000000, 1.000000000000000000 ) ) ;
#7472 = CARTESIAN_POINT ( 'NONE',  ( 42.42640687119283882, -42.42640687119285303, 9.999999999999992895 ) ) ;
#7473 = FACE_OUTER_BOUND ( 'NONE', #2182, .T. ) ;
#7474 = VERTEX_POINT ( 'NONE', #8198 ) ;
#7475 = ORIENTED_EDGE ( 'NONE', *, *, #1962, .T. ) ;
#7476 = DIRECTION ( 'NONE',  ( 0.9907251918498221066, -0.1358808089250767570, 0.000000000000000000 ) ) ;
#7477 = CARTESIAN_POINT ( 'NONE',  ( 0.000000000000000000, 114.0000000000000000, -44.90443948822942843 ) ) ;
#7478 = ADVANCED_FACE ( 'NONE', ( #11226 ), #5176, .F. ) ;
#7479 = AXIS2_PLACEMENT_3D ( 'NONE', #3064, #9172, #169 ) ;
#7480 = EDGE_LOOP ( 'NONE', ( #6253, #9755, #11617, #12777, #1367, #2978, #11034, #8937 ) ) ;
#7481 = DIRECTION ( 'NONE',  ( 0.000000000000000000, -1.000000000000000000, 0.000000000000000000 ) ) ;
#7482 = DIRECTION ( 'NONE',  ( 1.000000000000000000, 0.000000000000000000, 0.000000000000000000 ) ) ;
#7483 = ADVANCED_FACE ( 'NONE', ( #4184 ), #1038, .T. ) ;
#7484 = FACE_OUTER_BOUND ( 'NONE', #9692, .T. ) ;
#7485 = CARTESIAN_POINT ( 'NONE',  ( 28.43660512956202169, 72.00000000000001421, 6.499999999999996447 ) ) ;
#7486 = FACE_OUTER_BOUND ( 'NONE', #9025, .T. ) ;
#7487 = ORIENTED_EDGE ( 'NONE', *, *, #4109, .T. ) ;
#7488 = DIRECTION ( 'NONE',  ( 1.000000000000000000, 0.000000000000000000, 0.000000000000000000 ) ) ;
#7489 = EDGE_LOOP ( 'NONE', ( #2333, #4839, #5831, #4830 ) ) ;
#7490 = VECTOR ( 'NONE', #6157, 1000.000000000000000 ) ;
#7491 = AXIS2_PLACEMENT_3D ( 'NONE', #2630, #4480, #406 ) ;
#7492 = ORIENTED_EDGE ( 'NONE', *, *, #11291, .F. ) ;
#7493 = FACE_OUTER_BOUND ( 'NONE', #9515, .T. ) ;
#7494 = DIRECTION ( 'NONE',  ( -0.000000000000000000, -0.000000000000000000, 1.000000000000000000 ) ) ;
#7495 = ADVANCED_FACE ( 'NONE', ( #8269 ), #2211, .T. ) ;
#7496 = EDGE_LOOP ( 'NONE', ( #3347, #4820, #3203, #1206 ) ) ;
#7497 = CIRCLE ( 'NONE', #10429, 47.00000000000000000 ) ;
#7498 = CARTESIAN_POINT ( 'NONE',  ( 38.19999999999997442, 22.14000000000005031, 112.0000000000000000 ) ) ;
#7499 = AXIS2_PLACEMENT_3D ( 'NONE', #5206, #11116, #1134 ) ;
#7500 = VERTEX_POINT ( 'NONE', #1244 ) ;
#7501 = DIRECTION ( 'NONE',  ( -0.000000000000000000, -0.000000000000000000, 1.000000000000000000 ) ) ;
#7502 = DIRECTION ( 'NONE',  ( 0.000000000000000000, -0.000000000000000000, -1.000000000000000000 ) ) ;
#7503 = AXIS2_PLACEMENT_3D ( 'NONE', #4497, #12511, #3511 ) ;
#7504 = CARTESIAN_POINT ( 'NONE',  ( 42.50000000000000711, -51.99999999999997868, 10.00000000000000000 ) ) ;
#7505 = DIRECTION ( 'NONE',  ( 1.000000000000000000, 0.000000000000000000, 0.000000000000000000 ) ) ;
#7506 = AXIS2_PLACEMENT_3D ( 'NONE', #2049, #7110, #6128 ) ;
#7507 = CIRCLE ( 'NONE', #7479, 0.9999999999999904521 ) ;
#7508 = FACE_OUTER_BOUND ( 'NONE', #8766, .T. ) ;
#7509 = CARTESIAN_POINT ( 'NONE',  ( -38.20000000000000995, 22.13999999999996859, 73.39999999999997726 ) ) ;
#7510 = FACE_OUTER_BOUND ( 'NONE', #3718, .T. ) ;
#7511 = ORIENTED_EDGE ( 'NONE', *, *, #2016, .F. ) ;
#7512 = LINE ( 'NONE', #11652, #11932 ) ;
#7513 = DIRECTION ( 'NONE',  ( -1.000000000000000000, 0.000000000000000000, 0.000000000000000000 ) ) ;
#7514 = ORIENTED_EDGE ( 'NONE', *, *, #7718, .T. ) ;
#7515 = AXIS2_PLACEMENT_3D ( 'NONE', #7826, #1846, #12887 ) ;
#7516 = CARTESIAN_POINT ( 'NONE',  ( -20.00000000000000000, 114.0000000000000000, -77.99999999999998579 ) ) ;
#7517 = ADVANCED_FACE ( 'NONE', ( #246 ), #5249, .T. ) ;
#7518 = DIRECTION ( 'NONE',  ( -0.9969818334972897489, -0.04011940793085318202, 0.06646545556648511544 ) ) ;
#7519 = CARTESIAN_POINT ( 'NONE',  ( -36.76999999999997470, -36.77000000000001023, 112.0000000000000000 ) ) ;
#7520 = CARTESIAN_POINT ( 'NONE',  ( 35.75089393306190999, 29.33956106112633933, 10.00000000000000000 ) ) ;
#7521 = ORIENTED_EDGE ( 'NONE', *, *, #6149, .F. ) ;
#7522 = DIRECTION ( 'NONE',  ( -0.000000000000000000, -0.000000000000000000, 1.000000000000000000 ) ) ;
#7523 = EDGE_CURVE ( 'NONE', #2636, #5340, #10300, .T. ) ;
#7524 = EDGE_CURVE ( 'NONE', #9825, #2743, #11737, .T. ) ;
#7525 = EDGE_CURVE ( 'NONE', #12218, #8421, #5018, .T. ) ;
#7526 = ORIENTED_EDGE ( 'NONE', *, *, #650, .F. ) ;
#7527 = CARTESIAN_POINT ( 'NONE',  ( 35.75089393306190999, 29.33956106112634643, 112.0000000000000000 ) ) ;
#7528 = EDGE_LOOP ( 'NONE', ( #6752, #4146 ) ) ;
#7529 = AXIS2_PLACEMENT_3D ( 'NONE', #8286, #9266, #10122 ) ;
#7530 = AXIS2_PLACEMENT_3D ( 'NONE', #12372, #7251, #2244 ) ;
#7531 = ORIENTED_EDGE ( 'NONE', *, *, #11977, .T. ) ;
#7532 = ORIENTED_EDGE ( 'NONE', *, *, #9776, .T. ) ;
#7533 = PLANE ( 'NONE',  #12209 ) ;
#7534 = DIRECTION ( 'NONE',  ( -0.000000000000000000, -0.000000000000000000, 1.000000000000000000 ) ) ;
#7535 = DIRECTION ( 'NONE',  ( 0.000000000000000000, 0.000000000000000000, -1.000000000000000000 ) ) ;
#7536 = CARTESIAN_POINT ( 'NONE',  ( -39.12398950069061243, 28.87693130457876123, 53.29999999999997584 ) ) ;
#7537 = CC_DESIGN_PERSON_AND_ORGANIZATION_ASSIGNMENT ( #3641, #5495, ( #131 ) ) ;
#7538 = EDGE_CURVE ( 'NONE', #82, #6602, #3961, .T. ) ;
#7539 = ORIENTED_EDGE ( 'NONE', *, *, #12130, .T. ) ;
#7540 = AXIS2_PLACEMENT_3D ( 'NONE', #4038, #2011, #8053 ) ;
#7541 = DIRECTION ( 'NONE',  ( 0.000000000000000000, 0.000000000000000000, -1.000000000000000000 ) ) ;
#7542 = LINE ( 'NONE', #7796, #1562 ) ;
#7543 = ORIENTED_EDGE ( 'NONE', *, *, #6372, .F. ) ;
#7544 = DIRECTION ( 'NONE',  ( -0.000000000000000000, -0.000000000000000000, 1.000000000000000000 ) ) ;
#7545 = CIRCLE ( 'NONE', #4794, 9.000000000000007105 ) ;
#7546 = LINE ( 'NONE', #11426, #7959 ) ;
#7547 = DIRECTION ( 'NONE',  ( 0.000000000000000000, 0.000000000000000000, -1.000000000000000000 ) ) ;
#7548 = DIRECTION ( 'NONE',  ( 1.000000000000000000, 0.000000000000000000, 0.000000000000000000 ) ) ;
#7549 = EDGE_LOOP ( 'NONE', ( #5815, #11340, #5, #10085 ) ) ;
#7550 = CARTESIAN_POINT ( 'NONE',  ( 28.08750000000000568, 114.0000000000000000, -63.50000000000000000 ) ) ;
#7551 = EDGE_LOOP ( 'NONE', ( #4649, #3522 ) ) ;
#7552 = AXIS2_PLACEMENT_3D ( 'NONE', #1997, #12112, #11915 ) ;
#7553 = AXIS2_PLACEMENT_3D ( 'NONE', #12965, #3955, #10863 ) ;
#7554 = DIRECTION ( 'NONE',  ( -0.000000000000000000, -0.000000000000000000, 1.000000000000000000 ) ) ;
#7555 = ORIENTED_EDGE ( 'NONE', *, *, #9533, .T. ) ;
#7556 = EDGE_CURVE ( 'NONE', #1587, #12459, #511, .T. ) ;
#7557 = AXIS2_PLACEMENT_3D ( 'NONE', #5608, #6464, #3365 ) ;
#7558 = LINE ( 'NONE', #8477, #8705 ) ;
#7559 = ORIENTED_EDGE ( 'NONE', *, *, #2973, .T. ) ;
#7560 = VERTEX_POINT ( 'NONE', #4513 ) ;
#7561 = CIRCLE ( 'NONE', #9227, 4.999999999999984013 ) ;
#7562 = DIRECTION ( 'NONE',  ( -0.000000000000000000, -0.000000000000000000, 1.000000000000000000 ) ) ;
#7563 = CARTESIAN_POINT ( 'NONE',  ( 45.00000000000001421, -22.14000000000008583, 112.0000000000000000 ) ) ;
#7564 = ORIENTED_EDGE ( 'NONE', *, *, #10094, .F. ) ;
#7565 = DIRECTION ( 'NONE',  ( 0.000000000000000000, 0.000000000000000000, -1.000000000000000000 ) ) ;
#7566 = ORIENTED_EDGE ( 'NONE', *, *, #1051, .F. ) ;
#7567 = ORIENTED_EDGE ( 'NONE', *, *, #12347, .T. ) ;
#7568 = DIRECTION ( 'NONE',  ( 0.000000000000000000, 0.000000000000000000, -1.000000000000000000 ) ) ;
#7569 = DIRECTION ( 'NONE',  ( -1.541976423090495633E-16, -0.000000000000000000, 1.000000000000000000 ) ) ;
#7570 = CARTESIAN_POINT ( 'NONE',  ( -23.50000000000000000, 114.0000000000000000, -15.50000000000000355 ) ) ;
#7571 = ADVANCED_FACE ( 'NONE', ( #6368 ), #613, .F. ) ;
#7572 = DIRECTION ( 'NONE',  ( -0.000000000000000000, -0.000000000000000000, 1.000000000000000000 ) ) ;
#7573 = CARTESIAN_POINT ( 'NONE',  ( -20.00000000000000000, 114.0000000000000000, 0.5000000000000004441 ) ) ;
#7574 = VECTOR ( 'NONE', #372, 1000.000000000000000 ) ;
#7575 = CYLINDRICAL_SURFACE ( 'NONE', #8080, 33.46499999999999631 ) ;
#7576 = DIRECTION ( 'NONE',  ( 0.000000000000000000, 0.000000000000000000, 1.000000000000000000 ) ) ;
#7577 = EDGE_LOOP ( 'NONE', ( #11110, #8639 ) ) ;
#7579 = ORIENTED_EDGE ( 'NONE', *, *, #934, .T. ) ;
#7578 = VECTOR ( 'NONE', #8070, 1000.000000000000000 ) ;
#7580 = VECTOR ( 'NONE', #1010, 1000.000000000000000 ) ;
#7581 = CARTESIAN_POINT ( 'NONE',  ( -22.13999999999997925, -38.20000000000001705, 112.0000000000000000 ) ) ;
#7582 = LINE ( 'NONE', #10470, #833 ) ;
#7583 = VERTEX_POINT ( 'NONE', #5582 ) ;
#7584 = CARTESIAN_POINT ( 'NONE',  ( -45.50000000000014211, -11.38971035409372767, 65.13014328713758516 ) ) ;
#7585 = EDGE_CURVE ( 'NONE', #11946, #12984, #9439, .T. ) ;
#7586 = CARTESIAN_POINT ( 'NONE',  ( -51.50000000000000711, -12.81007243446770438, 54.53947840943258996 ) ) ;
#7587 = AXIS2_PLACEMENT_3D ( 'NONE', #9103, #92, #5297 ) ;
#7588 = CALENDAR_DATE ( 2022, 13, 6 ) ;
#7589 = CARTESIAN_POINT ( 'NONE',  ( -4.000000000000000888, 125.8427192823270104, -79.00000000000000000 ) ) ;
#7590 = CARTESIAN_POINT ( 'NONE',  ( 0.000000000000000000, 114.0000000000000000, -77.99999999999998579 ) ) ;
#7591 = ORIENTED_EDGE ( 'NONE', *, *, #2707, .T. ) ;
#7592 = DIRECTION ( 'NONE',  ( -0.9907251918498203302, -0.1358808089250893303, -1.145756165695672870E-16 ) ) ;
#7593 = ORIENTED_EDGE ( 'NONE', *, *, #4563, .T. ) ;
#7594 = DIRECTION ( 'NONE',  ( 0.000000000000000000, 0.000000000000000000, 1.000000000000000000 ) ) ;
#7595 = ORIENTED_EDGE ( 'NONE', *, *, #1449, .F. ) ;
#7596 = AXIS2_PLACEMENT_3D ( 'NONE', #5890, #1808, #10806 ) ;
#7597 = ORIENTED_EDGE ( 'NONE', *, *, #6828, .F. ) ;
#7598 = CARTESIAN_POINT ( 'NONE',  ( 0.000000000000000000, 0.000000000000000000, -52.95891286372533813 ) ) ;
#7599 = CARTESIAN_POINT ( 'NONE',  ( 0.000000000000000000, 114.0000000000000000, -79.00000000000000000 ) ) ;
#7600 = CYLINDRICAL_SURFACE ( 'NONE', #7268, 21.00000000000000355 ) ;
#7601 = EDGE_CURVE ( 'NONE', #6938, #10156, #4178, .T. ) ;
#7602 = EDGE_CURVE ( 'NONE', #1587, #1399, #7546, .T. ) ;
#7603 = AXIS2_PLACEMENT_3D ( 'NONE', #2334, #4370, #12325 ) ;
#7604 = VECTOR ( 'NONE', #12627, 1000.000000000000000 ) ;
#7605 = VECTOR ( 'NONE', #11678, 1000.000000000000000 ) ;
#7606 = DIRECTION ( 'NONE',  ( -0.000000000000000000, -0.000000000000000000, -1.000000000000000000 ) ) ;
#7607 = DIRECTION ( 'NONE',  ( -1.000000000000000000, -2.775557561562917857E-14, 0.000000000000000000 ) ) ;
#7608 = ORIENTED_EDGE ( 'NONE', *, *, #7872, .T. ) ;
#7609 = ORIENTED_EDGE ( 'NONE', *, *, #2002, .F. ) ;
#7610 = DIRECTION ( 'NONE',  ( -0.9907251918498221066, 0.1358808089250767570, 0.000000000000000000 ) ) ;
#7611 = FACE_OUTER_BOUND ( 'NONE', #5199, .T. ) ;
#7612 = LINE ( 'NONE', #576, #12436 ) ;
#7613 = EDGE_CURVE ( 'NONE', #3791, #10821, #11491, .T. ) ;
#7614 = ORIENTED_EDGE ( 'NONE', *, *, #9991, .T. ) ;
#7615 = VERTEX_POINT ( 'NONE', #8467 ) ;
#7616 = CARTESIAN_POINT ( 'NONE',  ( -28.28999999999999915, 154.8599999999999852, -2.000000000000004441 ) ) ;
#7617 = VECTOR ( 'NONE', #4707, 1000.000000000000000 ) ;
#7618 = EDGE_LOOP ( 'NONE', ( #4607, #8515, #885, #1557 ) ) ;
#7619 = DIRECTION ( 'NONE',  ( 0.000000000000000000, 0.000000000000000000, 1.000000000000000000 ) ) ;
#7620 = ORIENTED_EDGE ( 'NONE', *, *, #6663, .T. ) ;
#7621 = ADVANCED_FACE ( 'NONE', ( #7611 ), #1504, .T. ) ;
#7622 = DIRECTION ( 'NONE',  ( -0.000000000000000000, -0.000000000000000000, 1.000000000000000000 ) ) ;
#7623 = AXIS2_PLACEMENT_3D ( 'NONE', #7223, #13009, #8135 ) ;
#7624 = CARTESIAN_POINT ( 'NONE',  ( 39.12398950069049164, 28.87693130457883584, 19.60000000000000497 ) ) ;
#7625 = EDGE_LOOP ( 'NONE', ( #3323, #5100 ) ) ;
#7626 = CIRCLE ( 'NONE', #12445, 5.000000000000000000 ) ;
#7627 = CARTESIAN_POINT ( 'NONE',  ( 35.75089393306190999, 29.33956106112633933, 112.0000000000000000 ) ) ;
#7628 = CARTESIAN_POINT ( 'NONE',  ( 0.000000000000000000, 114.0000000000000000, 14.20569654897112244 ) ) ;
#7629 = EDGE_LOOP ( 'NONE', ( #11243, #529, #4559, #2538 ) ) ;
#7630 = CYLINDRICAL_SURFACE ( 'NONE', #1049, 12.50000000000000000 ) ;
#7631 = EDGE_CURVE ( 'NONE', #9905, #10091, #10690, .T. ) ;
#7632 = ADVANCED_FACE ( 'NONE', ( #12474 ), #8594, .T. ) ;
#7633 = EDGE_LOOP ( 'NONE', ( #10619, #6579, #10831 ) ) ;
#7634 = ORIENTED_EDGE ( 'NONE', *, *, #3978, .F. ) ;
#7635 = CIRCLE ( 'NONE', #9719, 12.09807621135335154 ) ;
#7636 = CARTESIAN_POINT ( 'NONE',  ( -52.00000000000005684, 165.9999999999999716, -313.5367466867102166 ) ) ;
#7637 = PLANE ( 'NONE',  #5731 ) ;
#7638 = VECTOR ( 'NONE', #7481, 1000.000000000000000 ) ;
#7639 = FACE_OUTER_BOUND ( 'NONE', #9928, .T. ) ;
#7640 = LINE ( 'NONE', #11387, #3567 ) ;
#7641 = AXIS2_PLACEMENT_3D ( 'NONE', #6230, #7155, #4190 ) ;
#7642 = DIRECTION ( 'NONE',  ( 1.000000000000000000, 0.000000000000000000, 0.000000000000000000 ) ) ;
#7643 = CARTESIAN_POINT ( 'NONE',  ( 0.000000000000000000, 0.000000000000000000, -2.299999999999999822 ) ) ;
#7644 = CIRCLE ( 'NONE', #923, 7.499999999999985789 ) ;
#7645 = VERTEX_POINT ( 'NONE', #6503 ) ;
#7646 = ORIENTED_EDGE ( 'NONE', *, *, #4539, .F. ) ;
#7647 = VECTOR ( 'NONE', #11609, 1000.000000000000000 ) ;
#7648 = DIRECTION ( 'NONE',  ( 1.000000000000000000, 0.000000000000000000, 0.000000000000000000 ) ) ;
#7649 = DIRECTION ( 'NONE',  ( -1.000000000000000000, 0.000000000000000000, -0.000000000000000000 ) ) ;
#7650 = ADVANCED_FACE ( 'NONE', ( #10572 ), #9507, .T. ) ;
#7651 = ORIENTED_EDGE ( 'NONE', *, *, #4100, .T. ) ;
#7652 = EDGE_CURVE ( 'NONE', #8985, #3813, #7333, .T. ) ;
#7653 = DIRECTION ( 'NONE',  ( -1.000000000000000000, 0.000000000000000000, 0.000000000000000000 ) ) ;
#7654 = VECTOR ( 'NONE', #1899, 1000.000000000000000 ) ;
#7655 = EDGE_CURVE ( 'NONE', #2940, #12972, #12338, .T. ) ;
#7656 = CARTESIAN_POINT ( 'NONE',  ( -51.50000000000011369, 13.47060853663944968, 60.85407270809594849 ) ) ;
#7657 = DIRECTION ( 'NONE',  ( -1.000000000000000000, 0.000000000000000000, 0.000000000000000000 ) ) ;
#7658 = LINE ( 'NONE', #9676, #4789 ) ;
#7659 = EDGE_CURVE ( 'NONE', #1836, #5016, #3334, .T. ) ;
#7660 = ORIENTED_EDGE ( 'NONE', *, *, #1591, .F. ) ;
#7661 = CARTESIAN_POINT ( 'NONE',  ( 39.02640687119277629, -42.42640687119292409, -18.00000000000000355 ) ) ;
#7662 = EDGE_CURVE ( 'NONE', #10433, #3673, #9314, .T. ) ;
#7663 = ORIENTED_EDGE ( 'NONE', *, *, #2514, .F. ) ;
#7664 = PLANE ( 'NONE',  #8826 ) ;
#7665 = VERTEX_POINT ( 'NONE', #2346 ) ;
#7666 = AXIS2_PLACEMENT_3D ( 'NONE', #2806, #2676, #1710 ) ;
#7667 = CARTESIAN_POINT ( 'NONE',  ( -4.000000000000000888, 129.8000000000000114, -79.00000000000000000 ) ) ;
#7668 = CARTESIAN_POINT ( 'NONE',  ( -51.50000000000000711, -12.37139580705811426, 53.22051328909001455 ) ) ;
#7669 = CARTESIAN_POINT ( 'NONE',  ( 39.12398950069061243, -28.87693130457877189, 19.60000000000000497 ) ) ;
#7670 = VERTEX_POINT ( 'NONE', #10374 ) ;
#7671 = ORIENTED_EDGE ( 'NONE', *, *, #3810, .F. ) ;
#7672 = DIRECTION ( 'NONE',  ( 1.000000000000000000, 0.000000000000000000, 0.000000000000000000 ) ) ;
#7673 = DIRECTION ( 'NONE',  ( -0.9907251918498221066, 0.1358808089250767570, 0.000000000000000000 ) ) ;
#7674 = VERTEX_POINT ( 'NONE', #5383 ) ;
#7675 = ORIENTED_EDGE ( 'NONE', *, *, #11024, .T. ) ;
#7676 = FACE_OUTER_BOUND ( 'NONE', #2419, .T. ) ;
#7677 = FACE_OUTER_BOUND ( 'NONE', #656, .T. ) ;
#7678 = ORIENTED_EDGE ( 'NONE', *, *, #264, .F. ) ;
#7679 = ORIENTED_EDGE ( 'NONE', *, *, #8202, .T. ) ;
#7680 = ORIENTED_EDGE ( 'NONE', *, *, #12849, .F. ) ;
#7681 = LINE ( 'NONE', #6759, #7224 ) ;
#7682 = ORIENTED_EDGE ( 'NONE', *, *, #701, .T. ) ;
#7683 = VECTOR ( 'NONE', #10723, 1000.000000000000000 ) ;
#7684 = FACE_BOUND ( 'NONE', #9645, .T. ) ;
#7685 = VERTEX_POINT ( 'NONE', #9375 ) ;
#7686 = CARTESIAN_POINT ( 'NONE',  ( 28.28999999999999915, 73.14000000000001478, -2.000000000000004441 ) ) ;
#7687 = CARTESIAN_POINT ( 'NONE',  ( 21.34577862884840016, 158.1062097071171877, 62.93607486307095655 ) ) ;
#7688 = EDGE_LOOP ( 'NONE', ( #3223, #11901, #2856, #1082 ) ) ;
#7689 = ORIENTED_EDGE ( 'NONE', *, *, #12233, .F. ) ;
#7690 = DIRECTION ( 'NONE',  ( 0.000000000000000000, -1.000000000000000000, 0.000000000000000000 ) ) ;
#7691 = AXIS2_PLACEMENT_3D ( 'NONE', #10518, #7365, #4589 ) ;
#7692 = CARTESIAN_POINT ( 'NONE',  ( 0.000000000000000000, 114.0000000000000000, -66.32679491924312742 ) ) ;
#7693 = ORIENTED_EDGE ( 'NONE', *, *, #2001, .T. ) ;
#7694 = CARTESIAN_POINT ( 'NONE',  ( 45.50000000000002842, 61.99999999999999289, 11.50000000000001066 ) ) ;
#7695 = EDGE_CURVE ( 'NONE', #7583, #2266, #3406, .T. ) ;
#7696 = VERTEX_POINT ( 'NONE', #1865 ) ;
#7697 = CARTESIAN_POINT ( 'NONE',  ( 45.00000000000000000, 45.00000000000000000, 112.0000000000000000 ) ) ;
#7698 = AXIS2_PLACEMENT_3D ( 'NONE', #2983, #7002, #1811 ) ;
#7699 = CARTESIAN_POINT ( 'NONE',  ( -46.67640687119308041, 71.57359312880737434, -72.00000000000001421 ) ) ;
#7700 = CARTESIAN_POINT ( 'NONE',  ( 22.14000000000004320, -44.99999999999999289, 112.0000000000000000 ) ) ;
#7701 = CARTESIAN_POINT ( 'NONE',  ( -57.49999999999997868, 0.000000000000000000, 58.79999999999997584 ) ) ;
#7702 = ADVANCED_FACE ( 'NONE', ( #6860 ), #5947, .T. ) ;
#7703 = ADVANCED_FACE ( 'NONE', ( #7907 ), #6008, .T. ) ;
#7704 = CARTESIAN_POINT ( 'NONE',  ( 28.08750000000000213, 114.0000000000000000, -44.90443948822942843 ) ) ;
#7705 = AXIS2_PLACEMENT_3D ( 'NONE', #2706, #12769, #935 ) ;
#7706 = CARTESIAN_POINT ( 'NONE',  ( -35.75089393306191710, -29.33956106112635354, 112.0000000000000000 ) ) ;
#7707 = VECTOR ( 'NONE', #348, 1000.000000000000000 ) ;
#7708 = DIRECTION ( 'NONE',  ( -1.541976423090495633E-16, -0.000000000000000000, 1.000000000000000000 ) ) ;
#7709 = EDGE_LOOP ( 'NONE', ( #6273, #12093 ) ) ;
#7710 = CARTESIAN_POINT ( 'NONE',  ( 12.50000000000000000, 114.0000000000000000, 9.499999999999994671 ) ) ;
#7711 = DIRECTION ( 'NONE',  ( 1.000000000000000000, 0.000000000000000000, 0.000000000000000000 ) ) ;
#7712 = CIRCLE ( 'NONE', #5408, 22.50000000000000355 ) ;
#7713 = EDGE_LOOP ( 'NONE', ( #10278, #11537, #1114 ) ) ;
#7714 = AXIS2_PLACEMENT_3D ( 'NONE', #8492, #5545, #1594 ) ;
#7715 = CIRCLE ( 'NONE', #8557, 20.00000000000000000 ) ;
#7716 = CARTESIAN_POINT ( 'NONE',  ( -39.12398950069062664, 28.87693130457875412, 73.39999999999997726 ) ) ;
#7717 = CARTESIAN_POINT ( 'NONE',  ( -47.25000000001955414, -291415.8694450773764, 6.499999999999996447 ) ) ;
#7718 = EDGE_CURVE ( 'NONE', #11879, #12839, #942, .T. ) ;
#7719 = VECTOR ( 'NONE', #11017, 1000.000000000000000 ) ;
#7720 = DIRECTION ( 'NONE',  ( -0.000000000000000000, -0.000000000000000000, -1.000000000000000000 ) ) ;
#7721 = DIRECTION ( 'NONE',  ( 0.000000000000000000, 0.000000000000000000, -1.000000000000000000 ) ) ;
#7722 = AXIS2_PLACEMENT_3D ( 'NONE', #4046, #236, #1095 ) ;
#7723 = ORIENTED_EDGE ( 'NONE', *, *, #2098, .T. ) ;
#7724 = CARTESIAN_POINT ( 'NONE',  ( -42.42640687119281040, -46.67640687119281750, 0.000000000000000000 ) ) ;
#7725 = ORIENTED_EDGE ( 'NONE', *, *, #5794, .T. ) ;
#7726 = CARTESIAN_POINT ( 'NONE',  ( 0.000000000000000000, 0.000000000000000000, -20.00000000000000000 ) ) ;
#7727 = DESIGN_CONTEXT ( 'detailed design', #5897, 'design' ) ;
#7728 = CARTESIAN_POINT ( 'NONE',  ( 42.25000000000000000, 85.56884280931819831, 11.49999999999999645 ) ) ;
#7729 = DIRECTION ( 'NONE',  ( 0.000000000000000000, 0.000000000000000000, -1.000000000000000000 ) ) ;
#7730 = CARTESIAN_POINT ( 'NONE',  ( 0.000000000000000000, 114.0000000000000000, 14.20569654897112244 ) ) ;
#7731 = ADVANCED_FACE ( 'NONE', ( #8038 ), #2082, .T. ) ;
#7732 = ORIENTED_EDGE ( 'NONE', *, *, #7613, .F. ) ;
#7733 = LINE ( 'NONE', #11739, #11465 ) ;
#7734 = ORIENTED_EDGE ( 'NONE', *, *, #3210, .F. ) ;
#7735 = LINE ( 'NONE', #8714, #9574 ) ;
#7736 = ORIENTED_EDGE ( 'NONE', *, *, #1753, .T. ) ;
#7737 = ORIENTED_EDGE ( 'NONE', *, *, #4441, .F. ) ;
#7738 = AXIS2_PLACEMENT_3D ( 'NONE', #7830, #10788, #2762 ) ;
#7739 = CARTESIAN_POINT ( 'NONE',  ( 0.000000000000000000, 114.0000000000000000, -35.67320508075688679 ) ) ;
#7740 = VECTOR ( 'NONE', #608, 1000.000000000000000 ) ;
#7741 = DIRECTION ( 'NONE',  ( -1.000000000000000000, 0.000000000000000000, 0.000000000000000000 ) ) ;
#7742 = ORIENTED_EDGE ( 'NONE', *, *, #9945, .T. ) ;
#7743 = DIRECTION ( 'NONE',  ( 0.000000000000000000, 0.000000000000000000, 1.000000000000000000 ) ) ;
#7744 = CARTESIAN_POINT ( 'NONE',  ( 0.000000000000000000, 148.5000000000000284, -49.50000000000000711 ) ) ;
#7745 = ORIENTED_EDGE ( 'NONE', *, *, #1351, .F. ) ;
#7746 = AXIS2_PLACEMENT_3D ( 'NONE', #2646, #683, #8507 ) ;
#7747 = CIRCLE ( 'NONE', #2271, 33.46500000000000341 ) ;
#7748 = EDGE_CURVE ( 'NONE', #11362, #5913, #3886, .T. ) ;
#7749 = DIRECTION ( 'NONE',  ( 0.000000000000000000, 1.000000000000000000, 0.000000000000000000 ) ) ;
#7750 = ORIENTED_EDGE ( 'NONE', *, *, #7655, .T. ) ;
#7751 = ORIENTED_EDGE ( 'NONE', *, *, #12918, .T. ) ;
#7752 = DIRECTION ( 'NONE',  ( -1.000000000000000000, 0.000000000000000000, 0.000000000000000000 ) ) ;
#7753 = CARTESIAN_POINT ( 'NONE',  ( 47.24999999999998579, 142.4311571906855534, 11.49999999999999645 ) ) ;
#7754 = ORIENTED_EDGE ( 'NONE', *, *, #8932, .F. ) ;
#7755 = AXIS2_PLACEMENT_3D ( 'NONE', #4023, #79, #10933 ) ;
#7756 = CARTESIAN_POINT ( 'NONE',  ( -38.19999999999998153, -22.14000000000005386, 112.0000000000000000 ) ) ;
#7757 = VECTOR ( 'NONE', #10199, 1000.000000000000000 ) ;
#7758 = CARTESIAN_POINT ( 'NONE',  ( -35.92640687119284593, 42.42640687119283172, 9.999999999999992895 ) ) ;
#7759 = ORIENTED_EDGE ( 'NONE', *, *, #1962, .F. ) ;
#7760 = DIRECTION ( 'NONE',  ( 1.000000000000000000, 0.000000000000000000, 0.000000000000000000 ) ) ;
#7761 = LINE ( 'NONE', #10045, #1317 ) ;
#7762 = DIRECTION ( 'NONE',  ( -0.000000000000000000, -0.000000000000000000, 1.000000000000000000 ) ) ;
#7763 = AXIS2_PLACEMENT_3D ( 'NONE', #1921, #10987, #5001 ) ;
#7764 = ADVANCED_FACE ( 'NONE', ( #12905 ), #8097, .T. ) ;
#7765 = PLANE ( 'NONE',  #4421 ) ;
#7766 = DIRECTION ( 'NONE',  ( 1.224646799147353207E-16, 1.000000000000000000, 0.000000000000000000 ) ) ;
#7767 = DIRECTION ( 'NONE',  ( 0.000000000000000000, 0.000000000000000000, -1.000000000000000000 ) ) ;
#7768 = VERTEX_POINT ( 'NONE', #12841 ) ;
#7769 = EDGE_CURVE ( 'NONE', #1060, #8994, #5240, .T. ) ;
#7770 = ORIENTED_EDGE ( 'NONE', *, *, #2353, .T. ) ;
#7771 = DIRECTION ( 'NONE',  ( -0.000000000000000000, 0.000000000000000000, -1.000000000000000000 ) ) ;
#7772 = ORIENTED_EDGE ( 'NONE', *, *, #3966, .T. ) ;
#7773 = EDGE_CURVE ( 'NONE', #2854, #8100, #191, .T. ) ;
#7774 = PRODUCT_DEFINITION_FORMATION_WITH_SPECIFIED_SOURCE ( 'ANY', '', #5061, .NOT_KNOWN. ) ;
#7775 = CIRCLE ( 'NONE', #11756, 4.500000000000017764 ) ;
#7776 = LINE ( 'NONE', #12897, #4455 ) ;
#7777 = ADVANCED_FACE ( 'NONE', ( #9089 ), #9940, .T. ) ;
#7778 = DIRECTION ( 'NONE',  ( -0.000000000000000000, -0.000000000000000000, -1.000000000000000000 ) ) ;
#7779 = FACE_OUTER_BOUND ( 'NONE', #11798, .T. ) ;
#7780 = EDGE_CURVE ( 'NONE', #208, #4843, #9876, .T. ) ;
#7781 = CARTESIAN_POINT ( 'NONE',  ( -28.87693130457876478, -39.12398950069062664, 73.39999999999999147 ) ) ;
#7782 = CIRCLE ( 'NONE', #2106, 26.75000000000000000 ) ;
#7783 = CARTESIAN_POINT ( 'NONE',  ( 0.000000000000000000, 148.5000000000000284, -51.50000000000000711 ) ) ;
#7784 = VERTEX_POINT ( 'NONE', #5015 ) ;
#7785 = CYLINDRICAL_SURFACE ( 'NONE', #10213, 22.39999999999999858 ) ;
#7786 = VERTEX_POINT ( 'NONE', #3102 ) ;
#7787 = CARTESIAN_POINT ( 'NONE',  ( 39.12398950069061243, -28.87693130457877189, 10.00000000000000000 ) ) ;
#7788 = EDGE_CURVE ( 'NONE', #1746, #380, #5666, .T. ) ;
#7789 = FACE_OUTER_BOUND ( 'NONE', #12914, .T. ) ;
#7790 = VECTOR ( 'NONE', #10903, 1000.000000000000000 ) ;
#7791 = DIRECTION ( 'NONE',  ( -0.000000000000000000, 0.000000000000000000, -1.000000000000000000 ) ) ;
#7792 = DIRECTION ( 'NONE',  ( -0.000000000000000000, -0.000000000000000000, 1.000000000000000000 ) ) ;
#7793 = ORIENTED_EDGE ( 'NONE', *, *, #5606, .F. ) ;
#7794 = VERTEX_POINT ( 'NONE', #2903 ) ;
#7795 = CARTESIAN_POINT ( 'NONE',  ( -44.99999999999998579, -22.14000000000005386, 112.0000000000000000 ) ) ;
#7796 = CARTESIAN_POINT ( 'NONE',  ( 28.87693130457876123, 39.12398950069061243, 112.0000000000000000 ) ) ;
#7797 = CIRCLE ( 'NONE', #11991, 12.24999999999999645 ) ;
#7798 = ORIENTED_EDGE ( 'NONE', *, *, #1605, .F. ) ;
#7799 = DIRECTION ( 'NONE',  ( -1.000000000000000000, 0.000000000000000000, 0.000000000000000000 ) ) ;
#7800 = ADVANCED_FACE ( 'NONE', ( #7053 ), #9261, .T. ) ;
#7801 = CARTESIAN_POINT ( 'NONE',  ( 12.50000000000000000, 114.0000000000000000, -78.00000000000000000 ) ) ;
#7802 = EDGE_CURVE ( 'NONE', #5246, #10959, #1670, .T. ) ;
#7803 = ORIENTED_EDGE ( 'NONE', *, *, #6351, .T. ) ;
#7804 = ORIENTED_EDGE ( 'NONE', *, *, #9766, .F. ) ;
#7805 = CARTESIAN_POINT ( 'NONE',  ( 0.000000000000000000, 114.0000000000000000, -0.4999999999999900080 ) ) ;
#7806 = DIRECTION ( 'NONE',  ( 0.000000000000000000, 0.000000000000000000, -1.000000000000000000 ) ) ;
#7807 = AXIS2_PLACEMENT_3D ( 'NONE', #11937, #12007, #6949 ) ;
#7808 = AXIS2_PLACEMENT_3D ( 'NONE', #9399, #1336, #3424 ) ;
#7809 = LINE ( 'NONE', #11815, #6671 ) ;
#7810 = DIRECTION ( 'NONE',  ( 1.000000000000000000, 0.000000000000000000, 0.000000000000000000 ) ) ;
#7811 = CARTESIAN_POINT ( 'NONE',  ( -45.50000000000009237, -52.00000000000000000, -48.80000000000001137 ) ) ;
#7812 = ORIENTED_EDGE ( 'NONE', *, *, #2059, .T. ) ;
#7813 = VERTEX_POINT ( 'NONE', #12174 ) ;
#7814 = CARTESIAN_POINT ( 'NONE',  ( -22.14000000000005031, 44.99999999999997868, 73.39999999999999147 ) ) ;
#7815 = FACE_OUTER_BOUND ( 'NONE', #6563, .T. ) ;
#7816 = VERTEX_POINT ( 'NONE', #342 ) ;
#7817 = AXIS2_PLACEMENT_3D ( 'NONE', #10992, #5998, #9990 ) ;
#7819 = ORIENTED_EDGE ( 'NONE', *, *, #10260, .T. ) ;
#7818 = CIRCLE ( 'NONE', #11383, 18.99999999999998934 ) ;
#7820 = CARTESIAN_POINT ( 'NONE',  ( 22.50000000000000000, 114.0000000000000000, -65.50000000000000000 ) ) ;
#7821 = VECTOR ( 'NONE', #6566, 1000.000000000000000 ) ;
#7822 = EDGE_CURVE ( 'NONE', #3480, #8348, #9008, .T. ) ;
#7823 = FACE_OUTER_BOUND ( 'NONE', #9505, .T. ) ;
#7824 = ORIENTED_EDGE ( 'NONE', *, *, #6600, .F. ) ;
#7825 = CYLINDRICAL_SURFACE ( 'NONE', #9069, 6.499999999999999112 ) ;
#7826 = CARTESIAN_POINT ( 'NONE',  ( 38.19999999999997442, 22.14000000000005031, 112.0000000000000000 ) ) ;
#7827 = AXIS2_PLACEMENT_3D ( 'NONE', #11101, #10177, #3209 ) ;
#7828 = CARTESIAN_POINT ( 'NONE',  ( -4.000000000000000888, 126.4743737317750885, 14.20569654897112244 ) ) ;
#7829 = CARTESIAN_POINT ( 'NONE',  ( 27.03999999999999559, 154.8599999999999852, -69.99999999999998579 ) ) ;
#7830 = CARTESIAN_POINT ( 'NONE',  ( 0.000000000000000000, 114.0000000000000000, -88.16592697433104320 ) ) ;
#7831 = ORIENTED_EDGE ( 'NONE', *, *, #1008, .T. ) ;
#7832 = ORIENTED_EDGE ( 'NONE', *, *, #3103, .F. ) ;
#7833 = CARTESIAN_POINT ( 'NONE',  ( 28.28999999999999204, 154.8599999999999852, -61.49999999999999289 ) ) ;
#7834 = AXIS2_PLACEMENT_3D ( 'NONE', #8067, #8995, #9970 ) ;
#7835 = VERTEX_POINT ( 'NONE', #8368 ) ;
#7836 = CIRCLE ( 'NONE', #2162, 18.99999999999998934 ) ;
#7837 = DIRECTION ( 'NONE',  ( 0.000000000000000000, 0.000000000000000000, -1.000000000000000000 ) ) ;
#7838 = EDGE_CURVE ( 'NONE', #11472, #4829, #11193, .T. ) ;
#7839 = DIRECTION ( 'NONE',  ( 0.000000000000000000, 0.000000000000000000, -1.000000000000000000 ) ) ;
#7840 = VECTOR ( 'NONE', #3470, 1000.000000000000000 ) ;
#7841 = DIRECTION ( 'NONE',  ( 1.000000000000000000, 0.000000000000000000, 0.000000000000000000 ) ) ;
#7842 = VECTOR ( 'NONE', #3136, 1000.000000000000000 ) ;
#7843 = CARTESIAN_POINT ( 'NONE',  ( -57.49999999999997868, 6.060361292326875038, 39.70000000000002416 ) ) ;
#7844 = CARTESIAN_POINT ( 'NONE',  ( -21.00000000000000355, 114.0000000000000000, 10.99999999999999645 ) ) ;
#7845 = ORIENTED_EDGE ( 'NONE', *, *, #6843, .F. ) ;
#7846 = PLANE ( 'NONE',  #1420 ) ;
#7847 = CARTESIAN_POINT ( 'NONE',  ( -45.50000000000000000, -11.01017621455064166, 50.88369923439360321 ) ) ;
#7848 = VERTEX_POINT ( 'NONE', #10402 ) ;
#7849 = DIRECTION ( 'NONE',  ( -0.000000000000000000, -0.000000000000000000, 1.000000000000000000 ) ) ;
#7850 = ORIENTED_EDGE ( 'NONE', *, *, #10351, .F. ) ;
#7851 = ORIENTED_EDGE ( 'NONE', *, *, #10628, .T. ) ;
#7852 = CIRCLE ( 'NONE', #10368, 20.00000000000000000 ) ;
#7853 = EDGE_CURVE ( 'NONE', #1344, #12483, #8435, .T. ) ;
#7854 = DIRECTION ( 'NONE',  ( -0.000000000000000000, -0.000000000000000000, -1.000000000000000000 ) ) ;
#7855 = DIRECTION ( 'NONE',  ( -1.000000000000000000, -1.334402673828311121E-16, 0.000000000000000000 ) ) ;
#7856 = CARTESIAN_POINT ( 'NONE',  ( -39.12398950069061243, 28.87693130457876123, 73.39999999999997726 ) ) ;
#7857 = ORIENTED_EDGE ( 'NONE', *, *, #1281, .F. ) ;
#7858 = ORIENTED_EDGE ( 'NONE', *, *, #12584, .F. ) ;
#7859 = EDGE_CURVE ( 'NONE', #8979, #11681, #3968, .T. ) ;
#7860 = DIRECTION ( 'NONE',  ( 0.000000000000000000, 0.000000000000000000, -1.000000000000000000 ) ) ;
#7861 = EDGE_CURVE ( 'NONE', #4086, #5499, #7582, .T. ) ;
#7862 = DIRECTION ( 'NONE',  ( -0.000000000000000000, 0.000000000000000000, -1.000000000000000000 ) ) ;
#7863 = VERTEX_POINT ( 'NONE', #2509 ) ;
#7864 = ORIENTED_EDGE ( 'NONE', *, *, #10064, .T. ) ;
#7865 = CARTESIAN_POINT ( 'NONE',  ( 0.000000000000000000, 137.5000000000000000, -65.50000000000000000 ) ) ;
#7866 = VERTEX_POINT ( 'NONE', #10729 ) ;
#7867 = CARTESIAN_POINT ( 'NONE',  ( -42.25000000000000000, 142.4311571906818017, 11.49999999999999645 ) ) ;
#7868 = ORIENTED_EDGE ( 'NONE', *, *, #10262, .F. ) ;
#7869 = DIRECTION ( 'NONE',  ( 0.000000000000000000, 0.000000000000000000, -1.000000000000000000 ) ) ;
#7870 = LINE ( 'NONE', #9045, #3086 ) ;
#7871 = CIRCLE ( 'NONE', #12488, 12.24999999999999645 ) ;
#7872 = EDGE_CURVE ( 'NONE', #3307, #3564, #6536, .T. ) ;
#7873 = CARTESIAN_POINT ( 'NONE',  ( 4.000000000000000888, 125.8427192823270104, -4.500000000000003553 ) ) ;
#7874 = CARTESIAN_POINT ( 'NONE',  ( 42.50000000000000711, -42.49999999999997868, 10.00000000000000000 ) ) ;
#7875 = EDGE_CURVE ( 'NONE', #4317, #1668, #3569, .T. ) ;
#7876 = EDGE_LOOP ( 'NONE', ( #825, #190 ) ) ;
#7877 = EDGE_LOOP ( 'NONE', ( #1627, #6311 ) ) ;
#7878 = DIRECTION ( 'NONE',  ( 0.000000000000000000, 0.000000000000000000, -1.000000000000000000 ) ) ;
#7879 = DIRECTION ( 'NONE',  ( 0.8571673007021114454, 1.049727191138617586E-16, -0.5150380749100555988 ) ) ;
#7880 = ORIENTED_EDGE ( 'NONE', *, *, #12983, .T. ) ;
#7881 = DIRECTION ( 'NONE',  ( 1.000000000000000000, 0.000000000000000000, 0.000000000000000000 ) ) ;
#7882 = AXIS2_PLACEMENT_3D ( 'NONE', #2952, #8813, #4666 ) ;
#7883 = CARTESIAN_POINT ( 'NONE',  ( -34.43466739629280937, 71.84752362668099579, 6.499999999999996447 ) ) ;
#7884 = DIRECTION ( 'NONE',  ( -0.000000000000000000, -0.000000000000000000, -1.000000000000000000 ) ) ;
#7885 = CARTESIAN_POINT ( 'NONE',  ( -35.75089393306190999, -29.33956106112634998, 53.29999999999997584 ) ) ;
#7886 = EDGE_CURVE ( 'NONE', #8904, #5641, #6729, .T. ) ;
#7887 = LINE ( 'NONE', #10911, #9458 ) ;
#7888 = CARTESIAN_POINT ( 'NONE',  ( -28.87693130457876478, -39.12398950069061954, 112.0000000000000000 ) ) ;
#7889 = DIRECTION ( 'NONE',  ( -0.000000000000000000, -0.000000000000000000, 1.000000000000000000 ) ) ;
#7890 = ORIENTED_EDGE ( 'NONE', *, *, #5899, .F. ) ;
#7891 = ORIENTED_EDGE ( 'NONE', *, *, #11718, .F. ) ;
#7892 = CIRCLE ( 'NONE', #5172, 4.249999999999996447 ) ;
#7893 = LINE ( 'NONE', #12037, #5026 ) ;
#7894 = ORIENTED_EDGE ( 'NONE', *, *, #12662, .T. ) ;
#7895 = ORIENTED_EDGE ( 'NONE', *, *, #9614, .T. ) ;
#7896 = VECTOR ( 'NONE', #5578, 1000.000000000000000 ) ;
#7897 = CARTESIAN_POINT ( 'NONE',  ( -35.92640687119284593, 42.42640687119283172, 9.999999999999992895 ) ) ;
#7898 = CARTESIAN_POINT ( 'NONE',  ( -51.99999999999998579, 42.50000000000000711, 10.00000000000000000 ) ) ;
#7899 = DIRECTION ( 'NONE',  ( -0.000000000000000000, -0.000000000000000000, 1.000000000000000000 ) ) ;
#7900 = AXIS2_PLACEMENT_3D ( 'NONE', #5688, #6736, #680 ) ;
#7901 = AXIS2_PLACEMENT_3D ( 'NONE', #5517, #1630, #9502 ) ;
#7902 = CARTESIAN_POINT ( 'NONE',  ( -57.49999999999990763, 9.578137980857748701, 47.04894496545156102 ) ) ;
#7903 = FACE_OUTER_BOUND ( 'NONE', #5633, .T. ) ;
#7904 = AXIS2_PLACEMENT_3D ( 'NONE', #1427, #10219, #492 ) ;
#7905 = ORIENTED_EDGE ( 'NONE', *, *, #1658, .F. ) ;
#7906 = DIRECTION ( 'NONE',  ( 0.000000000000000000, 1.000000000000000000, 0.000000000000000000 ) ) ;
#7907 = FACE_OUTER_BOUND ( 'NONE', #12542, .T. ) ;
#7908 = ORIENTED_EDGE ( 'NONE', *, *, #8326, .F. ) ;
#7909 = CARTESIAN_POINT ( 'NONE',  ( 36.50000000000000000, 114.0000000000000000, -16.49999999999999289 ) ) ;
#7910 = ORIENTED_EDGE ( 'NONE', *, *, #6882, .T. ) ;
#7911 = CIRCLE ( 'NONE', #3296, 6.499999999999999112 ) ;
#7912 = VERTEX_POINT ( 'NONE', #543 ) ;
#7913 = AXIS2_PLACEMENT_3D ( 'NONE', #8228, #3233, #11186 ) ;
#7914 = AXIS2_PLACEMENT_3D ( 'NONE', #10, #11976, #7174 ) ;
#7915 = FACE_OUTER_BOUND ( 'NONE', #12794, .T. ) ;
#7916 = FACE_OUTER_BOUND ( 'NONE', #3471, .T. ) ;
#7917 = AXIS2_PLACEMENT_3D ( 'NONE', #7068, #8180, #2196 ) ;
#7918 = DIRECTION ( 'NONE',  ( 0.000000000000000000, 1.000000000000000000, 0.000000000000000000 ) ) ;
#7919 = VERTEX_POINT ( 'NONE', #4487 ) ;
#7920 = AXIS2_PLACEMENT_3D ( 'NONE', #1422, #7460, #3573 ) ;
#7921 = EDGE_CURVE ( 'NONE', #6417, #7500, #2711, .T. ) ;
#7922 = LINE ( 'NONE', #11451, #8105 ) ;
#7923 = DIRECTION ( 'NONE',  ( 0.000000000000000000, 0.000000000000000000, -1.000000000000000000 ) ) ;
#7924 = EDGE_CURVE ( 'NONE', #8816, #9325, #12801, .T. ) ;
#7925 = ORIENTED_EDGE ( 'NONE', *, *, #1271, .T. ) ;
#7926 = CARTESIAN_POINT ( 'NONE',  ( 0.000000000000000000, 114.0000000000000000, -0.5000000000000213163 ) ) ;
#7927 = ORIENTED_EDGE ( 'NONE', *, *, #546, .T. ) ;
#7928 = ADVANCED_FACE ( 'NONE', ( #11524, #5487 ), #6469, .F. ) ;
#7929 = DIRECTION ( 'NONE',  ( -0.000000000000000000, -0.000000000000000000, 1.000000000000000000 ) ) ;
#7930 = VERTEX_POINT ( 'NONE', #2574 ) ;
#7931 = EDGE_LOOP ( 'NONE', ( #4592, #10126, #2115, #12865 ) ) ;
#7932 = CYLINDRICAL_SURFACE ( 'NONE', #7807, 6.499999999999999112 ) ;
#7933 = EDGE_CURVE ( 'NONE', #4673, #8283, #6604, .T. ) ;
#7934 = AXIS2_PLACEMENT_3D ( 'NONE', #6765, #8725, #8860 ) ;
#7935 = EDGE_CURVE ( 'NONE', #67, #736, #10608, .T. ) ;
#7936 = CARTESIAN_POINT ( 'NONE',  ( -29.33956106112633933, -35.75089393306184604, 19.59999999999999076 ) ) ;
#7937 = EDGE_CURVE ( 'NONE', #5162, #12063, #6666, .T. ) ;
#7938 = DIRECTION ( 'NONE',  ( 0.1358808089250893303, -0.9907251918498203302, 0.000000000000000000 ) ) ;
#7939 = DIRECTION ( 'NONE',  ( -1.000000000000000000, 0.000000000000000000, 0.000000000000000000 ) ) ;
#7940 = AXIS2_PLACEMENT_3D ( 'NONE', #2224, #9327, #121 ) ;
#7941 = CARTESIAN_POINT ( 'NONE',  ( 0.000000000000000000, 114.0000000000000000, -77.00000000000000000 ) ) ;
#7942 = EDGE_CURVE ( 'NONE', #10871, #12875, #3348, .T. ) ;
#7943 = ORIENTED_EDGE ( 'NONE', *, *, #8763, .T. ) ;
#7944 = VERTEX_POINT ( 'NONE', #2438 ) ;
#7945 = DIRECTION ( 'NONE',  ( -0.000000000000000000, -0.000000000000000000, 1.000000000000000000 ) ) ;
#7946 = CARTESIAN_POINT ( 'NONE',  ( 0.000000000000000000, 114.0000000000000000, -21.09556051177057867 ) ) ;
#7947 = CARTESIAN_POINT ( 'NONE',  ( -38.20000000000000995, 22.13999999999996859, 19.59999999999999076 ) ) ;
#7948 = VERTEX_POINT ( 'NONE', #1666 ) ;
#7949 = DIRECTION ( 'NONE',  ( 0.000000000000000000, 0.000000000000000000, -1.000000000000000000 ) ) ;
#7950 = DIRECTION ( 'NONE',  ( 0.000000000000000000, -1.000000000000000000, 0.000000000000000000 ) ) ;
#7951 = ORIENTED_EDGE ( 'NONE', *, *, #12551, .T. ) ;
#7952 = AXIS2_PLACEMENT_3D ( 'NONE', #9252, #11030, #11092 ) ;
#7953 = FACE_OUTER_BOUND ( 'NONE', #6286, .T. ) ;
#7954 = EDGE_CURVE ( 'NONE', #10761, #9418, #9477, .T. ) ;
#7955 = CARTESIAN_POINT ( 'NONE',  ( 28.08750000000000213, 114.0000000000000000, -44.90443948822942843 ) ) ;
#7956 = CYLINDRICAL_SURFACE ( 'NONE', #6753, 7.499999999999985789 ) ;
#7957 = DIRECTION ( 'NONE',  ( 1.000000000000000000, 0.000000000000000000, 0.000000000000000000 ) ) ;
#7958 = ORIENTED_EDGE ( 'NONE', *, *, #6127, .F. ) ;
#7959 = VECTOR ( 'NONE', #444, 1000.000000000000000 ) ;
#7960 = DIRECTION ( 'NONE',  ( -0.000000000000000000, -0.000000000000000000, -1.000000000000000000 ) ) ;
#7961 = CIRCLE ( 'NONE', #2492, 28.08750000000000213 ) ;
#7962 = CARTESIAN_POINT ( 'NONE',  ( 42.42640687119283882, -42.42640687119285303, 19.59999999999999076 ) ) ;
#7963 = ORIENTED_EDGE ( 'NONE', *, *, #11624, .T. ) ;
#7964 = FACE_OUTER_BOUND ( 'NONE', #8376, .T. ) ;
#7965 = ORIENTED_EDGE ( 'NONE', *, *, #2724, .F. ) ;
#7966 = ORIENTED_EDGE ( 'NONE', *, *, #8152, .T. ) ;
#7967 = DIRECTION ( 'NONE',  ( -0.000000000000000000, -0.000000000000000000, 1.000000000000000000 ) ) ;
#7968 = ADVANCED_FACE ( 'NONE', ( #9601 ), #4609, .T. ) ;
#7969 = AXIS2_PLACEMENT_3D ( 'NONE', #11839, #2824, #4331 ) ;
#7970 = LINE ( 'NONE', #931, #9163 ) ;
#7971 = DIRECTION ( 'NONE',  ( -1.000000000000000000, 0.000000000000000000, 0.000000000000000000 ) ) ;
#7972 = CARTESIAN_POINT ( 'NONE',  ( 0.000000000000000000, 114.0000000000000000, 10.49999999999999467 ) ) ;
#7973 = AXIS2_PLACEMENT_3D ( 'NONE', #5171, #3066, #2865 ) ;
#7974 = EDGE_LOOP ( 'NONE', ( #2835, #1940, #4073, #5434 ) ) ;
#7975 = DIRECTION ( 'NONE',  ( 0.000000000000000000, -1.000000000000000000, 0.000000000000000000 ) ) ;
#7976 = CARTESIAN_POINT ( 'NONE',  ( 28.28999999999999915, 73.14000000000001478, -2.000000000000004441 ) ) ;
#7977 = ORIENTED_EDGE ( 'NONE', *, *, #9020, .F. ) ;
#7978 = CYLINDRICAL_SURFACE ( 'NONE', #3781, 6.499999999999999112 ) ;
#7979 = ORIENTED_EDGE ( 'NONE', *, *, #9038, .T. ) ;
#7980 = EDGE_CURVE ( 'NONE', #4062, #11855, #8629, .T. ) ;
#7981 = DIRECTION ( 'NONE',  ( -0.000000000000000000, 0.000000000000000000, -1.000000000000000000 ) ) ;
#7982 = CARTESIAN_POINT ( 'NONE',  ( -38.19999999999998153, -22.14000000000005386, 112.0000000000000000 ) ) ;
#7983 = FACE_OUTER_BOUND ( 'NONE', #7994, .T. ) ;
#7984 = VERTEX_POINT ( 'NONE', #8500 ) ;
#7985 = ORIENTED_EDGE ( 'NONE', *, *, #11954, .T. ) ;
#7986 = CARTESIAN_POINT ( 'NONE',  ( -52.00000000000007105, 51.49999999999998579, 0.000000000000000000 ) ) ;
#7987 = LINE ( 'NONE', #9035, #10691 ) ;
#7988 = ORIENTED_EDGE ( 'NONE', *, *, #2340, .T. ) ;
#7989 = EDGE_LOOP ( 'NONE', ( #8984, #10079, #4875, #10771 ) ) ;
#7990 = DIRECTION ( 'NONE',  ( 0.000000000000000000, 0.000000000000000000, -1.000000000000000000 ) ) ;
#7991 = CARTESIAN_POINT ( 'NONE',  ( 28.43660512957057662, 66.00000000000000000, 6.499999999999996447 ) ) ;
#7992 = VECTOR ( 'NONE', #12553, 1000.000000000000000 ) ;
#7993 = ORIENTED_EDGE ( 'NONE', *, *, #2749, .T. ) ;
#7994 = EDGE_LOOP ( 'NONE', ( #2552, #8921, #4641, #8728 ) ) ;
#7995 = FACE_OUTER_BOUND ( 'NONE', #4181, .T. ) ;
#7996 = CARTESIAN_POINT ( 'NONE',  ( 20.00000000000000355, 114.0000000000000000, 8.499999999999994671 ) ) ;
#7997 = LINE ( 'NONE', #5839, #4463 ) ;
#7998 = EDGE_CURVE ( 'NONE', #12839, #1512, #3497, .T. ) ;
#7999 = DIRECTION ( 'NONE',  ( 1.000000000000000000, 0.000000000000000000, 0.000000000000000000 ) ) ;
#8000 = CARTESIAN_POINT ( 'NONE',  ( 30.77624999999999744, 114.0000000000000000, -57.50000000000000000 ) ) ;
#8001 = CARTESIAN_POINT ( 'NONE',  ( -42.42640687119276777, 156.4264068711929383, 11.50000000000001066 ) ) ;
#8002 = EDGE_CURVE ( 'NONE', #4092, #8710, #2926, .T. ) ;
#8003 = VERTEX_POINT ( 'NONE', #3876 ) ;
#8004 = DIRECTION ( 'NONE',  ( 0.000000000000000000, 1.000000000000000000, 0.000000000000000000 ) ) ;
#8005 = CARTESIAN_POINT ( 'NONE',  ( -22.14000000000005031, 38.19999999999997442, 112.0000000000000000 ) ) ;
#8006 = EDGE_CURVE ( 'NONE', #8003, #6278, #7893, .T. ) ;
#8007 = DIRECTION ( 'NONE',  ( 1.000000000000000000, 0.000000000000000000, 0.000000000000000000 ) ) ;
#8008 = CARTESIAN_POINT ( 'NONE',  ( 42.50000000000001421, 42.50000000000002132, 10.00000000000000000 ) ) ;
#8009 = CARTESIAN_POINT ( 'NONE',  ( 42.42640687119307330, 156.4264068711926257, 11.50000000000001066 ) ) ;
#8010 = CIRCLE ( 'NONE', #3184, 4.250000000000003553 ) ;
#8011 = LINE ( 'NONE', #1045, #12640 ) ;
#8012 = EDGE_CURVE ( 'NONE', #5641, #5913, #9853, .T. ) ;
#8013 = CARTESIAN_POINT ( 'NONE',  ( -13.09999999999999964, 114.0000000000000000, -3.150000000000003464 ) ) ;
#8014 = DIRECTION ( 'NONE',  ( -0.000000000000000000, 0.000000000000000000, -1.000000000000000000 ) ) ;
#8015 = ORIENTED_EDGE ( 'NONE', *, *, #6193, .T. ) ;
#8016 = CARTESIAN_POINT ( 'NONE',  ( -45.00000000000000711, 0.000000000000000000, 58.79999999999997584 ) ) ;
#8017 = ORIENTED_EDGE ( 'NONE', *, *, #7003, .F. ) ;
#8018 = CIRCLE ( 'NONE', #886, 34.50000000000000000 ) ;
#8019 = CARTESIAN_POINT ( 'NONE',  ( 0.000000000000000000, 114.0000000000000000, -0.5000000000000038858 ) ) ;
#8020 = EDGE_CURVE ( 'NONE', #1647, #5405, #4397, .T. ) ;
#8021 = AXIS2_PLACEMENT_3D ( 'NONE', #5521, #11493, #312 ) ;
#8022 = CYLINDRICAL_SURFACE ( 'NONE', #11518, 3.399999999999993250 ) ;
#8023 = EDGE_CURVE ( 'NONE', #10605, #12596, #927, .T. ) ;
#8024 = ORIENTED_EDGE ( 'NONE', *, *, #7242, .T. ) ;
#8025 = DIRECTION ( 'NONE',  ( -1.000000000000000000, 0.000000000000000000, 0.000000000000000000 ) ) ;
#8026 = ORIENTED_EDGE ( 'NONE', *, *, #9681, .F. ) ;
#8027 = ORIENTED_EDGE ( 'NONE', *, *, #4736, .T. ) ;
#8028 = DIRECTION ( 'NONE',  ( 1.000000000000000000, 0.000000000000000000, 0.000000000000000000 ) ) ;
#8029 = CARTESIAN_POINT ( 'NONE',  ( 0.000000000000000000, 114.0000000000000000, 14.20569654897112244 ) ) ;
#8030 = DIRECTION ( 'NONE',  ( -0.000000000000000000, -1.000000000000000000, -0.000000000000000000 ) ) ;
#8031 = EDGE_CURVE ( 'NONE', #3975, #7099, #4187, .T. ) ;
#8032 = DIRECTION ( 'NONE',  ( -1.000000000000000000, 0.000000000000000000, 0.000000000000000000 ) ) ;
#8033 = FACE_BOUND ( 'NONE', #15, .T. ) ;
#8034 = EDGE_CURVE ( 'NONE', #2341, #6447, #10853, .T. ) ;
#8035 = CIRCLE ( 'NONE', #4047, 21.00000000000000355 ) ;
#8036 = ORIENTED_EDGE ( 'NONE', *, *, #304, .F. ) ;
#8037 = DIRECTION ( 'NONE',  ( -0.000000000000000000, 0.000000000000000000, -1.000000000000000000 ) ) ;
#8038 = FACE_OUTER_BOUND ( 'NONE', #10123, .T. ) ;
#8039 = EDGE_CURVE ( 'NONE', #11376, #8078, #2089, .T. ) ;
#8040 = ORIENTED_EDGE ( 'NONE', *, *, #11823, .T. ) ;
#8041 = CARTESIAN_POINT ( 'NONE',  ( -37.49999999999999289, 114.0000000000000000, -0.4999999999999900080 ) ) ;
#8042 = ORIENTED_EDGE ( 'NONE', *, *, #6578, .F. ) ;
#8043 = VERTEX_POINT ( 'NONE', #2043 ) ;
#8044 = AXIS2_PLACEMENT_3D ( 'NONE', #11430, #2412, #580 ) ;
#8045 = CARTESIAN_POINT ( 'NONE',  ( 39.12398950069049164, 28.87693130457883584, 112.0000000000000000 ) ) ;
#8046 = AXIS2_PLACEMENT_3D ( 'NONE', #7217, #7150, #3009 ) ;
#8047 = CIRCLE ( 'NONE', #12042, 4.500000000000017764 ) ;
#8048 = FACE_OUTER_BOUND ( 'NONE', #5175, .T. ) ;
#8049 = ORIENTED_EDGE ( 'NONE', *, *, #9503, .F. ) ;
#8050 = VERTEX_POINT ( 'NONE', #12829 ) ;
#8051 = ADVANCED_FACE ( 'NONE', ( #7964 ), #7131, .T. ) ;
#8052 = FACE_OUTER_BOUND ( 'NONE', #12071, .T. ) ;
#8053 = DIRECTION ( 'NONE',  ( 1.000000000000000000, 0.000000000000000000, 0.000000000000000000 ) ) ;
#8054 = ADVANCED_FACE ( 'NONE', ( #5933, #5995 ), #11899, .F. ) ;
#8055 = AXIS2_PLACEMENT_3D ( 'NONE', #100, #4104, #2997 ) ;
#8056 = VERTEX_POINT ( 'NONE', #6978 ) ;
#8057 = DIRECTION ( 'NONE',  ( -1.000000000000000000, 0.000000000000000000, 0.000000000000000000 ) ) ;
#8058 = LINE ( 'NONE', #5968, #9686 ) ;
#8059 = ORIENTED_EDGE ( 'NONE', *, *, #11576, .T. ) ;
#8060 = VECTOR ( 'NONE', #10369, 1000.000000000000000 ) ;
#8061 = ORIENTED_EDGE ( 'NONE', *, *, #2544, .T. ) ;
#8062 = CARTESIAN_POINT ( 'NONE',  ( 0.000000000000000000, 0.000000000000000000, 0.000000000000000000 ) ) ;
#8063 = DIRECTION ( 'NONE',  ( 0.000000000000000000, 0.000000000000000000, -1.000000000000000000 ) ) ;
#8064 = CARTESIAN_POINT ( 'NONE',  ( 45.50000000000409273, 62.00000000000836309, -72.00000000000001421 ) ) ;
#8065 = CARTESIAN_POINT ( 'NONE',  ( 51.99999999999993605, 165.9999999999999716, -313.5367466867102166 ) ) ;
#8066 = ORIENTED_EDGE ( 'NONE', *, *, #6241, .F. ) ;
#8067 = CARTESIAN_POINT ( 'NONE',  ( 0.000000000000000000, 114.0000000000000000, -64.00000000000000000 ) ) ;
#8068 = CARTESIAN_POINT ( 'NONE',  ( -51.50000000000000711, 5.000000000000015987, 40.29999999999998295 ) ) ;
#8069 = CARTESIAN_POINT ( 'NONE',  ( -12.50000000000000000, 114.0000000000000000, -4.500000000000003553 ) ) ;
#8070 = DIRECTION ( 'NONE',  ( -0.000000000000000000, -0.000000000000000000, 1.000000000000000000 ) ) ;
#8071 = CARTESIAN_POINT ( 'NONE',  ( 28.87693130457876478, 39.12398950069061243, 112.0000000000000000 ) ) ;
#8072 = ORIENTED_EDGE ( 'NONE', *, *, #12855, .F. ) ;
#8073 = DIRECTION ( 'NONE',  ( -0.000000000000000000, -0.000000000000000000, -1.000000000000000000 ) ) ;
#8074 = ADVANCED_FACE ( 'NONE', ( #859 ), #4862, .T. ) ;
#8075 = DIRECTION ( 'NONE',  ( -1.000000000000000000, 0.000000000000000000, 0.000000000000000000 ) ) ;
#8076 = DIRECTION ( 'NONE',  ( 0.000000000000000000, 0.000000000000000000, -1.000000000000000000 ) ) ;
#8077 = ORIENTED_EDGE ( 'NONE', *, *, #2422, .T. ) ;
#8078 = VERTEX_POINT ( 'NONE', #7833 ) ;
#8079 = FACE_OUTER_BOUND ( 'NONE', #2996, .T. ) ;
#8080 = AXIS2_PLACEMENT_3D ( 'NONE', #6531, #2570, #5610 ) ;
#8081 = ADVANCED_FACE ( 'NONE', ( #992 ), #5068, .T. ) ;
#8082 = CARTESIAN_POINT ( 'NONE',  ( -51.50000000000000711, 1.561251128379126385E-14, 40.29999999999998295 ) ) ;
#8083 = EDGE_CURVE ( 'NONE', #5630, #1885, #10497, .T. ) ;
#8084 = ORIENTED_EDGE ( 'NONE', *, *, #7033, .T. ) ;
#8085 = DIRECTION ( 'NONE',  ( -0.000000000000000000, -0.000000000000000000, -1.000000000000000000 ) ) ;
#8086 = VERTEX_POINT ( 'NONE', #9926 ) ;
#8087 = ORIENTED_EDGE ( 'NONE', *, *, #11096, .T. ) ;
#8088 = FACE_OUTER_BOUND ( 'NONE', #621, .T. ) ;
#8089 = EDGE_CURVE ( 'NONE', #9418, #5485, #1891, .T. ) ;
#8090 = DIRECTION ( 'NONE',  ( 0.000000000000000000, -1.000000000000000000, 0.000000000000000000 ) ) ;
#8091 = EDGE_CURVE ( 'NONE', #1794, #160, #4806, .T. ) ;
#8092 = DIRECTION ( 'NONE',  ( -0.000000000000000000, -0.000000000000000000, 1.000000000000000000 ) ) ;
#8093 = LINE ( 'NONE', #7248, #5413 ) ;
#8094 = DIRECTION ( 'NONE',  ( 0.000000000000000000, 1.000000000000000000, 0.000000000000000000 ) ) ;
#8095 = ORIENTED_EDGE ( 'NONE', *, *, #147, .T. ) ;
#8096 = DIRECTION ( 'NONE',  ( 1.000000000000000000, 0.000000000000000000, 0.000000000000000000 ) ) ;
#8097 = PLANE ( 'NONE',  #11314 ) ;
#8098 = VERTEX_POINT ( 'NONE', #4010 ) ;
#8099 = CYLINDRICAL_SURFACE ( 'NONE', #433, 6.000000000000008882 ) ;
#8100 = VERTEX_POINT ( 'NONE', #1793 ) ;
#8101 = CIRCLE ( 'NONE', #6854, 1.249999999999997558 ) ;
#8102 = CARTESIAN_POINT ( 'NONE',  ( -45.50000000000000711, -6.000000000000000000, 39.79999999999998295 ) ) ;
#8103 = EDGE_CURVE ( 'NONE', #2868, #2417, #1040, .T. ) ;
#8104 = CARTESIAN_POINT ( 'NONE',  ( -4.000000000000002665, 126.4505859325203687, -79.00000000000001421 ) ) ;
#8105 = VECTOR ( 'NONE', #5416, 1000.000000000000000 ) ;
#8106 = ORIENTED_EDGE ( 'NONE', *, *, #6777, .F. ) ;
#8107 = EDGE_LOOP ( 'NONE', ( #1378, #2124, #9599, #1915 ) ) ;
#8108 = EDGE_CURVE ( 'NONE', #1614, #3104, #5674, .T. ) ;
#8109 = CARTESIAN_POINT ( 'NONE',  ( 48.92640687119283882, 42.42640687119283882, 11.59999999999999254 ) ) ;
#8110 = DIRECTION ( 'NONE',  ( 4.383625018638762535E-16, -1.000000000000000000, 0.000000000000000000 ) ) ;
#8111 = ORIENTED_EDGE ( 'NONE', *, *, #2016, .T. ) ;
#8112 = AXIS2_PLACEMENT_3D ( 'NONE', #8173, #12312, #6200 ) ;
#8113 = ORIENTED_EDGE ( 'NONE', *, *, #5605, .T. ) ;
#8114 = FACE_OUTER_BOUND ( 'NONE', #9264, .T. ) ;
#8115 = CIRCLE ( 'NONE', #2442, 1.000000000000000888 ) ;
#8116 = VERTEX_POINT ( 'NONE', #9329 ) ;
#8117 = CARTESIAN_POINT ( 'NONE',  ( 45.00000000000000000, 45.00000000000000000, 112.0000000000000000 ) ) ;
#8118 = EDGE_LOOP ( 'NONE', ( #3174, #10222 ) ) ;
#8119 = CIRCLE ( 'NONE', #9793, 7.499999999999985789 ) ;
#8120 = DIRECTION ( 'NONE',  ( 0.000000000000000000, 0.000000000000000000, -1.000000000000000000 ) ) ;
#8121 = DIRECTION ( 'NONE',  ( 0.000000000000000000, 0.000000000000000000, -1.000000000000000000 ) ) ;
#8122 = DIRECTION ( 'NONE',  ( 1.000000000000000000, 0.000000000000000000, 0.000000000000000000 ) ) ;
#8123 = EDGE_CURVE ( 'NONE', #4086, #794, #7561, .T. ) ;
#8124 = CIRCLE ( 'NONE', #2451, 6.800000000000004263 ) ;
#8125 = DIRECTION ( 'NONE',  ( 1.000000000000000000, 0.000000000000000000, 0.000000000000000000 ) ) ;
#8126 = AXIS2_PLACEMENT_3D ( 'NONE', #12928, #3912, #7999 ) ;
#8127 = EDGE_CURVE ( 'NONE', #8835, #5234, #6721, .T. ) ;
#8128 = DIRECTION ( 'NONE',  ( -1.000000000000000000, 0.000000000000000000, 0.000000000000000000 ) ) ;
#8129 = DIRECTION ( 'NONE',  ( 1.000000000000000000, 0.000000000000000000, 0.000000000000000000 ) ) ;
#8130 = ORIENTED_EDGE ( 'NONE', *, *, #10673, .F. ) ;
#8131 = DIRECTION ( 'NONE',  ( 0.000000000000000000, 1.000000000000000000, 0.000000000000000000 ) ) ;
#8132 = DIRECTION ( 'NONE',  ( 1.000000000000000000, 0.000000000000000000, 0.000000000000000000 ) ) ;
#8133 = VECTOR ( 'NONE', #3215, 1000.000000000000114 ) ;
#8134 = CARTESIAN_POINT ( 'NONE',  ( -52.00000000000007105, 68.49999999999998579, 11.50000000000001066 ) ) ;
#8135 = DIRECTION ( 'NONE',  ( 0.000000000000000000, 0.000000000000000000, 1.000000000000000000 ) ) ;
#8136 = CARTESIAN_POINT ( 'NONE',  ( -42.42640687119284593, 42.42640687119283172, 9.999999999999992895 ) ) ;
#8137 = EDGE_CURVE ( 'NONE', #4175, #9954, #9610, .T. ) ;
#8138 = LINE ( 'NONE', #8939, #2883 ) ;
#8139 = DIRECTION ( 'NONE',  ( -1.000000000000000000, 0.000000000000000000, 0.000000000000000000 ) ) ;
#8140 = ORIENTED_EDGE ( 'NONE', *, *, #5128, .F. ) ;
#8141 = ORIENTED_EDGE ( 'NONE', *, *, #7933, .F. ) ;
#8142 = CARTESIAN_POINT ( 'NONE',  ( -38.20000000000000995, 22.13999999999996859, 112.0000000000000000 ) ) ;
#8143 = CARTESIAN_POINT ( 'NONE',  ( 35.75089393306183894, -29.33956106112634998, 19.60000000000000497 ) ) ;
#8144 = ORIENTED_EDGE ( 'NONE', *, *, #12879, .T. ) ;
#8145 = AXIS2_PLACEMENT_3D ( 'NONE', #1850, #5865, #1981 ) ;
#8146 = FACE_OUTER_BOUND ( 'NONE', #3015, .T. ) ;
#8147 = AXIS2_PLACEMENT_3D ( 'NONE', #7319, #4486, #12173 ) ;
#8148 = ORIENTED_EDGE ( 'NONE', *, *, #2183, .T. ) ;
#8149 = ORIENTED_EDGE ( 'NONE', *, *, #2608, .F. ) ;
#8150 = CARTESIAN_POINT ( 'NONE',  ( 35.27624999999999744, 114.0000000000000000, -57.50000000000000000 ) ) ;
#8151 = LINE ( 'NONE', #1989, #10849 ) ;
#8152 = EDGE_CURVE ( 'NONE', #6803, #8803, #5253, .T. ) ;
#8153 = FACE_OUTER_BOUND ( 'NONE', #8245, .T. ) ;
#8154 = VECTOR ( 'NONE', #6834, 1000.000000000000000 ) ;
#8155 = AXIS2_PLACEMENT_3D ( 'NONE', #12857, #955, #10948 ) ;
#8156 = AXIS2_PLACEMENT_3D ( 'NONE', #7052, #9939, #11060 ) ;
#8157 = CARTESIAN_POINT ( 'NONE',  ( -57.49999999999994316, -12.75675299324092649, 55.64661376726363073 ) ) ;
#8158 = AXIS2_PLACEMENT_3D ( 'NONE', #7049, #10065, #1068 ) ;
#8159 = DIRECTION ( 'NONE',  ( 0.000000000000000000, 0.000000000000000000, -1.000000000000000000 ) ) ;
#8160 = ADVANCED_FACE ( 'NONE', ( #1188 ), #3353, .F. ) ;
#8161 = VERTEX_POINT ( 'NONE', #7170 ) ;
#8162 = DIRECTION ( 'NONE',  ( 1.000000000000000000, 0.000000000000000000, 0.000000000000000000 ) ) ;
#8163 = CARTESIAN_POINT ( 'NONE',  ( -51.50000000000000000, 8.187467664686009172, 42.99026466362876420 ) ) ;
#8164 = EDGE_CURVE ( 'NONE', #2195, #9602, #633, .T. ) ;
#8165 = ORIENTED_EDGE ( 'NONE', *, *, #5122, .F. ) ;
#8166 = DIRECTION ( 'NONE',  ( -0.000000000000000000, -0.000000000000000000, 1.000000000000000000 ) ) ;
#8167 = AXIS2_PLACEMENT_3D ( 'NONE', #4382, #8526, #11553 ) ;
#8168 = ORIENTED_EDGE ( 'NONE', *, *, #8619, .T. ) ;
#8169 = VECTOR ( 'NONE', #4414, 1000.000000000000000 ) ;
#8170 = VERTEX_POINT ( 'NONE', #6388 ) ;
#8171 = DIRECTION ( 'NONE',  ( -1.000000000000000000, 0.000000000000000000, 0.000000000000000000 ) ) ;
#8172 = EDGE_CURVE ( 'NONE', #6447, #10317, #10711, .T. ) ;
#8173 = CARTESIAN_POINT ( 'NONE',  ( -42.42640687119306619, 42.42640687119262566, -18.00000000000000355 ) ) ;
#8174 = CIRCLE ( 'NONE', #829, 12.50000000000000000 ) ;
#8175 = ORIENTED_EDGE ( 'NONE', *, *, #6735, .T. ) ;
#8176 = DIRECTION ( 'NONE',  ( -0.000000000000000000, -0.000000000000000000, 1.000000000000000000 ) ) ;
#8177 = AXIS2_PLACEMENT_3D ( 'NONE', #10666, #9540, #7513 ) ;
#8178 = DIRECTION ( 'NONE',  ( 0.000000000000000000, 0.000000000000000000, -1.000000000000000000 ) ) ;
#8179 = ORIENTED_EDGE ( 'NONE', *, *, #4882, .T. ) ;
#8180 = DIRECTION ( 'NONE',  ( -1.000000000000000000, 0.000000000000000000, -0.000000000000000000 ) ) ;
#8181 = ADVANCED_FACE ( 'NONE', ( #11178 ), #10390, .T. ) ;
#8182 = VERTEX_POINT ( 'NONE', #12290 ) ;
#8183 = EDGE_LOOP ( 'NONE', ( #10024, #6500, #3199, #11135 ) ) ;
#8184 = CARTESIAN_POINT ( 'NONE',  ( 0.000000000000000000, 114.0000000000000000, 29.09545482057523813 ) ) ;
#8185 = ORIENTED_EDGE ( 'NONE', *, *, #4852, .T. ) ;
#8186 = ORIENTED_EDGE ( 'NONE', *, *, #8548, .F. ) ;
#8187 = DIRECTION ( 'NONE',  ( -4.383625018638762535E-16, 1.000000000000000000, 0.000000000000000000 ) ) ;
#8188 = CARTESIAN_POINT ( 'NONE',  ( 29.33956106112633577, 35.75089393306183894, 112.0000000000000000 ) ) ;
#8189 = VERTEX_POINT ( 'NONE', #2103 ) ;
#8190 = CARTESIAN_POINT ( 'NONE',  ( -59.00000000000004974, 7.835433907008098053, 43.41649456813603791 ) ) ;
#8191 = FACE_OUTER_BOUND ( 'NONE', #2842, .T. ) ;
#8192 = VECTOR ( 'NONE', #4995, 1000.000000000000000 ) ;
#8193 = LINE ( 'NONE', #7147, #2805 ) ;
#8194 = CONICAL_SURFACE ( 'NONE', #2321, 22.39999999999999858, 0.5235987755983080305 ) ;
#8195 = AXIS2_PLACEMENT_3D ( 'NONE', #6195, #11005, #8903 ) ;
#8196 = CARTESIAN_POINT ( 'NONE',  ( 0.000000000000000000, 46.99999999999999289, 0.000000000000000000 ) ) ;
#8197 = EDGE_LOOP ( 'NONE', ( #8512, #7754, #10629, #928 ) ) ;
#8198 = CARTESIAN_POINT ( 'NONE',  ( 51.99999999999993605, 159.4999999999999716, 11.50000000000001066 ) ) ;
#8199 = EDGE_CURVE ( 'NONE', #11157, #10391, #7775, .T. ) ;
#8200 = CYLINDRICAL_SURFACE ( 'NONE', #2979, 6.800000000000004263 ) ;
#8201 = PLANE ( 'NONE',  #4434 ) ;
#8202 = EDGE_CURVE ( 'NONE', #5818, #11073, #11335, .T. ) ;
#8203 = LINE ( 'NONE', #12208, #3004 ) ;
#8204 = ORIENTED_EDGE ( 'NONE', *, *, #10480, .F. ) ;
#8205 = FACE_OUTER_BOUND ( 'NONE', #11121, .T. ) ;
#8206 = EDGE_LOOP ( 'NONE', ( #3830, #3161, #8148, #10817 ) ) ;
#8207 = VECTOR ( 'NONE', #3163, 1000.000000000000000 ) ;
#8208 = AXIS2_PLACEMENT_3D ( 'NONE', #4919, #12940, #3796 ) ;
#8209 = CARTESIAN_POINT ( 'NONE',  ( 28.43660512957058017, 161.0000000000013642, 11.49999999999999645 ) ) ;
#8210 = LINE ( 'NONE', #1977, #1927 ) ;
#8211 = ORIENTED_EDGE ( 'NONE', *, *, #937, .F. ) ;
#8212 = EDGE_LOOP ( 'NONE', ( #7858, #4840, #7772, #6623 ) ) ;
#8213 = FACE_OUTER_BOUND ( 'NONE', #11785, .T. ) ;
#8214 = CARTESIAN_POINT ( 'NONE',  ( -13.09999999999999964, 114.0000000000000000, -64.00000000000000000 ) ) ;
#8215 = AXIS2_PLACEMENT_3D ( 'NONE', #9840, #10647, #2679 ) ;
#8216 = EDGE_CURVE ( 'NONE', #12622, #10091, #9395, .T. ) ;
#8218 = VERTEX_POINT ( 'NONE', #12099 ) ;
#8217 = CIRCLE ( 'NONE', #11782, 4.499999999999997335 ) ;
#8219 = CARTESIAN_POINT ( 'NONE',  ( -22.14000000000005031, 44.99999999999997868, 53.29999999999998295 ) ) ;
#8220 = ORIENTED_EDGE ( 'NONE', *, *, #3896, .T. ) ;
#8221 = ORIENTED_EDGE ( 'NONE', *, *, #11429, .T. ) ;
#8222 = CARTESIAN_POINT ( 'NONE',  ( 34.50000000000000711, 114.0000000000000000, -21.09556051177057867 ) ) ;
#8223 = CARTESIAN_POINT ( 'NONE',  ( -12.69999999999999929, 114.0000000000000000, -19.50000000000000355 ) ) ;
#8224 = FACE_OUTER_BOUND ( 'NONE', #1648, .T. ) ;
#8225 = LINE ( 'NONE', #4282, #568 ) ;
#8226 = CIRCLE ( 'NONE', #8438, 6.499999999999999112 ) ;
#8227 = AXIS2_PLACEMENT_3D ( 'NONE', #4812, #3831, #10686 ) ;
#8228 = CARTESIAN_POINT ( 'NONE',  ( 0.000000000000000000, 114.0000000000000000, -4.500000000000003553 ) ) ;
#8229 = DIRECTION ( 'NONE',  ( 1.000000000000000000, 0.000000000000000000, 0.000000000000000000 ) ) ;
#8230 = VERTEX_POINT ( 'NONE', #8219 ) ;
#8231 = CARTESIAN_POINT ( 'NONE',  ( -4.000000000000000888, 129.8000000000000114, -79.00000000000000000 ) ) ;
#8232 = CARTESIAN_POINT ( 'NONE',  ( -45.49999999999997868, -3.071098767656487372, 71.55450692620709674 ) ) ;
#8233 = EDGE_LOOP ( 'NONE', ( #1152, #9382, #1687, #5063, #31, #12204, #4365, #8539, #1502, #5024, #6980 ) ) ;
#8234 = DIRECTION ( 'NONE',  ( 1.000000000000000000, 0.000000000000000000, 0.000000000000000000 ) ) ;
#8235 = AXIS2_PLACEMENT_3D ( 'NONE', #6455, #4722, #9530 ) ;
#8236 = ORIENTED_EDGE ( 'NONE', *, *, #8012, .F. ) ;
#8237 = ORIENTED_EDGE ( 'NONE', *, *, #769, .F. ) ;
#8238 = LINE ( 'NONE', #3048, #10362 ) ;
#8239 = ORIENTED_EDGE ( 'NONE', *, *, #6207, .F. ) ;
#8240 = CARTESIAN_POINT ( 'NONE',  ( -4.000000000000000888, 126.0457124988288200, -78.33310685835434128 ) ) ;
#8241 = ORIENTED_EDGE ( 'NONE', *, *, #2158, .T. ) ;
#8242 = CARTESIAN_POINT ( 'NONE',  ( -51.50000000000000711, -12.81007243446770438, 54.53947840943258996 ) ) ;
#8243 = AXIS2_PLACEMENT_3D ( 'NONE', #12345, #6375, #5390 ) ;
#8244 = DIRECTION ( 'NONE',  ( 0.000000000000000000, 0.000000000000000000, -1.000000000000000000 ) ) ;
#8245 = EDGE_LOOP ( 'NONE', ( #1093, #3289, #297, #7188, #10337, #10606, #3356, #2907, #1252, #4098, #9427, #6549, #12718, #158, #2495, #11861, #1922, #1730 ) ) ;
#8246 = VERTEX_POINT ( 'NONE', #7302 ) ;
#8247 = DIRECTION ( 'NONE',  ( 1.000000000000000000, 0.000000000000000000, 0.000000000000000000 ) ) ;
#8248 = EDGE_CURVE ( 'NONE', #5647, #12687, #3983, .T. ) ;
#8249 = EDGE_CURVE ( 'NONE', #8411, #1567, #420, .T. ) ;
#8250 = EDGE_LOOP ( 'NONE', ( #4932, #11145 ) ) ;
#8251 = ORIENTED_EDGE ( 'NONE', *, *, #11009, .F. ) ;
#8252 = LINE ( 'NONE', #11019, #3402 ) ;
#8253 = ORIENTED_EDGE ( 'NONE', *, *, #2973, .F. ) ;
#8254 = AXIS2_PLACEMENT_3D ( 'NONE', #8999, #4118, #1972 ) ;
#8255 = AXIS2_PLACEMENT_3D ( 'NONE', #1037, #12203, #3202 ) ;
#8256 = ORIENTED_EDGE ( 'NONE', *, *, #5840, .T. ) ;
#8257 = DIRECTION ( 'NONE',  ( 0.000000000000000000, 0.000000000000000000, -1.000000000000000000 ) ) ;
#8258 = CARTESIAN_POINT ( 'NONE',  ( 0.000000000000000000, 114.0000000000000000, -57.50000000000000000 ) ) ;
#8259 = CIRCLE ( 'NONE', #7421, 4.599999999999996092 ) ;
#8260 = CARTESIAN_POINT ( 'NONE',  ( 28.87693130457883584, -39.12398950069050585, 112.0000000000000000 ) ) ;
#8261 = CARTESIAN_POINT ( 'NONE',  ( 21.00000000000000355, 114.0000000000000000, -74.50000000000000000 ) ) ;
#8262 = ADVANCED_FACE ( 'NONE', ( #7104 ), #10124, .F. ) ;
#8263 = ADVANCED_FACE ( 'NONE', ( #8146 ), #12161, .T. ) ;
#8264 = ORIENTED_EDGE ( 'NONE', *, *, #1682, .F. ) ;
#8265 = DIRECTION ( 'NONE',  ( 1.000000000000000000, 0.000000000000000000, 0.000000000000000000 ) ) ;
#8266 = CYLINDRICAL_SURFACE ( 'NONE', #12178, 6.800000000000006040 ) ;
#8267 = LINE ( 'NONE', #10503, #10988 ) ;
#8268 = ORIENTED_EDGE ( 'NONE', *, *, #6073, .T. ) ;
#8269 = FACE_OUTER_BOUND ( 'NONE', #9629, .T. ) ;
#8270 = CARTESIAN_POINT ( 'NONE',  ( -22.14000000000005031, 38.19999999999997442, 73.39999999999999147 ) ) ;
#8271 = AXIS2_PLACEMENT_3D ( 'NONE', #3776, #4510, #10568 ) ;
#8272 = DIRECTION ( 'NONE',  ( -0.000000000000000000, -0.000000000000000000, -1.000000000000000000 ) ) ;
#8273 = EDGE_LOOP ( 'NONE', ( #3595, #10403, #8024, #4516 ) ) ;
#8274 = DIRECTION ( 'NONE',  ( 1.000000000000000000, 0.000000000000000000, 0.000000000000000000 ) ) ;
#8275 = VECTOR ( 'NONE', #164, 1000.000000000000000 ) ;
#8276 = LINE ( 'NONE', #2093, #5740 ) ;
#8277 = EDGE_CURVE ( 'NONE', #566, #12896, #1692, .T. ) ;
#8278 = VERTEX_POINT ( 'NONE', #10522 ) ;
#8279 = AXIS2_PLACEMENT_3D ( 'NONE', #12790, #4819, #7672 ) ;
#8280 = ADVANCED_FACE ( 'NONE', ( #10715 ), #7630, .F. ) ;
#8281 = FACE_OUTER_BOUND ( 'NONE', #11233, .T. ) ;
#8282 = CARTESIAN_POINT ( 'NONE',  ( -57.49999999999997868, 0.000000000000000000, 58.79999999999997584 ) ) ;
#8283 = VERTEX_POINT ( 'NONE', #11509 ) ;
#8284 = ORIENTED_EDGE ( 'NONE', *, *, #12419, .F. ) ;
#8285 = FACE_OUTER_BOUND ( 'NONE', #991, .T. ) ;
#8286 = CARTESIAN_POINT ( 'NONE',  ( 30.77624999999999744, 114.0000000000000000, -8.500000000000003553 ) ) ;
#8287 = ORIENTED_EDGE ( 'NONE', *, *, #5324, .F. ) ;
#8288 = CARTESIAN_POINT ( 'NONE',  ( 4.000000000000000888, 125.8427192823270104, 9.499999999999994671 ) ) ;
#8289 = ORIENTED_EDGE ( 'NONE', *, *, #113, .F. ) ;
#8290 = VERTEX_POINT ( 'NONE', #8675 ) ;
#8291 = CARTESIAN_POINT ( 'NONE',  ( -47.00000000000000000, 5.755839955992560641E-15, -2.299999999999999822 ) ) ;
#8292 = CARTESIAN_POINT ( 'NONE',  ( -4.000000000000000888, 126.4743737317750885, -3.150000000000003464 ) ) ;
#8293 = DIRECTION ( 'NONE',  ( -0.000000000000000000, -0.000000000000000000, 1.000000000000000000 ) ) ;
#8294 = EDGE_CURVE ( 'NONE', #5499, #9745, #3360, .T. ) ;
#8295 = CARTESIAN_POINT ( 'NONE',  ( -45.50000000000000711, -82.55380013323630806, 86.25669469476747508 ) ) ;
#8296 = FACE_OUTER_BOUND ( 'NONE', #10313, .T. ) ;
#8297 = DIRECTION ( 'NONE',  ( 1.000000000000000000, -2.040851148208007998E-15, 0.000000000000000000 ) ) ;
#8298 = CARTESIAN_POINT ( 'NONE',  ( 29.00000000000001066, 114.0000000000000000, 6.499999999999992006 ) ) ;
#8299 = ORIENTED_EDGE ( 'NONE', *, *, #11576, .F. ) ;
#8300 = PLANE ( 'NONE',  #8147 ) ;
#8301 = CARTESIAN_POINT ( 'NONE',  ( -45.49999999999995737, 10.28944411027170602, 66.86324657783308112 ) ) ;
#8302 = ORIENTED_EDGE ( 'NONE', *, *, #11169, .F. ) ;
#8303 = DIRECTION ( 'NONE',  ( -1.000000000000000000, 0.000000000000000000, 0.000000000000000000 ) ) ;
#8304 = CIRCLE ( 'NONE', #12714, 4.499999999999997335 ) ;
#8305 = CARTESIAN_POINT ( 'NONE',  ( -45.50000000000009948, -3.071098767656490036, 71.55450692620711095 ) ) ;
#8306 = CARTESIAN_POINT ( 'NONE',  ( -47.25000000001955414, 142.4311571906855534, 11.49999999999999645 ) ) ;
#8307 = ORIENTED_EDGE ( 'NONE', *, *, #7780, .F. ) ;
#8308 = DIRECTION ( 'NONE',  ( -0.000000000000000000, -0.000000000000000000, 1.000000000000000000 ) ) ;
#8309 = CIRCLE ( 'NONE', #4528, 13.09999999999999964 ) ;
#8310 = DIRECTION ( 'NONE',  ( 1.000000000000000000, 0.000000000000000000, 0.000000000000000000 ) ) ;
#8311 = ORIENTED_EDGE ( 'NONE', *, *, #4719, .T. ) ;
#8312 = FACE_OUTER_BOUND ( 'NONE', #6175, .T. ) ;
#8313 = ORIENTED_EDGE ( 'NONE', *, *, #12751, .F. ) ;
#8314 = CARTESIAN_POINT ( 'NONE',  ( -20.47452235828316347, 71.69404375031616894, -70.00000000000000000 ) ) ;
#8315 = ORIENTED_EDGE ( 'NONE', *, *, #4867, .F. ) ;
#8316 = AXIS2_PLACEMENT_3D ( 'NONE', #10625, #3458, #9624 ) ;
#8317 = VERTEX_POINT ( 'NONE', #1461 ) ;
#8318 = LINE ( 'NONE', #11477, #7400 ) ;
#8319 = CARTESIAN_POINT ( 'NONE',  ( 42.42640687119307330, 71.57359312880737434, -72.00000000000001421 ) ) ;
#8320 = AXIS2_PLACEMENT_3D ( 'NONE', #3300, #5098, #8297 ) ;
#8321 = CARTESIAN_POINT ( 'NONE',  ( -58.99999999999982236, -2.081668171172168513E-14, 71.92409041986832108 ) ) ;
#8322 = DIRECTION ( 'NONE',  ( -0.000000000000000000, -0.000000000000000000, 1.000000000000000000 ) ) ;
#8323 = B_SPLINE_CURVE_WITH_KNOTS ( 'NONE', 3,
 ( #10150, #10214, #2323, #5224, #222, #1153, #8242 ),
 .UNSPECIFIED., .F., .F.,
 ( 4, 1, 1, 1, 4 ),
 ( 0.000000000000000000, 0.2499999999243257276, 0.4999999998486526209, 0.7499999997729794865, 1.000000000000000000 ),
 .UNSPECIFIED. ) ;
#8324 = ADVANCED_FACE ( 'NONE', ( #4403 ), #441, .F. ) ;
#8325 = ADVANCED_FACE ( 'NONE', ( #8545 ), #2491, .T. ) ;
#8326 = EDGE_CURVE ( 'NONE', #2728, #10254, #8626, .T. ) ;
#8327 = EDGE_LOOP ( 'NONE', ( #7163, #3967, #4449, #6710 ) ) ;
#8328 = CIRCLE ( 'NONE', #135, 35.27624999999999744 ) ;
#8329 = CIRCLE ( 'NONE', #136, 1.999999999999988010 ) ;
#8330 = CARTESIAN_POINT ( 'NONE',  ( 35.75089393306190999, 29.33956106112633933, 112.0000000000000000 ) ) ;
#8331 = DIRECTION ( 'NONE',  ( 1.000000000000000000, 0.000000000000000000, 0.000000000000000000 ) ) ;
#8332 = FACE_OUTER_BOUND ( 'NONE', #1807, .T. ) ;
#8333 = DIRECTION ( 'NONE',  ( 0.000000000000000000, -1.000000000000000000, 0.000000000000000000 ) ) ;
#8334 = CYLINDRICAL_SURFACE ( 'NONE', #3618, 26.75000000000000000 ) ;
#8335 = DIRECTION ( 'NONE',  ( 1.000000000000000000, 0.000000000000000000, 0.000000000000000000 ) ) ;
#8336 = ORIENTED_CLOSED_SHELL ( 'NONE', *, #1362, .F. );
#8337 = ADVANCED_FACE ( 'NONE', ( #11638 ), #8839, .T. ) ;
#8338 = FACE_OUTER_BOUND ( 'NONE', #12327, .T. ) ;
#8339 = AXIS2_PLACEMENT_3D ( 'NONE', #10997, #274, #9993 ) ;
#8340 = ORIENTED_EDGE ( 'NONE', *, *, #3978, .T. ) ;
#8341 = AXIS2_PLACEMENT_3D ( 'NONE', #1961, #3002, #5975 ) ;
#8342 = DIRECTION ( 'NONE',  ( -0.000000000000000000, -0.000000000000000000, 1.000000000000000000 ) ) ;
#8343 = EDGE_LOOP ( 'NONE', ( #1540, #1863, #4901, #9549, #5945 ) ) ;
#8344 = EDGE_CURVE ( 'NONE', #58, #2511, #3617, .T. ) ;
#8345 = AXIS2_PLACEMENT_3D ( 'NONE', #11209, #6025, #1021 ) ;
#8346 = LINE ( 'NONE', #1388, #11706 ) ;
#8347 = DIRECTION ( 'NONE',  ( 1.000000000000000000, 0.000000000000000000, 0.000000000000000000 ) ) ;
#8348 = VERTEX_POINT ( 'NONE', #5538 ) ;
#8349 = CIRCLE ( 'NONE', #5629, 26.75000000000000000 ) ;
#8350 = DIRECTION ( 'NONE',  ( -1.000000000000000000, -0.000000000000000000, -0.000000000000000000 ) ) ;
#8351 = DIRECTION ( 'NONE',  ( -0.000000000000000000, -0.000000000000000000, 1.000000000000000000 ) ) ;
#8352 = ORIENTED_EDGE ( 'NONE', *, *, #12370, .T. ) ;
#8353 = DIRECTION ( 'NONE',  ( 1.000000000000000000, 0.000000000000000000, 0.000000000000000000 ) ) ;
#8354 = ADVANCED_FACE ( 'NONE', ( #3420 ), #4468, .F. ) ;
#8355 = ORIENTED_EDGE ( 'NONE', *, *, #6458, .F. ) ;
#8356 = ORIENTED_EDGE ( 'NONE', *, *, #73, .F. ) ;
#8357 = DIRECTION ( 'NONE',  ( 0.000000000000000000, 0.000000000000000000, -1.000000000000000000 ) ) ;
#8358 = DIRECTION ( 'NONE',  ( 0.000000000000000000, 1.000000000000000000, 0.000000000000000000 ) ) ;
#8359 = AXIS2_PLACEMENT_3D ( 'NONE', #3128, #11022, #2019 ) ;
#8360 = CARTESIAN_POINT ( 'NONE',  ( 39.12398950069049164, 28.87693130457883584, 53.29999999999999005 ) ) ;
#8361 = CARTESIAN_POINT ( 'NONE',  ( -35.92640687119284593, -42.42640687119285303, 11.59999999999999254 ) ) ;
#8362 = CARTESIAN_POINT ( 'NONE',  ( -57.49999999999994316, -9.578137980857718503, 47.04894496545160365 ) ) ;
#8363 = AXIS2_PLACEMENT_3D ( 'NONE', #7166, #8351, #11176 ) ;
#8364 = DIRECTION ( 'NONE',  ( 1.000000000000000000, 0.000000000000000000, 0.000000000000000000 ) ) ;
#8365 = DIRECTION ( 'NONE',  ( 0.000000000000000000, 0.000000000000000000, -1.000000000000000000 ) ) ;
#8366 = EDGE_LOOP ( 'NONE', ( #2218, #3679, #3707, #9697 ) ) ;
#8367 = DIRECTION ( 'NONE',  ( 0.000000000000000000, 0.000000000000000000, -1.000000000000000000 ) ) ;
#8368 = CARTESIAN_POINT ( 'NONE',  ( -22.50000000000000000, 114.0000000000000000, -35.50000000000000711 ) ) ;
#8369 = EDGE_CURVE ( 'NONE', #2469, #1955, #9526, .T. ) ;
#8370 = ORIENTED_EDGE ( 'NONE', *, *, #11443, .T. ) ;
#8371 = CARTESIAN_POINT ( 'NONE',  ( -42.42640687119306619, -42.42640687119262566, -18.00000000000000355 ) ) ;
#8372 = VECTOR ( 'NONE', #2488, 1000.000000000000000 ) ;
#8373 = DIRECTION ( 'NONE',  ( 0.000000000000000000, 1.000000000000000000, 0.000000000000000000 ) ) ;
#8374 = AXIS2_PLACEMENT_3D ( 'NONE', #7399, #5225, #4615 ) ;
#8375 = AXIS2_PLACEMENT_3D ( 'NONE', #5351, #9342, #2379 ) ;
#8376 = EDGE_LOOP ( 'NONE', ( #2440, #11295, #11951, #10389 ) ) ;
#8377 = CYLINDRICAL_SURFACE ( 'NONE', #11120, 3.399999999999993250 ) ;
#8378 = FACE_OUTER_BOUND ( 'NONE', #3905, .T. ) ;
#8379 = DIRECTION ( 'NONE',  ( 1.000000000000000000, 0.000000000000000000, 0.000000000000000000 ) ) ;
#8380 = ORIENTED_EDGE ( 'NONE', *, *, #3684, .T. ) ;
#8381 = AXIS2_PLACEMENT_3D ( 'NONE', #2972, #4942, #9027 ) ;
#8382 = DIRECTION ( 'NONE',  ( 0.000000000000000000, 0.000000000000000000, -1.000000000000000000 ) ) ;
#8383 = AXIS2_PLACEMENT_3D ( 'NONE', #5879, #10929, #6856 ) ;
#8384 = ADVANCED_FACE ( 'NONE', ( #4531 ), #9653, .T. ) ;
#8385 = ORIENTED_EDGE ( 'NONE', *, *, #2701, .F. ) ;
#8386 = ORIENTED_EDGE ( 'NONE', *, *, #9191, .F. ) ;
#8387 = CARTESIAN_POINT ( 'NONE',  ( -48.92640687119284593, 42.42640687119283172, 11.59999999999999254 ) ) ;
#8388 = ORIENTED_EDGE ( 'NONE', *, *, #2929, .F. ) ;
#8389 = VERTEX_POINT ( 'NONE', #7437 ) ;
#8390 = ORIENTED_EDGE ( 'NONE', *, *, #6047, .T. ) ;
#8391 = CARTESIAN_POINT ( 'NONE',  ( 7.000000000000000000, 0.000000000000000000, -20.00000000000000000 ) ) ;
#8392 = DIRECTION ( 'NONE',  ( -0.000000000000000000, -0.000000000000000000, -1.000000000000000000 ) ) ;
#8393 = CARTESIAN_POINT ( 'NONE',  ( 30.77624999999999744, 114.0000000000000000, -8.500000000000003553 ) ) ;
#8394 = CARTESIAN_POINT ( 'NONE',  ( 22.14000000000005031, -38.19999999999998863, 112.0000000000000000 ) ) ;
#8395 = AXIS2_PLACEMENT_3D ( 'NONE', #8749, #12637, #7649 ) ;
#8396 = CIRCLE ( 'NONE', #2684, 4.999999999999984013 ) ;
#8397 = ORIENTED_EDGE ( 'NONE', *, *, #12217, .T. ) ;
#8398 = CYLINDRICAL_SURFACE ( 'NONE', #1974, 21.00000000000000355 ) ;
#8399 = LINE ( 'NONE', #11222, #11562 ) ;
#8400 = EDGE_LOOP ( 'NONE', ( #2812, #1755, #11196, #3836 ) ) ;
#8401 = LINE ( 'NONE', #4381, #4888 ) ;
#8402 = CARTESIAN_POINT ( 'NONE',  ( -51.50000000000000711, 1.561251128379126385E-14, 40.29999999999998295 ) ) ;
#8403 =( GEOMETRIC_REPRESENTATION_CONTEXT ( 3 ) GLOBAL_UNCERTAINTY_ASSIGNED_CONTEXT ( ( #84 ) ) GLOBAL_UNIT_ASSIGNED_CONTEXT ( ( #11944, #12079, #6098 ) ) REPRESENTATION_CONTEXT ( 'NONE', 'WORKASPACE' ) );
#8404 = CARTESIAN_POINT ( 'NONE',  ( -48.92640687119284593, -42.42640687119285303, 19.59999999999999076 ) ) ;
#8405 = AXIS2_PLACEMENT_3D ( 'NONE', #3481, #1586, #10590 ) ;
#8406 = CARTESIAN_POINT ( 'NONE',  ( 0.000000000000000000, 114.0000000000000000, -0.5000000000000004441 ) ) ;
#8407 = EDGE_CURVE ( 'NONE', #5997, #2618, #11570, .T. ) ;
#8408 = LINE ( 'NONE', #7287, #6377 ) ;
#8409 = ORIENTED_EDGE ( 'NONE', *, *, #3468, .F. ) ;
#8410 = DIRECTION ( 'NONE',  ( 0.000000000000000000, 0.000000000000000000, 1.000000000000000000 ) ) ;
#8411 = VERTEX_POINT ( 'NONE', #2424 ) ;
#8412 = DIRECTION ( 'NONE',  ( 1.000000000000000000, 0.000000000000000000, -5.551115123125781470E-17 ) ) ;
#8413 = CIRCLE ( 'NONE', #11757, 26.00000000000001066 ) ;
#8414 = CARTESIAN_POINT ( 'NONE',  ( -12.50000000000000000, 114.0000000000000000, -19.50000000000000355 ) ) ;
#8415 = CARTESIAN_POINT ( 'NONE',  ( 0.000000000000000000, 114.0000000000000000, -4.500000000000003553 ) ) ;
#8416 = CARTESIAN_POINT ( 'NONE',  ( -36.50000000000000711, 114.0000000000000000, -65.49999999999998579 ) ) ;
#8417 = AXIS2_PLACEMENT_3D ( 'NONE', #11708, #4724, #11963 ) ;
#8418 = VERTEX_POINT ( 'NONE', #2682 ) ;
#8419 = DIRECTION ( 'NONE',  ( 0.000000000000000000, 0.000000000000000000, -1.000000000000000000 ) ) ;
#8420 = EDGE_CURVE ( 'NONE', #4896, #9528, #2529, .T. ) ;
#8421 = VERTEX_POINT ( 'NONE', #8613 ) ;
#8422 = EDGE_LOOP ( 'NONE', ( #1456, #1158, #4746, #651 ) ) ;
#8423 = ADVANCED_FACE ( 'NONE', ( #12621 ), #5733, .T. ) ;
#8424 = AXIS2_PLACEMENT_3D ( 'NONE', #7756, #11762, #2747 ) ;
#8425 = CARTESIAN_POINT ( 'NONE',  ( -37.49999999999999289, 114.0000000000000000, -44.90443948822942843 ) ) ;
#8426 = DIRECTION ( 'NONE',  ( 0.000000000000000000, -1.000000000000000000, 0.000000000000000000 ) ) ;
#8427 = DIRECTION ( 'NONE',  ( 1.000000000000000000, 0.000000000000000000, 0.000000000000000000 ) ) ;
#8428 = DIRECTION ( 'NONE',  ( 1.000000000000000000, 0.000000000000000000, 0.000000000000000000 ) ) ;
#8429 = EDGE_CURVE ( 'NONE', #8043, #10058, #11354, .T. ) ;
#8430 = EDGE_CURVE ( 'NONE', #4416, #11902, #3999, .T. ) ;
#8431 = DIRECTION ( 'NONE',  ( 0.000000000000000000, 1.000000000000000000, 0.000000000000000000 ) ) ;
#8432 = CARTESIAN_POINT ( 'NONE',  ( 20.00000000000000000, 114.0000000000000000, 0.5000000000000004441 ) ) ;
#8433 = VERTEX_POINT ( 'NONE', #782 ) ;
#8434 = FACE_OUTER_BOUND ( 'NONE', #2887, .T. ) ;
#8435 = LINE ( 'NONE', #2117, #10061 ) ;
#8436 = ORIENTED_EDGE ( 'NONE', *, *, #3507, .F. ) ;
#8437 = ORIENTED_EDGE ( 'NONE', *, *, #3940, .T. ) ;
#8438 = AXIS2_PLACEMENT_3D ( 'NONE', #5371, #12397, #498 ) ;
#8439 = CIRCLE ( 'NONE', #5921, 22.50000000000000000 ) ;
#8440 = VECTOR ( 'NONE', #12258, 1000.000000000000000 ) ;
#8441 = CARTESIAN_POINT ( 'NONE',  ( -45.50000000000008527, 10.28944411027171491, 66.86324657783309533 ) ) ;
#8442 = CARTESIAN_POINT ( 'NONE',  ( -51.49999999999996447, 13.57707609273048277, 57.64361941132007416 ) ) ;
#8443 = ADVANCED_FACE ( 'NONE', ( #5852 ), #9973, .F. ) ;
#8444 = FACE_OUTER_BOUND ( 'NONE', #957, .T. ) ;
#8445 = CYLINDRICAL_SURFACE ( 'NONE', #3549, 33.46499999999999631 ) ;
#8446 = AXIS2_PLACEMENT_3D ( 'NONE', #3998, #8871, #6903 ) ;
#8447 = ORIENTED_EDGE ( 'NONE', *, *, #2580, .F. ) ;
#8448 = DIRECTION ( 'NONE',  ( -1.000000000000000000, 0.000000000000000000, 0.000000000000000000 ) ) ;
#8449 = VECTOR ( 'NONE', #4578, 1000.000000000000000 ) ;
#8450 = ORIENTED_EDGE ( 'NONE', *, *, #4401, .T. ) ;
#8451 = CYLINDRICAL_SURFACE ( 'NONE', #2935, 22.50000000000000000 ) ;
#8452 = ORIENTED_EDGE ( 'NONE', *, *, #4743, .F. ) ;
#8453 = CARTESIAN_POINT ( 'NONE',  ( -38.19999999999998153, -22.14000000000005386, 53.29999999999997584 ) ) ;
#8454 = DIRECTION ( 'NONE',  ( 1.000000000000000000, 0.000000000000000000, 0.000000000000000000 ) ) ;
#8455 = DIRECTION ( 'NONE',  ( -1.000000000000000000, 0.000000000000000000, 0.000000000000000000 ) ) ;
#8456 = EDGE_CURVE ( 'NONE', #8778, #4135, #5271, .T. ) ;
#8457 = VECTOR ( 'NONE', #316, 1000.000000000000000 ) ;
#8458 = DIRECTION ( 'NONE',  ( 0.000000000000000000, 0.000000000000000000, -1.000000000000000000 ) ) ;
#8459 = ADVANCED_FACE ( 'NONE', ( #8935 ), #8194, .T. ) ;
#8460 = VERTEX_POINT ( 'NONE', #12814 ) ;
#8461 = DIRECTION ( 'NONE',  ( 1.000000000000000000, 0.000000000000000000, 0.000000000000000000 ) ) ;
#8462 = DIRECTION ( 'NONE',  ( 0.000000000000000000, 0.000000000000000000, -1.000000000000000000 ) ) ;
#8463 = EDGE_LOOP ( 'NONE', ( #502, #1637, #1288, #11727 ) ) ;
#8464 = AXIS2_PLACEMENT_3D ( 'NONE', #12087, #11033, #2091 ) ;
#8465 = ORIENTED_EDGE ( 'NONE', *, *, #10103, .F. ) ;
#8466 = DIRECTION ( 'NONE',  ( 1.000000000000000000, 0.000000000000000000, 0.000000000000000000 ) ) ;
#8467 = CARTESIAN_POINT ( 'NONE',  ( -12.50000000000000000, 114.0000000000000000, -3.150000000000003464 ) ) ;
#8468 = LINE ( 'NONE', #512, #8449 ) ;
#8469 = AXIS2_PLACEMENT_3D ( 'NONE', #2912, #11732, #9688 ) ;
#8470 = CARTESIAN_POINT ( 'NONE',  ( 0.000000000000000000, 114.0000000000000000, -16.50000000000000355 ) ) ;
#8471 = CARTESIAN_POINT ( 'NONE',  ( -42.49999999999998579, -42.49999999999998579, 10.00000000000000000 ) ) ;
#8472 = EDGE_LOOP ( 'NONE', ( #3419, #9106 ) ) ;
#8473 = DIRECTION ( 'NONE',  ( 0.000000000000000000, -0.000000000000000000, -1.000000000000000000 ) ) ;
#8474 = VERTEX_POINT ( 'NONE', #7820 ) ;
#8475 = CIRCLE ( 'NONE', #2376, 7.499999999999985789 ) ;
#8476 = CONICAL_SURFACE ( 'NONE', #2820, 19.00000000000000355, 0.7853981633974482790 ) ;
#8477 = CARTESIAN_POINT ( 'NONE',  ( -37.49999999999999289, 114.0000000000000000, 29.09545482057523813 ) ) ;
#8478 = EDGE_LOOP ( 'NONE', ( #8385, #6419, #9827, #10589 ) ) ;
#8479 = CIRCLE ( 'NONE', #3653, 1.999999999999980904 ) ;
#8480 = LINE ( 'NONE', #8540, #11834 ) ;
#8481 = CARTESIAN_POINT ( 'NONE',  ( 0.000000000000000000, 0.000000000000000000, -2.299999999999999822 ) ) ;
#8482 = VECTOR ( 'NONE', #10887, 1000.000000000000000 ) ;
#8483 = ORIENTED_EDGE ( 'NONE', *, *, #4628, .F. ) ;
#8484 = DIRECTION ( 'NONE',  ( -0.000000000000000000, -0.000000000000000000, 1.000000000000000000 ) ) ;
#8485 = EDGE_CURVE ( 'NONE', #5314, #6700, #3735, .T. ) ;
#8486 = EDGE_LOOP ( 'NONE', ( #10434, #11712 ) ) ;
#8487 = ORIENTED_EDGE ( 'NONE', *, *, #12250, .T. ) ;
#8488 = CIRCLE ( 'NONE', #2385, 4.250000000000003553 ) ;
#8489 = DIRECTION ( 'NONE',  ( 1.000000000000000000, 0.000000000000000000, 0.000000000000000000 ) ) ;
#8490 = DIRECTION ( 'NONE',  ( 0.000000000000000000, 0.000000000000000000, -1.000000000000000000 ) ) ;
#8491 = CARTESIAN_POINT ( 'NONE',  ( -42.42640687119276777, 156.4264068711929383, 11.50000000000001066 ) ) ;
#8492 = CARTESIAN_POINT ( 'NONE',  ( 0.000000000000000000, 114.0000000000000000, -63.50000000000000000 ) ) ;
#8493 = EDGE_CURVE ( 'NONE', #7835, #3663, #5059, .T. ) ;
#8494 = EDGE_CURVE ( 'NONE', #1517, #10851, #2030, .T. ) ;
#8495 = DIRECTION ( 'NONE',  ( 1.000000000000000000, 0.000000000000000000, 0.000000000000000000 ) ) ;
#8496 = CARTESIAN_POINT ( 'NONE',  ( 0.000000000000000000, 114.0000000000000000, -77.99999999999998579 ) ) ;
#8497 = CARTESIAN_POINT ( 'NONE',  ( 0.000000000000000000, 114.0000000000000000, -44.90443948822942843 ) ) ;
#8498 = EDGE_LOOP ( 'NONE', ( #7905, #1274, #7328, #9639 ) ) ;
#8499 = DIRECTION ( 'NONE',  ( -1.000000000000000000, 0.000000000000000000, -4.270088556250602685E-15 ) ) ;
#8500 = CARTESIAN_POINT ( 'NONE',  ( 12.50000000000000000, 114.0000000000000000, -65.35000000000000853 ) ) ;
#8501 = ORIENTED_EDGE ( 'NONE', *, *, #5780, .T. ) ;
#8502 = EDGE_CURVE ( 'NONE', #3890, #3551, #10527, .T. ) ;
#8503 = DIRECTION ( 'NONE',  ( 1.541976423090494894E-16, 0.000000000000000000, -1.000000000000000000 ) ) ;
#8504 = CARTESIAN_POINT ( 'NONE',  ( -51.50000000000004974, -12.75761020543044566, 63.43552400136141500 ) ) ;
#8505 = APPROVAL_STATUS ( 'not_yet_approved' ) ;
#8506 = DIRECTION ( 'NONE',  ( 0.000000000000000000, 1.000000000000000000, 0.000000000000000000 ) ) ;
#8507 = DIRECTION ( 'NONE',  ( -1.000000000000000000, 0.000000000000000000, 0.000000000000000000 ) ) ;
#8508 = ORIENTED_EDGE ( 'NONE', *, *, #2702, .T. ) ;
#8509 = FACE_OUTER_BOUND ( 'NONE', #447, .T. ) ;
#8510 = EDGE_LOOP ( 'NONE', ( #12589, #12978, #3261, #11811 ) ) ;
#8511 = CARTESIAN_POINT ( 'NONE',  ( 0.000000000000000000, 114.0000000000000000, 14.20569654897112244 ) ) ;
#8512 = ORIENTED_EDGE ( 'NONE', *, *, #4024, .F. ) ;
#8513 = EDGE_CURVE ( 'NONE', #318, #7863, #10298, .T. ) ;
#8514 = EDGE_CURVE ( 'NONE', #212, #8182, #6111, .T. ) ;
#8515 = ORIENTED_EDGE ( 'NONE', *, *, #11693, .F. ) ;
#8516 = DIRECTION ( 'NONE',  ( 1.000000000000000000, 0.000000000000000000, 0.000000000000000000 ) ) ;
#8517 = DIRECTION ( 'NONE',  ( -0.000000000000000000, -0.000000000000000000, 1.000000000000000000 ) ) ;
#8518 = CYLINDRICAL_SURFACE ( 'NONE', #11820, 28.08750000000000213 ) ;
#8519 = CARTESIAN_POINT ( 'NONE',  ( 0.000000000000000000, 114.0000000000000000, -36.50000000000000711 ) ) ;
#8520 = ORIENTED_EDGE ( 'NONE', *, *, #3198, .F. ) ;
#8521 = DIRECTION ( 'NONE',  ( 0.000000000000000000, 0.000000000000000000, -1.000000000000000000 ) ) ;
#8522 = FACE_OUTER_BOUND ( 'NONE', #4881, .T. ) ;
#8523 = AXIS2_PLACEMENT_3D ( 'NONE', #817, #2841, #8842 ) ;
#8524 = ORIENTED_EDGE ( 'NONE', *, *, #11270, .F. ) ;
#8525 = LINE ( 'NONE', #2345, #9508 ) ;
#8526 = DIRECTION ( 'NONE',  ( -0.000000000000000000, -0.000000000000000000, 1.000000000000000000 ) ) ;
#8527 = CARTESIAN_POINT ( 'NONE',  ( 0.000000000000000000, 114.0000000000000000, 10.99999999999999645 ) ) ;
#8528 = CARTESIAN_POINT ( 'NONE',  ( 36.76999999999996760, 36.77000000000000313, 19.60000000000000497 ) ) ;
#8529 = EDGE_CURVE ( 'NONE', #2381, #4021, #3865, .T. ) ;
#8530 = ORIENTED_EDGE ( 'NONE', *, *, #10200, .T. ) ;
#8531 = DIRECTION ( 'NONE',  ( 0.000000000000000000, 0.000000000000000000, 1.000000000000000000 ) ) ;
#8532 = VERTEX_POINT ( 'NONE', #9774 ) ;
#8533 = CARTESIAN_POINT ( 'NONE',  ( -44.99999999999998579, -22.14000000000005386, 53.29999999999997584 ) ) ;
#8534 = EDGE_CURVE ( 'NONE', #7948, #7685, #975, .T. ) ;
#8535 = EDGE_LOOP ( 'NONE', ( #7521, #3750, #4922, #181 ) ) ;
#8536 = VECTOR ( 'NONE', #6541, 1000.000000000000000 ) ;
#8537 = CARTESIAN_POINT ( 'NONE',  ( -33.46499999999999631, 114.0000000000000000, -4.767624960229753128 ) ) ;
#8538 = VECTOR ( 'NONE', #10414, 1000.000000000000000 ) ;
#8539 = ORIENTED_EDGE ( 'NONE', *, *, #5091, .F. ) ;
#8540 = CARTESIAN_POINT ( 'NONE',  ( -4.000000000000000888, 125.8427192823270104, -79.00000000000000000 ) ) ;
#8541 = LINE ( 'NONE', #7563, #3119 ) ;
#8542 = EDGE_CURVE ( 'NONE', #11073, #6742, #2941, .T. ) ;
#8543 = VERTEX_POINT ( 'NONE', #8868 ) ;
#8544 = CIRCLE ( 'NONE', #2441, 6.499999999999999112 ) ;
#8545 = FACE_OUTER_BOUND ( 'NONE', #2951, .T. ) ;
#8546 = AXIS2_PLACEMENT_3D ( 'NONE', #10132, #2051, #206 ) ;
#8547 = CIRCLE ( 'NONE', #2864, 37.49999999999999289 ) ;
#8548 = EDGE_CURVE ( 'NONE', #2984, #12903, #12881, .T. ) ;
#8549 = EDGE_LOOP ( 'NONE', ( #7803, #4470, #7228, #5646 ) ) ;
#8550 = ORIENTED_EDGE ( 'NONE', *, *, #12422, .F. ) ;
#8551 = CARTESIAN_POINT ( 'NONE',  ( 45.50000000000004974, 51.49999999999998579, -1.000000000000000888 ) ) ;
#8552 = DIRECTION ( 'NONE',  ( -1.000000000000000000, 0.000000000000000000, 0.000000000000000000 ) ) ;
#8553 = DIRECTION ( 'NONE',  ( 0.000000000000000000, 0.000000000000000000, -1.000000000000000000 ) ) ;
#8554 = CARTESIAN_POINT ( 'NONE',  ( 44.99999999999997868, 22.14000000000004675, 53.29999999999999005 ) ) ;
#8555 = AXIS2_PLACEMENT_3D ( 'NONE', #6258, #7245, #6064 ) ;
#8556 = AXIS2_PLACEMENT_3D ( 'NONE', #2317, #6335, #8234 ) ;
#8557 = AXIS2_PLACEMENT_3D ( 'NONE', #9589, #8787, #8859 ) ;
#8558 = CARTESIAN_POINT ( 'NONE',  ( -26.75000000000000000, 114.0000000000000000, -16.50000000000000355 ) ) ;
#8559 = CYLINDRICAL_SURFACE ( 'NONE', #129, 7.499999999999985789 ) ;
#8560 = LINE ( 'NONE', #3562, #1012 ) ;
#8561 = ORIENTED_EDGE ( 'NONE', *, *, #4483, .F. ) ;
#8562 = DIRECTION ( 'NONE',  ( 0.000000000000000000, 0.000000000000000000, 1.000000000000000000 ) ) ;
#8563 = CARTESIAN_POINT ( 'NONE',  ( -51.99999999999998579, 42.50000000000000000, 10.00000000000000000 ) ) ;
#8564 = ORIENTED_EDGE ( 'NONE', *, *, #10200, .F. ) ;
#8565 = CIRCLE ( 'NONE', #2248, 29.00000000000001066 ) ;
#8566 = EDGE_CURVE ( 'NONE', #5389, #3972, #6746, .T. ) ;
#8567 = EDGE_CURVE ( 'NONE', #12504, #10499, #7159, .T. ) ;
#8568 = CARTESIAN_POINT ( 'NONE',  ( -45.50000000000015632, -10.28944411027177352, 66.86324657783308112 ) ) ;
#8569 = DIRECTION ( 'NONE',  ( 1.000000000000000000, 0.000000000000000000, 0.000000000000000000 ) ) ;
#8570 = ADVANCED_FACE ( 'NONE', ( #9717 ), #4716, .T. ) ;
#8571 = DIRECTION ( 'NONE',  ( 1.000000000000000000, 0.000000000000000000, 0.000000000000000000 ) ) ;
#8572 = ADVANCED_FACE ( 'NONE', ( #6775 ), #3072, .F. ) ;
#8573 = CARTESIAN_POINT ( 'NONE',  ( 29.33956106112634643, -35.75089393306192420, 112.0000000000000000 ) ) ;
#8574 = ORIENTED_EDGE ( 'NONE', *, *, #4339, .T. ) ;
#8575 = CARTESIAN_POINT ( 'NONE',  ( 0.000000000000000000, 114.0000000000000000, -78.00000000000000000 ) ) ;
#8576 = ORIENTED_EDGE ( 'NONE', *, *, #12352, .T. ) ;
#8577 = DIRECTION ( 'NONE',  ( -1.000000000000000000, 0.000000000000000000, 0.000000000000000000 ) ) ;
#8578 = ORIENTED_EDGE ( 'NONE', *, *, #9412, .T. ) ;
#8579 = AXIS2_PLACEMENT_3D ( 'NONE', #2886, #7889, #854 ) ;
#8580 = CIRCLE ( 'NONE', #2897, 6.499999999999999112 ) ;
#8581 = EDGE_CURVE ( 'NONE', #4523, #5818, #5323, .T. ) ;
#8582 = FACE_OUTER_BOUND ( 'NONE', #4155, .T. ) ;
#8583 = DIRECTION ( 'NONE',  ( -0.000000000000000000, 0.000000000000000000, -1.000000000000000000 ) ) ;
#8584 = DIRECTION ( 'NONE',  ( 1.000000000000000000, 0.000000000000000000, 0.000000000000000000 ) ) ;
#8585 = ORIENTED_EDGE ( 'NONE', *, *, #4975, .T. ) ;
#8586 = AXIS2_PLACEMENT_3D ( 'NONE', #12205, #2277, #12273 ) ;
#8587 = ADVANCED_FACE ( 'NONE', ( #9316 ), #2090, .T. ) ;
#8588 = AXIS2_PLACEMENT_3D ( 'NONE', #9105, #9953, #5898 ) ;
#8589 = DIRECTION ( 'NONE',  ( 1.000000000000000000, 0.000000000000000000, 0.000000000000000000 ) ) ;
#8590 = EDGE_CURVE ( 'NONE', #5485, #2017, #5179, .T. ) ;
#8591 = CARTESIAN_POINT ( 'NONE',  ( 0.000000000000000000, 114.0000000000000000, 14.20569654897112244 ) ) ;
#8592 = ORIENTED_EDGE ( 'NONE', *, *, #6985, .F. ) ;
#8593 = CARTESIAN_POINT ( 'NONE',  ( -52.00000000000008527, -52.00000000000000000, 0.000000000000000000 ) ) ;
#8594 = CYLINDRICAL_SURFACE ( 'NONE', #11952, 4.499999999999998224 ) ;
#8595 = CARTESIAN_POINT ( 'NONE',  ( 45.50000000000002842, 68.49999999999998579, 11.50000000000001066 ) ) ;
#8596 = CARTESIAN_POINT ( 'NONE',  ( 0.000000000000000000, 114.0000000000000000, -15.50000000000000355 ) ) ;
#8597 = ORIENTED_EDGE ( 'NONE', *, *, #9964, .F. ) ;
#8598 = DIRECTION ( 'NONE',  ( 1.000000000000000000, 0.000000000000000000, 0.000000000000000000 ) ) ;
#8599 = EDGE_CURVE ( 'NONE', #11013, #2469, #4256, .T. ) ;
#8600 = VECTOR ( 'NONE', #6072, 1000.000000000000000 ) ;
#8601 = CARTESIAN_POINT ( 'NONE',  ( -36.77000000000001023, 36.76999999999996049, 112.0000000000000000 ) ) ;
#8602 = ORIENTED_EDGE ( 'NONE', *, *, #2608, .T. ) ;
#8603 = CARTESIAN_POINT ( 'NONE',  ( -26.99999999999999645, 73.09999999999999432, 62.93607486307095655 ) ) ;
#8604 = CYLINDRICAL_SURFACE ( 'NONE', #3670, 4.250000000000003553 ) ;
#8605 = EDGE_CURVE ( 'NONE', #2470, #283, #3583, .T. ) ;
#8606 = AXIS2_PLACEMENT_3D ( 'NONE', #7083, #42, #7939 ) ;
#8607 = EDGE_LOOP ( 'NONE', ( #12967, #9698, #8084 ) ) ;
#8608 = AXIS2_PLACEMENT_3D ( 'NONE', #6915, #6059, #10919 ) ;
#8609 = CARTESIAN_POINT ( 'NONE',  ( -29.33956106112633933, -35.75089393306184604, 73.39999999999997726 ) ) ;
#8610 = ADVANCED_FACE ( 'NONE', ( #49 ), #249, .T. ) ;
#8611 = DIRECTION ( 'NONE',  ( 1.000000000000000000, 0.000000000000000000, 0.000000000000000000 ) ) ;
#8612 = ORIENTED_EDGE ( 'NONE', *, *, #713, .T. ) ;
#8613 = CARTESIAN_POINT ( 'NONE',  ( -48.92640687119284593, -42.42640687119285303, 11.59999999999999254 ) ) ;
#8614 = VERTEX_POINT ( 'NONE', #1313 ) ;
#8615 = EDGE_CURVE ( 'NONE', #10125, #12661, #3336, .T. ) ;
#8616 = CYLINDRICAL_SURFACE ( 'NONE', #4633, 7.000000000000000000 ) ;
#8617 = DIRECTION ( 'NONE',  ( -1.000000000000000000, 0.000000000000000000, 0.000000000000000000 ) ) ;
#8618 = AXIS2_PLACEMENT_3D ( 'NONE', #9492, #2329, #1554 ) ;
#8619 = EDGE_CURVE ( 'NONE', #3473, #8116, #313, .T. ) ;
#8620 = CARTESIAN_POINT ( 'NONE',  ( -45.50000000000007105, 68.49999999999998579, -1.000000000000000888 ) ) ;
#8621 = EDGE_CURVE ( 'NONE', #8246, #2105, #10302, .T. ) ;
#8622 = DIRECTION ( 'NONE',  ( -0.000000000000000000, 0.000000000000000000, -1.000000000000000000 ) ) ;
#8623 = CIRCLE ( 'NONE', #2943, 12.24999999999999645 ) ;
#8624 = CARTESIAN_POINT ( 'NONE',  ( 13.09999999999999964, 114.0000000000000000, -65.35000000000000853 ) ) ;
#8625 = CARTESIAN_POINT ( 'NONE',  ( 42.25000000000000000, 85.56884280931819831, 6.499999999999996447 ) ) ;
#8627 = ORIENTED_EDGE ( 'NONE', *, *, #8344, .F. ) ;
#8626 = CIRCLE ( 'NONE', #11564, 28.08750000000000213 ) ;
#8628 = LINE ( 'NONE', #2872, #6067 ) ;
#8629 = LINE ( 'NONE', #11455, #3762 ) ;
#8630 = EDGE_LOOP ( 'NONE', ( #4741, #11240, #4620, #12248 ) ) ;
#8631 = DIRECTION ( 'NONE',  ( 0.000000000000000000, 0.000000000000000000, -1.000000000000000000 ) ) ;
#8632 = CARTESIAN_POINT ( 'NONE',  ( 45.50000000000013500, -45.49999999999998579, 0.000000000000000000 ) ) ;
#8633 = VECTOR ( 'NONE', #4075, 1000.000000000000000 ) ;
#8634 = AXIS2_PLACEMENT_3D ( 'NONE', #8528, #3408, #7548 ) ;
#8635 = CARTESIAN_POINT ( 'NONE',  ( 21.00000000000000355, 114.0000000000000000, -77.00000000000000000 ) ) ;
#8636 = DIRECTION ( 'NONE',  ( -1.000000000000000000, 0.000000000000000000, 0.000000000000000000 ) ) ;
#8637 = ORIENTED_EDGE ( 'NONE', *, *, #10591, .T. ) ;
#8638 = FACE_OUTER_BOUND ( 'NONE', #11736, .T. ) ;
#8639 = ORIENTED_EDGE ( 'NONE', *, *, #5805, .F. ) ;
#8640 = LINE ( 'NONE', #3580, #9450 ) ;
#8641 = ORIENTED_EDGE ( 'NONE', *, *, #12603, .T. ) ;
#8642 = VECTOR ( 'NONE', #12731, 1000.000000000000000 ) ;
#8643 = DIRECTION ( 'NONE',  ( 1.000000000000000000, 0.000000000000000000, 0.000000000000000000 ) ) ;
#8644 = EDGE_CURVE ( 'NONE', #2667, #2263, #6945, .T. ) ;
#8645 = CARTESIAN_POINT ( 'NONE',  ( -59.00000000000006395, -11.38971035409370991, 65.13014328713762779 ) ) ;
#8646 = FACE_OUTER_BOUND ( 'NONE', #6941, .T. ) ;
#8647 = AXIS2_PLACEMENT_3D ( 'NONE', #10501, #12031, #8331 ) ;
#8648 = EDGE_LOOP ( 'NONE', ( #585, #11508 ) ) ;
#8649 = VECTOR ( 'NONE', #5439, 1000.000000000000000 ) ;
#8650 = AXIS2_PLACEMENT_3D ( 'NONE', #9063, #6780, #10779 ) ;
#8651 = AXIS2_PLACEMENT_3D ( 'NONE', #2212, #6227, #7027 ) ;
#8652 = LINE ( 'NONE', #6692, #9312 ) ;
#8653 = ORIENTED_EDGE ( 'NONE', *, *, #1599, .F. ) ;
#8654 = LINE ( 'NONE', #12726, #12651 ) ;
#8655 = ORIENTED_EDGE ( 'NONE', *, *, #8513, .T. ) ;
#8656 = ORIENTED_EDGE ( 'NONE', *, *, #12374, .T. ) ;
#8657 = CARTESIAN_POINT ( 'NONE',  ( 0.000000000000000000, 114.0000000000000000, 9.499999999999994671 ) ) ;
#8658 = CARTESIAN_POINT ( 'NONE',  ( -36.76999999999997470, -36.77000000000001023, 112.0000000000000000 ) ) ;
#8659 = ORIENTED_EDGE ( 'NONE', *, *, #76, .F. ) ;
#8660 = DIRECTION ( 'NONE',  ( 1.000000000000000000, 0.000000000000000000, 0.000000000000000000 ) ) ;
#8661 = VECTOR ( 'NONE', #6236, 1000.000000000000000 ) ;
#8662 = ORIENTED_EDGE ( 'NONE', *, *, #6354, .T. ) ;
#8663 = EDGE_CURVE ( 'NONE', #4969, #4519, #4634, .T. ) ;
#8664 = CARTESIAN_POINT ( 'NONE',  ( -34.50000000000000711, 114.0000000000000000, -65.50000000000000000 ) ) ;
#8665 = EDGE_CURVE ( 'NONE', #9216, #139, #6550, .T. ) ;
#8666 = ORIENTED_EDGE ( 'NONE', *, *, #2732, .T. ) ;
#8667 = LINE ( 'NONE', #10828, #2678 ) ;
#8668 = DIRECTION ( 'NONE',  ( -1.000000000000000000, 0.000000000000000000, 0.000000000000000000 ) ) ;
#8669 = ORIENTED_EDGE ( 'NONE', *, *, #3460, .T. ) ;
#8670 = ORIENTED_EDGE ( 'NONE', *, *, #12613, .F. ) ;
#8671 = VECTOR ( 'NONE', #7000, 1000.000000000000000 ) ;
#8672 = CARTESIAN_POINT ( 'NONE',  ( 34.50000000000000711, 114.0000000000000000, -65.50000000000000000 ) ) ;
#8673 = DIRECTION ( 'NONE',  ( 1.000000000000000000, 0.000000000000000000, 0.000000000000000000 ) ) ;
#8674 = ORIENTED_EDGE ( 'NONE', *, *, #9123, .T. ) ;
#8675 = CARTESIAN_POINT ( 'NONE',  ( 37.49999999999999289, 114.0000000000000000, -65.49999999999998579 ) ) ;
#8676 = CARTESIAN_POINT ( 'NONE',  ( 0.000000000000000000, 114.0000000000000000, -65.50000000000000000 ) ) ;
#8677 = EDGE_CURVE ( 'NONE', #4062, #2511, #7355, .T. ) ;
#8678 = VECTOR ( 'NONE', #111, 1000.000000000000000 ) ;
#8679 = DIRECTION ( 'NONE',  ( 1.000000000000000000, 0.000000000000000000, 0.000000000000000000 ) ) ;
#8680 = CARTESIAN_POINT ( 'NONE',  ( 0.000000000000000000, 114.0000000000000000, -3.150000000000003464 ) ) ;
#8681 = AXIS2_PLACEMENT_3D ( 'NONE', #5519, #9506, #5649 ) ;
#8682 = ADVANCED_FACE ( 'NONE', ( #5118 ), #8201, .T. ) ;
#8683 = CIRCLE ( 'NONE', #3008, 37.49999999999999289 ) ;
#8684 = CARTESIAN_POINT ( 'NONE',  ( -42.42640687119284593, -42.42640687119285303, 9.999999999999992895 ) ) ;
#8685 = DIRECTION ( 'NONE',  ( 1.000000000000000000, 0.000000000000000000, 0.000000000000000000 ) ) ;
#8686 = LINE ( 'NONE', #9920, #10618 ) ;
#8687 = LINE ( 'NONE', #12499, #11722 ) ;
#8688 = VERTEX_POINT ( 'NONE', #3142 ) ;
#8689 = AXIS2_PLACEMENT_3D ( 'NONE', #10567, #1564, #8589 ) ;
#8690 = DIRECTION ( 'NONE',  ( -1.000000000000000000, 0.000000000000000000, 0.000000000000000000 ) ) ;
#8691 = CARTESIAN_POINT ( 'NONE',  ( 0.000000000000000000, 114.0000000000000000, -4.500000000000003553 ) ) ;
#8692 = ORIENTED_EDGE ( 'NONE', *, *, #6009, .F. ) ;
#8693 = EDGE_CURVE ( 'NONE', #10295, #8056, #9471, .T. ) ;
#8694 = CLOSED_SHELL ( 'NONE', ( #8798, #6274, #8051, #7290, #4283, #2953, #3853, #6239, #11242, #5305, #6389, #11062, #3559, #2575, #9996, #6420, #2067, #282, #6916, #6813 ) ) ;
#8695 = FACE_OUTER_BOUND ( 'NONE', #5523, .T. ) ;
#8696 = EDGE_CURVE ( 'NONE', #9459, #12243, #6166, .T. ) ;
#8697 = DIRECTION ( 'NONE',  ( 0.000000000000000000, 0.000000000000000000, -1.000000000000000000 ) ) ;
#8698 = PLANE ( 'NONE',  #998 ) ;
#8699 = DIRECTION ( 'NONE',  ( -0.000000000000000000, -0.000000000000000000, 1.000000000000000000 ) ) ;
#8700 = EDGE_LOOP ( 'NONE', ( #994, #627 ) ) ;
#8701 = DIRECTION ( 'NONE',  ( 0.000000000000000000, 1.000000000000000000, 0.000000000000000000 ) ) ;
#8702 = EDGE_LOOP ( 'NONE', ( #10171, #12321, #3483 ) ) ;
#8703 = FACE_OUTER_BOUND ( 'NONE', #5055, .T. ) ;
#8704 = ORIENTED_EDGE ( 'NONE', *, *, #3428, .T. ) ;
#8705 = VECTOR ( 'NONE', #11501, 1000.000000000000000 ) ;
#8706 = ADVANCED_FACE ( 'NONE', ( #2213 ), #6228, .T. ) ;
#8707 = DIRECTION ( 'NONE',  ( -0.000000000000000000, 1.000000000000000000, 0.000000000000000000 ) ) ;
#8708 = CARTESIAN_POINT ( 'NONE',  ( -12.69999999999999929, 114.0000000000000000, 14.20569654897112244 ) ) ;
#8709 = CARTESIAN_POINT ( 'NONE',  ( 42.42640687119288856, -42.42640687119281750, 0.000000000000000000 ) ) ;
#8710 = VERTEX_POINT ( 'NONE', #5386 ) ;
#8711 = ORIENTED_EDGE ( 'NONE', *, *, #5729, .T. ) ;
#8712 = CONICAL_SURFACE ( 'NONE', #12287, 20.00000000000000000, 0.7853981633974466137 ) ;
#8713 = LINE ( 'NONE', #12664, #2601 ) ;
#8714 = CARTESIAN_POINT ( 'NONE',  ( 4.000000000000006217, 114.0000000000000000, -64.00000000000000000 ) ) ;
#8715 = ORIENTED_EDGE ( 'NONE', *, *, #5707, .F. ) ;
#8716 = ORIENTED_EDGE ( 'NONE', *, *, #7524, .F. ) ;
#8717 = FACE_BOUND ( 'NONE', #6356, .T. ) ;
#8718 = CARTESIAN_POINT ( 'NONE',  ( 0.000000000000000000, 114.0000000000000000, 14.20569654897112244 ) ) ;
#8719 = ORIENTED_EDGE ( 'NONE', *, *, #4945, .F. ) ;
#8720 = ORIENTED_EDGE ( 'NONE', *, *, #3755, .T. ) ;
#8721 = DIRECTION ( 'NONE',  ( -0.000000000000000000, -0.000000000000000000, 1.000000000000000000 ) ) ;
#8722 = FACE_OUTER_BOUND ( 'NONE', #3635, .T. ) ;
#8723 = ADVANCED_FACE ( 'NONE', ( #446 ), #5456, .T. ) ;
#8724 = EDGE_CURVE ( 'NONE', #10695, #11626, #577, .T. ) ;
#8725 = DIRECTION ( 'NONE',  ( -0.000000000000000000, -0.000000000000000000, 1.000000000000000000 ) ) ;
#8726 = PLANE ( 'NONE',  #7666 ) ;
#8727 = ORIENTED_EDGE ( 'NONE', *, *, #5618, .T. ) ;
#8728 = ORIENTED_EDGE ( 'NONE', *, *, #6498, .T. ) ;
#8729 = CARTESIAN_POINT ( 'NONE',  ( 0.000000000000000000, 0.000000000000000000, -25.00000000000000000 ) ) ;
#8730 = EDGE_CURVE ( 'NONE', #1955, #2341, #7382, .T. ) ;
#8731 = DIRECTION ( 'NONE',  ( 1.000000000000000000, 0.000000000000000000, 0.000000000000000000 ) ) ;
#8732 = EDGE_CURVE ( 'NONE', #6374, #4092, #3594, .T. ) ;
#8733 = ORIENTED_EDGE ( 'NONE', *, *, #4356, .F. ) ;
#8734 = DIRECTION ( 'NONE',  ( 0.000000000000000000, 0.000000000000000000, -1.000000000000000000 ) ) ;
#8735 = CARTESIAN_POINT ( 'NONE',  ( -39.02640687119307472, -42.42640687119262566, -18.00000000000000355 ) ) ;
#8736 = CIRCLE ( 'NONE', #6211, 4.249999999999996447 ) ;
#8737 = DIRECTION ( 'NONE',  ( 1.000000000000000000, 0.000000000000000000, 0.000000000000000000 ) ) ;
#8738 = DIRECTION ( 'NONE',  ( -0.000000000000000000, -0.000000000000000000, 1.000000000000000000 ) ) ;
#8739 = ADVANCED_FACE ( 'NONE', ( #1506, #5584 ), #1446, .F. ) ;
#8740 = CARTESIAN_POINT ( 'NONE',  ( 0.000000000000000000, 0.000000000000000000, -72.00000000000001421 ) ) ;
#8741 = DIRECTION ( 'NONE',  ( 1.000000000000000000, 0.000000000000000000, 0.000000000000000000 ) ) ;
#8742 = CIRCLE ( 'NONE', #8112, 3.399999999999993250 ) ;
#8743 = LINE ( 'NONE', #12824, #5589 ) ;
#8744 = VECTOR ( 'NONE', #1542, 1000.000000000000000 ) ;
#8745 = LINE ( 'NONE', #6911, #12770 ) ;
#8746 = EDGE_CURVE ( 'NONE', #12359, #2609, #9259, .T. ) ;
#8747 = EDGE_LOOP ( 'NONE', ( #5951, #6472, #9731, #4526 ) ) ;
#8748 = ORIENTED_EDGE ( 'NONE', *, *, #7057, .T. ) ;
#8749 = CARTESIAN_POINT ( 'NONE',  ( 0.000000000000000000, 114.0000000000000000, 8.499999999999994671 ) ) ;
#8750 = AXIS2_PLACEMENT_3D ( 'NONE', #1615, #9805, #10799 ) ;
#8751 = ORIENTED_EDGE ( 'NONE', *, *, #2445, .T. ) ;
#8752 = DIRECTION ( 'NONE',  ( -0.000000000000000000, -0.000000000000000000, -1.000000000000000000 ) ) ;
#8753 = AXIS2_PLACEMENT_3D ( 'NONE', #137, #9144, #1200 ) ;
#8754 = CIRCLE ( 'NONE', #5164, 34.50000000000000711 ) ;
#8755 = DIRECTION ( 'NONE',  ( -0.000000000000000000, -1.501203008056852691E-16, 1.000000000000000000 ) ) ;
#8756 = CARTESIAN_POINT ( 'NONE',  ( 0.000000000000000000, 0.000000000000000000, -2.299999999999999822 ) ) ;
#8757 = CARTESIAN_POINT ( 'NONE',  ( -57.49999999999994316, 12.00363874856340196, 53.38223185517389169 ) ) ;
#8758 = FACE_OUTER_BOUND ( 'NONE', #5256, .T. ) ;
#8759 = EDGE_CURVE ( 'NONE', #10004, #8870, #7797, .T. ) ;
#8760 = AXIS2_PLACEMENT_3D ( 'NONE', #5123, #1117, #7230 ) ;
#8761 = EDGE_LOOP ( 'NONE', ( #1574, #6991, #6643, #6305 ) ) ;
#8762 = CYLINDRICAL_SURFACE ( 'NONE', #5187, 34.50000000000000000 ) ;
#8763 = EDGE_CURVE ( 'NONE', #640, #237, #3177, .T. ) ;
#8764 = VERTEX_POINT ( 'NONE', #3467 ) ;
#8765 = CARTESIAN_POINT ( 'NONE',  ( 43.43176079638895715, 71.61880906670245395, 6.499999999999996447 ) ) ;
#8766 = EDGE_LOOP ( 'NONE', ( #12081, #6651, #702, #11928 ) ) ;
#8767 = DIRECTION ( 'NONE',  ( 0.9907251918498221066, -0.1358808089250767570, 0.000000000000000000 ) ) ;
#8768 = EDGE_CURVE ( 'NONE', #5920, #726, #8849, .T. ) ;
#8769 = CARTESIAN_POINT ( 'NONE',  ( -30.57934253055341856, 75.82732598876106067, 62.93607486307095655 ) ) ;
#8770 = DIRECTION ( 'NONE',  ( -0.000000000000000000, -0.000000000000000000, 1.000000000000000000 ) ) ;
#8771 = EDGE_LOOP ( 'NONE', ( #5588, #2714, #6807, #6481 ) ) ;
#8772 = ADVANCED_FACE ( 'NONE', ( #2348 ), #6567, .F. ) ;
#8773 = EDGE_CURVE ( 'NONE', #4843, #5463, #2957, .T. ) ;
#8774 = FACE_OUTER_BOUND ( 'NONE', #44, .T. ) ;
#8775 = FACE_OUTER_BOUND ( 'NONE', #1191, .T. ) ;
#8776 = EDGE_CURVE ( 'NONE', #161, #5776, #2752, .T. ) ;
#8777 = ORIENTED_EDGE ( 'NONE', *, *, #76, .T. ) ;
#8778 = VERTEX_POINT ( 'NONE', #12410 ) ;
#8779 = VECTOR ( 'NONE', #12034, 1000.000000000000000 ) ;
#8780 = LINE ( 'NONE', #3660, #1202 ) ;
#8781 = AXIS2_PLACEMENT_3D ( 'NONE', #9909, #9972, #8690 ) ;
#8782 = FACE_OUTER_BOUND ( 'NONE', #1707, .T. ) ;
#8783 = ORIENTED_EDGE ( 'NONE', *, *, #12308, .T. ) ;
#8784 = EDGE_LOOP ( 'NONE', ( #4012, #3669 ) ) ;
#8785 = DIRECTION ( 'NONE',  ( -0.000000000000000000, -0.000000000000000000, 1.000000000000000000 ) ) ;
#8786 = DIRECTION ( 'NONE',  ( -1.000000000000000000, 0.000000000000000000, 0.000000000000000000 ) ) ;
#8787 = DIRECTION ( 'NONE',  ( 5.551115123125782702E-17, 1.386669559958809814E-32, 1.000000000000000000 ) ) ;
#8788 = CIRCLE ( 'NONE', #9203, 20.00000000000000355 ) ;
#8789 = CIRCLE ( 'NONE', #3121, 28.08750000000000213 ) ;
#8790 = AXIS2_PLACEMENT_3D ( 'NONE', #6265, #3236, #9476 ) ;
#8791 = DIRECTION ( 'NONE',  ( -1.000000000000000000, -2.440127389430786319E-16, 0.000000000000000000 ) ) ;
#8792 = AXIS2_PLACEMENT_3D ( 'NONE', #9404, #8622, #8431 ) ;
#8793 = LINE ( 'NONE', #12807, #6187 ) ;
#8794 = ORIENTED_EDGE ( 'NONE', *, *, #12352, .F. ) ;
#8795 = VERTEX_POINT ( 'NONE', #3599 ) ;
#8796 = CARTESIAN_POINT ( 'NONE',  ( -45.00000000000000711, 45.00000000000000000, 53.29999999999997584 ) ) ;
#8797 = CARTESIAN_POINT ( 'NONE',  ( 22.39999999999999858, 114.0000000000000000, -36.50000000000000711 ) ) ;
#8798 = ADVANCED_FACE ( 'NONE', ( #10576 ), #868, .F. ) ;
#8799 = ORIENTED_EDGE ( 'NONE', *, *, #1031, .T. ) ;
#8800 = AXIS2_PLACEMENT_3D ( 'NONE', #1107, #7088, #12019 ) ;
#8801 = DIRECTION ( 'NONE',  ( 0.000000000000000000, 0.000000000000000000, -1.000000000000000000 ) ) ;
#8802 = CONICAL_SURFACE ( 'NONE', #10487, 20.00000000000000000, 0.5235987755982993708 ) ;
#8803 = VERTEX_POINT ( 'NONE', #6634 ) ;
#8804 = CARTESIAN_POINT ( 'NONE',  ( -45.82640687119306477, 42.42640687119262566, -18.00000000000000355 ) ) ;
#8805 = VERTEX_POINT ( 'NONE', #1289 ) ;
#8806 = DIRECTION ( 'NONE',  ( -0.000000000000000000, -0.000000000000000000, -1.000000000000000000 ) ) ;
#8807 = DIRECTION ( 'NONE',  ( -0.000000000000000000, -0.000000000000000000, 1.000000000000000000 ) ) ;
#8808 = EDGE_CURVE ( 'NONE', #12972, #212, #1358, .T. ) ;
#8809 = VECTOR ( 'NONE', #5548, 1000.000000000000000 ) ;
#8810 = FACE_OUTER_BOUND ( 'NONE', #2766, .T. ) ;
#8811 = AXIS2_PLACEMENT_3D ( 'NONE', #12894, #1853, #10791 ) ;
#8812 = CYLINDRICAL_SURFACE ( 'NONE', #12821, 6.800000000000000711 ) ;
#8813 = DIRECTION ( 'NONE',  ( 0.000000000000000000, 0.000000000000000000, -1.000000000000000000 ) ) ;
#8814 = CARTESIAN_POINT ( 'NONE',  ( -51.50000000000000711, -4.499999999999982236, 40.29999999999998295 ) ) ;
#8815 = EDGE_CURVE ( 'NONE', #11902, #6938, #7261, .T. ) ;
#8816 = VERTEX_POINT ( 'NONE', #8109 ) ;
#8817 = ORIENTED_EDGE ( 'NONE', *, *, #2639, .F. ) ;
#8818 = DIRECTION ( 'NONE',  ( 0.000000000000000000, 0.000000000000000000, -1.000000000000000000 ) ) ;
#8819 = ORIENTED_EDGE ( 'NONE', *, *, #5091, .T. ) ;
#8820 = FACE_OUTER_BOUND ( 'NONE', #12666, .T. ) ;
#8821 = EDGE_CURVE ( 'NONE', #10693, #3877, #4008, .T. ) ;
#8822 = DIRECTION ( 'NONE',  ( -0.4999999999999958367, 0.000000000000000000, -0.8660254037844410391 ) ) ;
#8823 = ADVANCED_FACE ( 'NONE', ( #4158 ), #9158, .F. ) ;
#8824 = CARTESIAN_POINT ( 'NONE',  ( -42.42640687119306619, -42.42640687119262566, 0.000000000000000000 ) ) ;
#8825 = CARTESIAN_POINT ( 'NONE',  ( 0.000000000000000000, 114.0000000000000000, -21.09556051177057867 ) ) ;
#8826 = AXIS2_PLACEMENT_3D ( 'NONE', #2650, #6684, #2975 ) ;
#8827 = DIRECTION ( 'NONE',  ( 0.000000000000000000, 0.000000000000000000, 1.000000000000000000 ) ) ;
#8828 = EDGE_LOOP ( 'NONE', ( #12187, #10365, #629, #5504 ) ) ;
#8829 = DIRECTION ( 'NONE',  ( 0.000000000000000000, 1.000000000000000000, 0.000000000000000000 ) ) ;
#8830 = CARTESIAN_POINT ( 'NONE',  ( -45.50000000000000000, -7.835433907008098053, 43.41649456813595265 ) ) ;
#8831 = EDGE_LOOP ( 'NONE', ( #11134, #5967, #11470, #11203 ) ) ;
#8832 = CIRCLE ( 'NONE', #2109, 9.499999999999994671 ) ;
#8833 = DIRECTION ( 'NONE',  ( 1.000000000000000000, 0.000000000000000000, 0.000000000000000000 ) ) ;
#8834 = ORIENTED_EDGE ( 'NONE', *, *, #5109, .T. ) ;
#8835 = VERTEX_POINT ( 'NONE', #9290 ) ;
#8836 = LINE ( 'NONE', #3892, #11372 ) ;
#8837 = EDGE_CURVE ( 'NONE', #8078, #11376, #11155, .T. ) ;
#8838 = VECTOR ( 'NONE', #2428, 1000.000000000000000 ) ;
#8839 = TOROIDAL_SURFACE ( 'NONE', #2947, 23.50000000000000000, 1.000000000000000666 ) ;
#8840 = DIRECTION ( 'NONE',  ( 1.000000000000000000, 0.000000000000000000, 0.000000000000000000 ) ) ;
#8841 = EDGE_CURVE ( 'NONE', #9905, #8389, #2193, .T. ) ;
#8842 = DIRECTION ( 'NONE',  ( -1.000000000000000000, 0.000000000000000000, 0.000000000000000000 ) ) ;
#8843 = EDGE_LOOP ( 'NONE', ( #8922, #1176, #12122, #10248 ) ) ;
#8844 = VERTEX_POINT ( 'NONE', #4093 ) ;
#8845 = CARTESIAN_POINT ( 'NONE',  ( -28.28999999999999915, 154.8599999999999852, 6.499999999999996447 ) ) ;
#8846 = DIRECTION ( 'NONE',  ( 1.000000000000000000, 0.000000000000000000, 0.000000000000000000 ) ) ;
#8847 = ORIENTED_EDGE ( 'NONE', *, *, #12298, .F. ) ;
#8848 = AXIS2_PLACEMENT_3D ( 'NONE', #4067, #3217, #9262 ) ;
#8849 = CIRCLE ( 'NONE', #10941, 33.46500000000000341 ) ;
#8850 = ORIENTED_EDGE ( 'NONE', *, *, #3288, .F. ) ;
#8851 = DIRECTION ( 'NONE',  ( 0.000000000000000000, 1.000000000000000000, 0.000000000000000000 ) ) ;
#8852 = CARTESIAN_POINT ( 'NONE',  ( 4.000000000000002665, 126.4505859325203687, -79.00000000000001421 ) ) ;
#8853 = EDGE_LOOP ( 'NONE', ( #12847, #9067, #8720, #8175 ) ) ;
#8854 = ORIENTED_EDGE ( 'NONE', *, *, #11011, .T. ) ;
#8855 = CARTESIAN_POINT ( 'NONE',  ( 39.02640687119277629, -42.42640687119292409, -18.00000000000000355 ) ) ;
#8856 = DIRECTION ( 'NONE',  ( -1.000000000000000000, 0.000000000000000000, 0.000000000000000000 ) ) ;
#8857 = ADVANCED_FACE ( 'NONE', ( #1218 ), #5360, .F. ) ;
#8858 = AXIS2_PLACEMENT_3D ( 'NONE', #2527, #4502, #7269 ) ;
#8859 = DIRECTION ( 'NONE',  ( 1.000000000000000000, 0.000000000000000000, 0.000000000000000000 ) ) ;
#8860 = DIRECTION ( 'NONE',  ( 1.000000000000000000, 0.000000000000000000, 0.000000000000000000 ) ) ;
#8861 = CARTESIAN_POINT ( 'NONE',  ( 0.000000000000000000, 114.0000000000000000, -50.50000000000000000 ) ) ;
#8862 = ORIENTED_EDGE ( 'NONE', *, *, #5738, .T. ) ;
#8863 = ORIENTED_EDGE ( 'NONE', *, *, #5032, .T. ) ;
#8864 = FACE_OUTER_BOUND ( 'NONE', #5025, .T. ) ;
#8865 = CARTESIAN_POINT ( 'NONE',  ( -59.00000000000000711, 82.55380013323630806, 86.25669469476747508 ) ) ;
#8867 = ORIENTED_EDGE ( 'NONE', *, *, #4318, .T. ) ;
#8866 = CIRCLE ( 'NONE', #6346, 36.50000000000000000 ) ;
#8868 = CARTESIAN_POINT ( 'NONE',  ( -46.67640687119277487, 156.4264068711929383, -72.00000000000001421 ) ) ;
#8869 = EDGE_LOOP ( 'NONE', ( #2494, #5528, #9839, #8850 ) ) ;
#8870 = VERTEX_POINT ( 'NONE', #12124 ) ;
#8871 = DIRECTION ( 'NONE',  ( -0.000000000000000000, -0.000000000000000000, 1.000000000000000000 ) ) ;
#8872 = EDGE_CURVE ( 'NONE', #283, #566, #8217, .T. ) ;
#8873 = CARTESIAN_POINT ( 'NONE',  ( 42.42640687119307330, 71.57359312880737434, 11.50000000000001066 ) ) ;
#8874 = AXIS2_PLACEMENT_3D ( 'NONE', #184, #6108, #5257 ) ;
#8875 = DIRECTION ( 'NONE',  ( 0.000000000000000000, 0.000000000000000000, -1.000000000000000000 ) ) ;
#8876 = DIRECTION ( 'NONE',  ( -4.383625018638762535E-16, 1.000000000000000000, 0.000000000000000000 ) ) ;
#8877 = ADVANCED_FACE ( 'NONE', ( #8378 ), #7130, .T. ) ;
#8878 = CYLINDRICAL_SURFACE ( 'NONE', #10245, 37.49999999999999289 ) ;
#8879 = EDGE_LOOP ( 'NONE', ( #9033, #6664, #8211, #4902 ) ) ;
#8880 = AXIS2_PLACEMENT_3D ( 'NONE', #10905, #12691, #12753 ) ;
#8881 = ORIENTED_EDGE ( 'NONE', *, *, #319, .F. ) ;
#8882 = CARTESIAN_POINT ( 'NONE',  ( 27.03999999999999559, 154.8599999999999852, -61.49999999999999289 ) ) ;
#8883 = TOROIDAL_SURFACE ( 'NONE', #10573, 36.50000000000000000, 0.9999999999999922284 ) ;
#8884 = ORIENTED_EDGE ( 'NONE', *, *, #5778, .T. ) ;
#8885 = ORIENTED_EDGE ( 'NONE', *, *, #6787, .F. ) ;
#8886 = CIRCLE ( 'NONE', #9713, 4.599999999999996092 ) ;
#8887 = DIRECTION ( 'NONE',  ( -0.9907251918498221066, 0.1358808089250767570, 0.000000000000000000 ) ) ;
#8888 = DIRECTION ( 'NONE',  ( -1.541976423090494894E-16, -0.000000000000000000, 1.000000000000000000 ) ) ;
#8889 = EDGE_CURVE ( 'NONE', #1794, #8218, #6202, .T. ) ;
#8890 = ADVANCED_FACE ( 'NONE', ( #9226 ), #9351, .T. ) ;
#8891 = ADVANCED_FACE ( 'NONE', ( #11136, #11263 ), #2128, .F. ) ;
#8892 = CIRCLE ( 'NONE', #2373, 26.75000000000000355 ) ;
#8893 = CYLINDRICAL_SURFACE ( 'NONE', #2227, 3.399999999999993250 ) ;
#8894 = CIRCLE ( 'NONE', #10583, 6.019999999999993356 ) ;
#8895 = DIRECTION ( 'NONE',  ( -0.000000000000000000, -1.000000000000000000, -0.000000000000000000 ) ) ;
#8896 = CARTESIAN_POINT ( 'NONE',  ( -399996.4800881994888, 65.99999999986039256, 6.499999999999996447 ) ) ;
#8897 = VERTEX_POINT ( 'NONE', #6144 ) ;
#8898 = VECTOR ( 'NONE', #572, 1000.000000000000000 ) ;
#8899 = CYLINDRICAL_SURFACE ( 'NONE', #11942, 29.00000000000001066 ) ;
#8900 = DIRECTION ( 'NONE',  ( 0.9907251918498203302, 0.1358808089250893303, 0.000000000000000000 ) ) ;
#8901 = EDGE_CURVE ( 'NONE', #5934, #11344, #8323, .T. ) ;
#8902 = VERTEX_POINT ( 'NONE', #5156 ) ;
#8903 = DIRECTION ( 'NONE',  ( 1.000000000000000000, 0.000000000000000000, 0.000000000000000000 ) ) ;
#8904 = VERTEX_POINT ( 'NONE', #4228 ) ;
#8905 = ORIENTED_EDGE ( 'NONE', *, *, #12836, .T. ) ;
#8906 = CYLINDRICAL_SURFACE ( 'NONE', #6339, 28.08750000000000213 ) ;
#8907 = VECTOR ( 'NONE', #11283, 1000.000000000000000 ) ;
#8908 = CARTESIAN_POINT ( 'NONE',  ( 45.50000000000409273, -52.00000000002437872, -67.00000000000000000 ) ) ;
#8909 = DIRECTION ( 'NONE',  ( -1.000000000000000000, 0.000000000000000000, 0.000000000000000000 ) ) ;
#8910 = EDGE_LOOP ( 'NONE', ( #4566, #3100, #1309, #4143 ) ) ;
#8911 = VERTEX_POINT ( 'NONE', #12249 ) ;
#8912 = DIRECTION ( 'NONE',  ( -0.9907251918498221066, 0.1358808089250767570, -1.527674887594233616E-16 ) ) ;
#8913 = CARTESIAN_POINT ( 'NONE',  ( 45.82640687119277345, -42.42640687119292409, 0.000000000000000000 ) ) ;
#8914 = ORIENTED_EDGE ( 'NONE', *, *, #10505, .F. ) ;
#8915 = ORIENTED_EDGE ( 'NONE', *, *, #10600, .T. ) ;
#8916 = DIRECTION ( 'NONE',  ( 0.000000000000000000, 0.000000000000000000, -1.000000000000000000 ) ) ;
#8917 = AXIS2_PLACEMENT_3D ( 'NONE', #3858, #1895, #5724 ) ;
#8918 = EDGE_CURVE ( 'NONE', #11362, #8904, #2549, .T. ) ;
#8919 = ORIENTED_EDGE ( 'NONE', *, *, #229, .F. ) ;
#8920 = DIRECTION ( 'NONE',  ( -0.000000000000000000, -0.000000000000000000, 1.000000000000000000 ) ) ;
#8921 = ORIENTED_EDGE ( 'NONE', *, *, #9002, .F. ) ;
#8922 = ORIENTED_EDGE ( 'NONE', *, *, #9076, .T. ) ;
#8923 = CARTESIAN_POINT ( 'NONE',  ( 0.000000000000000000, 0.000000000000000000, 6.372309488248129483 ) ) ;
#8924 = DIRECTION ( 'NONE',  ( 0.000000000000000000, 0.000000000000000000, 1.000000000000000000 ) ) ;
#8925 = LINE ( 'NONE', #4834, #11067 ) ;
#8926 = DIRECTION ( 'NONE',  ( -0.000000000000000000, -0.000000000000000000, 1.000000000000000000 ) ) ;
#8927 = CARTESIAN_POINT ( 'NONE',  ( 0.000000000000000000, 114.0000000000000000, -35.50000000000000711 ) ) ;
#8928 = VERTEX_POINT ( 'NONE', #4437 ) ;
#8929 = ORIENTED_EDGE ( 'NONE', *, *, #10889, .T. ) ;
#8930 = DIRECTION ( 'NONE',  ( 0.000000000000000000, 0.000000000000000000, -1.000000000000000000 ) ) ;
#8931 = CARTESIAN_POINT ( 'NONE',  ( 28.87693130457884294, -39.12398950069050585, 112.0000000000000000 ) ) ;
#8932 = EDGE_CURVE ( 'NONE', #5882, #2671, #11364, .T. ) ;
#8933 = CARTESIAN_POINT ( 'NONE',  ( 0.000000000000000000, 114.0000000000000000, -51.50000000000000711 ) ) ;
#8934 = ORIENTED_EDGE ( 'NONE', *, *, #5857, .F. ) ;
#8935 = FACE_OUTER_BOUND ( 'NONE', #8869, .T. ) ;
#8936 = CIRCLE ( 'NONE', #953, 34.50000000000000711 ) ;
#8937 = ORIENTED_EDGE ( 'NONE', *, *, #8732, .F. ) ;
#8938 = DIRECTION ( 'NONE',  ( 1.000000000000000000, 0.000000000000000000, 0.000000000000000000 ) ) ;
#8939 = CARTESIAN_POINT ( 'NONE',  ( -4.000000000000000888, 126.0536301585870831, 14.20569654897112244 ) ) ;
#8940 = DIRECTION ( 'NONE',  ( 1.000000000000000000, 0.000000000000000000, 0.000000000000000000 ) ) ;
#8941 = ORIENTED_EDGE ( 'NONE', *, *, #5238, .T. ) ;
#8942 = DIRECTION ( 'NONE',  ( -1.000000000000000000, 0.000000000000000000, 0.000000000000000000 ) ) ;
#8943 = LINE ( 'NONE', #9011, #8779 ) ;
#8944 = ADVANCED_FACE ( 'NONE', ( #8582 ), #432, .F. ) ;
#8945 = VERTEX_POINT ( 'NONE', #5509 ) ;
#8946 = ORIENTED_EDGE ( 'NONE', *, *, #1282, .F. ) ;
#8947 = CIRCLE ( 'NONE', #11045, 5.000000000000000888 ) ;
#8948 = DIRECTION ( 'NONE',  ( -1.000000000000000000, 0.000000000000000000, 0.000000000000000000 ) ) ;
#8949 = ORIENTED_EDGE ( 'NONE', *, *, #6017, .F. ) ;
#8950 = ORIENTED_EDGE ( 'NONE', *, *, #53, .F. ) ;
#8951 = DIRECTION ( 'NONE',  ( -0.000000000000000000, -0.000000000000000000, -1.000000000000000000 ) ) ;
#8952 = CARTESIAN_POINT ( 'NONE',  ( 29.00000000000001066, 114.0000000000000000, 10.99999999999999645 ) ) ;
#8953 = AXIS2_PLACEMENT_3D ( 'NONE', #12060, #3050, #7060 ) ;
#8954 = AXIS2_PLACEMENT_3D ( 'NONE', #9754, #4758, #12791 ) ;
#8955 = AXIS2_PLACEMENT_3D ( 'NONE', #5750, #10671, #7653 ) ;
#8956 = CARTESIAN_POINT ( 'NONE',  ( 35.92640687119283882, 42.42640687119283882, 9.999999999999992895 ) ) ;
#8957 = CARTESIAN_POINT ( 'NONE',  ( 25.79000000000000270, 73.14000000000001478, 6.499999999999996447 ) ) ;
#8958 = CIRCLE ( 'NONE', #2447, 22.39999999999999858 ) ;
#8959 = ORIENTED_EDGE ( 'NONE', *, *, #11151, .T. ) ;
#8960 = FACE_OUTER_BOUND ( 'NONE', #1442, .T. ) ;
#8961 = CARTESIAN_POINT ( 'NONE',  ( -51.49999999999997158, -8.187467664685994961, 42.99026466362865762 ) ) ;
#8962 = ADVANCED_FACE ( 'NONE', ( #7409 ), #2400, .T. ) ;
#8963 = ORIENTED_EDGE ( 'NONE', *, *, #9664, .T. ) ;
#8964 = CARTESIAN_POINT ( 'NONE',  ( -20.47452235828316347, 71.69404375031616894, -72.00000000000001421 ) ) ;
#8965 = VECTOR ( 'NONE', #4210, 1000.000000000000000 ) ;
#8966 = ORIENTED_EDGE ( 'NONE', *, *, #5857, .T. ) ;
#8967 = AXIS2_PLACEMENT_3D ( 'NONE', #864, #11843, #3696 ) ;
#8968 = DIRECTION ( 'NONE',  ( 0.000000000000000000, 1.000000000000000000, 0.000000000000000000 ) ) ;
#8969 = LINE ( 'NONE', #4750, #5322 ) ;
#8970 = VECTOR ( 'NONE', #9162, 1000.000000000000000 ) ;
#8971 = LINE ( 'NONE', #3835, #6440 ) ;
#8972 = ADVANCED_FACE ( 'NONE', ( #12462 ), #12398, .T. ) ;
#8973 = VERTEX_POINT ( 'NONE', #11604 ) ;
#8974 = ORIENTED_EDGE ( 'NONE', *, *, #2158, .F. ) ;
#8975 = CIRCLE ( 'NONE', #367, 35.27624999999999744 ) ;
#8976 = AXIS2_PLACEMENT_3D ( 'NONE', #8371, #9214, #7322 ) ;
#8977 = CARTESIAN_POINT ( 'NONE',  ( 19.00000000000000355, 114.0000000000000000, 10.49999999999999467 ) ) ;
#8978 = DIRECTION ( 'NONE',  ( -1.000000000000000000, 0.000000000000000000, 0.000000000000000000 ) ) ;
#8979 = VERTEX_POINT ( 'NONE', #6422 ) ;
#8980 = EDGE_LOOP ( 'NONE', ( #2474, #8692 ) ) ;
#8981 = DIRECTION ( 'NONE',  ( 0.000000000000000000, 0.000000000000000000, 1.000000000000000000 ) ) ;
#8982 = ORIENTED_EDGE ( 'NONE', *, *, #8759, .F. ) ;
#8983 = LINE ( 'NONE', #3058, #1091 ) ;
#8984 = ORIENTED_EDGE ( 'NONE', *, *, #9846, .T. ) ;
#8985 = VERTEX_POINT ( 'NONE', #1370 ) ;
#8986 = DIRECTION ( 'NONE',  ( -0.000000000000000000, -0.000000000000000000, 1.000000000000000000 ) ) ;
#8987 = CIRCLE ( 'NONE', #4991, 20.00000000000000000 ) ;
#8988 = DIRECTION ( 'NONE',  ( 1.000000000000000000, 0.000000000000000000, 0.000000000000000000 ) ) ;
#8989 = DIRECTION ( 'NONE',  ( 0.000000000000000000, 1.000000000000000000, 0.000000000000000000 ) ) ;
#8990 = ADVANCED_FACE ( 'NONE', ( #1559 ), #3518, .T. ) ;
#8991 = EDGE_CURVE ( 'NONE', #9824, #6680, #499, .T. ) ;
#8992 = AXIS2_PLACEMENT_3D ( 'NONE', #10251, #5266, #1123 ) ;
#8993 = CARTESIAN_POINT ( 'NONE',  ( -39.12398950069062664, 28.87693130457875412, 112.0000000000000000 ) ) ;
#8994 = VERTEX_POINT ( 'NONE', #6358 ) ;
#8995 = DIRECTION ( 'NONE',  ( 0.000000000000000000, 0.000000000000000000, -1.000000000000000000 ) ) ;
#8996 = DIRECTION ( 'NONE',  ( 0.000000000000000000, -0.000000000000000000, -1.000000000000000000 ) ) ;
#8997 = FACE_OUTER_BOUND ( 'NONE', #10989, .T. ) ;
#8998 = DIRECTION ( 'NONE',  ( -0.000000000000000000, -0.000000000000000000, 1.000000000000000000 ) ) ;
#8999 = CARTESIAN_POINT ( 'NONE',  ( 0.000000000000000000, 114.0000000000000000, -1.500000000000004885 ) ) ;
#9000 = VECTOR ( 'NONE', #5730, 1000.000000000000000 ) ;
#9001 = DIRECTION ( 'NONE',  ( 1.000000000000000000, 0.000000000000000000, 0.000000000000000000 ) ) ;
#9002 = EDGE_CURVE ( 'NONE', #8100, #2854, #8010, .T. ) ;
#9003 = DIRECTION ( 'NONE',  ( 0.000000000000000000, 0.000000000000000000, -1.000000000000000000 ) ) ;
#9004 = ADVANCED_FACE ( 'NONE', ( #6620 ), #1306, .T. ) ;
#9005 = DIRECTION ( 'NONE',  ( 0.000000000000000000, 1.000000000000000000, 0.000000000000000000 ) ) ;
#9006 = VERTEX_POINT ( 'NONE', #1494 ) ;
#9007 = CARTESIAN_POINT ( 'NONE',  ( 38.20000000000000995, -22.13999999999998636, 112.0000000000000000 ) ) ;
#9008 = CIRCLE ( 'NONE', #3341, 20.00000000000000000 ) ;
#9009 = CARTESIAN_POINT ( 'NONE',  ( 0.000000000000000000, 114.0000000000000000, -0.5000000000000038858 ) ) ;
#9010 = AXIS2_PLACEMENT_3D ( 'NONE', #5497, #1613, #3575 ) ;
#9011 = CARTESIAN_POINT ( 'NONE',  ( -12.50000000000000000, 114.0000000000000000, 14.20569654897112244 ) ) ;
#9012 = ORIENTED_EDGE ( 'NONE', *, *, #4717, .F. ) ;
#9013 = CARTESIAN_POINT ( 'NONE',  ( -22.14000000000005031, 38.19999999999997442, 112.0000000000000000 ) ) ;
#9014 = ORIENTED_EDGE ( 'NONE', *, *, #7585, .F. ) ;
#9015 = EDGE_LOOP ( 'NONE', ( #1464, #4071, #12005, #10609 ) ) ;
#9016 = DIRECTION ( 'NONE',  ( -0.000000000000000000, -0.000000000000000000, 1.000000000000000000 ) ) ;
#9017 = VECTOR ( 'NONE', #9669, 1000.000000000000000 ) ;
#9018 = CYLINDRICAL_SURFACE ( 'NONE', #5819, 4.249999999999996447 ) ;
#9019 = CIRCLE ( 'NONE', #9424, 13.09999999999999964 ) ;
#9020 = EDGE_CURVE ( 'NONE', #5329, #12880, #3608, .T. ) ;
#9021 = DIRECTION ( 'NONE',  ( 0.000000000000000000, 0.000000000000000000, -1.000000000000000000 ) ) ;
#9022 = DIRECTION ( 'NONE',  ( 0.1358808089250767570, 0.9907251918498221066, 0.000000000000000000 ) ) ;
#9023 = LINE ( 'NONE', #5943, #3132 ) ;
#9024 = CIRCLE ( 'NONE', #2720, 4.250000000000003553 ) ;
#9025 = EDGE_LOOP ( 'NONE', ( #2012, #5800, #12704, #4963 ) ) ;
#9026 = CARTESIAN_POINT ( 'NONE',  ( -22.39999999999999858, 114.0000000000000000, -35.67320508075688679 ) ) ;
#9027 = DIRECTION ( 'NONE',  ( -1.000000000000000000, 0.000000000000000000, 0.000000000000000000 ) ) ;
#9028 = ORIENTED_EDGE ( 'NONE', *, *, #1220, .T. ) ;
#9029 = CARTESIAN_POINT ( 'NONE',  ( -399996.4800881994306, 161.0000000000013642, 6.499999999999996447 ) ) ;
#9030 = EDGE_LOOP ( 'NONE', ( #1459, #944, #9247, #12396 ) ) ;
#9031 = DIRECTION ( 'NONE',  ( 0.000000000000000000, -0.000000000000000000, 1.000000000000000000 ) ) ;
#9032 = DIRECTION ( 'NONE',  ( -0.000000000000000000, -0.000000000000000000, 1.000000000000000000 ) ) ;
#9033 = ORIENTED_EDGE ( 'NONE', *, *, #4646, .T. ) ;
#9034 = LINE ( 'NONE', #2844, #10204 ) ;
#9035 = CARTESIAN_POINT ( 'NONE',  ( 4.000000000000000888, 125.8427192823270104, -79.00000000000000000 ) ) ;
#9036 = ORIENTED_EDGE ( 'NONE', *, *, #6843, .T. ) ;
#9037 = DIRECTION ( 'NONE',  ( -0.000000000000000000, -0.000000000000000000, -1.000000000000000000 ) ) ;
#9038 = EDGE_CURVE ( 'NONE', #5389, #10210, #2464, .T. ) ;
#9039 = DIRECTION ( 'NONE',  ( 1.000000000000000000, 0.000000000000000000, 1.156482317317871478E-16 ) ) ;
#9040 = AXIS2_PLACEMENT_3D ( 'NONE', #12021, #3013, #7028 ) ;
#9041 = ORIENTED_EDGE ( 'NONE', *, *, #10900, .F. ) ;
#9042 = PLANE ( 'NONE',  #4654 ) ;
#9043 = DIRECTION ( 'NONE',  ( 0.000000000000000000, 1.000000000000000000, 0.000000000000000000 ) ) ;
#9044 = LINE ( 'NONE', #7145, #907 ) ;
#9045 = CARTESIAN_POINT ( 'NONE',  ( 52.00000000000002842, 68.49999999999998579, -1.000000000000000888 ) ) ;
#9046 = EDGE_CURVE ( 'NONE', #3023, #2618, #8439, .T. ) ;
#9047 = EDGE_CURVE ( 'NONE', #12982, #12606, #2557, .T. ) ;
#9048 = ADVANCED_FACE ( 'NONE', ( #11542 ), #1435, .T. ) ;
#9049 = CARTESIAN_POINT ( 'NONE',  ( 42.42640687119285303, 38.17640687119286724, 0.000000000000000000 ) ) ;
#9050 = VECTOR ( 'NONE', #154, 1000.000000000000000 ) ;
#9051 = DIRECTION ( 'NONE',  ( -1.000000000000000000, 0.000000000000000000, 0.000000000000000000 ) ) ;
#9052 = ORIENTED_EDGE ( 'NONE', *, *, #11590, .F. ) ;
#9053 = FACE_OUTER_BOUND ( 'NONE', #5787, .T. ) ;
#9054 = DIRECTION ( 'NONE',  ( -0.000000000000000000, 0.000000000000000000, -1.000000000000000000 ) ) ;
#9055 = CARTESIAN_POINT ( 'NONE',  ( -39.12398950069062664, 28.87693130457875412, 112.0000000000000000 ) ) ;
#9056 = CARTESIAN_POINT ( 'NONE',  ( 28.87693130457876478, 39.12398950069061243, 112.0000000000000000 ) ) ;
#9057 = EDGE_CURVE ( 'NONE', #12921, #10558, #12210, .T. ) ;
#9058 = ADVANCED_FACE ( 'NONE', ( #12326 ), #8906, .T. ) ;
#9059 = AXIS2_PLACEMENT_3D ( 'NONE', #12684, #6645, #10712 ) ;
#9060 = DIRECTION ( 'NONE',  ( 0.000000000000000000, 0.000000000000000000, -1.000000000000000000 ) ) ;
#9061 = AXIS2_PLACEMENT_3D ( 'NONE', #6242, #9980, #13014 ) ;
#9062 = AXIS2_PLACEMENT_3D ( 'NONE', #12409, #2542, #10574 ) ;
#9063 = CARTESIAN_POINT ( 'NONE',  ( 0.000000000000000000, 0.000000000000000000, -20.00000000000000000 ) ) ;
#9064 = DIRECTION ( 'NONE',  ( -0.000000000000000000, 0.000000000000000000, -1.000000000000000000 ) ) ;
#9065 = PLANE ( 'NONE',  #3607 ) ;
#9066 = ORIENTED_EDGE ( 'NONE', *, *, #6733, .F. ) ;
#9067 = ORIENTED_EDGE ( 'NONE', *, *, #10453, .F. ) ;
#9068 = VECTOR ( 'NONE', #2399, 1000.000000000000000 ) ;
#9069 = AXIS2_PLACEMENT_3D ( 'NONE', #1973, #7884, #847 ) ;
#9070 = DIRECTION ( 'NONE',  ( 0.000000000000000000, 0.000000000000000000, -1.000000000000000000 ) ) ;
#9071 = DIRECTION ( 'NONE',  ( -1.000000000000000000, 0.000000000000000000, 0.000000000000000000 ) ) ;
#9072 = EDGE_CURVE ( 'NONE', #221, #2831, #8836, .T. ) ;
#9073 = ADVANCED_FACE ( 'NONE', ( #7789 ), #2718, .T. ) ;
#9074 = VERTEX_POINT ( 'NONE', #9811 ) ;
#9075 = CARTESIAN_POINT ( 'NONE',  ( 0.000000000000000000, 140.7500000000000000, -51.50000000000000000 ) ) ;
#9076 = EDGE_CURVE ( 'NONE', #5126, #9324, #2966, .T. ) ;
#9077 = ORIENTED_EDGE ( 'NONE', *, *, #7538, .T. ) ;
#9078 = VERTEX_POINT ( 'NONE', #6745 ) ;
#9079 = DIRECTION ( 'NONE',  ( 1.000000000000000000, 0.000000000000000000, 0.000000000000000000 ) ) ;
#9080 = AXIS2_PLACEMENT_3D ( 'NONE', #382, #2610, #8473 ) ;
#9081 = CARTESIAN_POINT ( 'NONE',  ( 30.77624999999999744, 114.0000000000000000, -57.50000000000000000 ) ) ;
#9082 = PLANE ( 'NONE',  #5401 ) ;
#9083 = B_SPLINE_CURVE_WITH_KNOTS ( 'NONE', 3,
 ( #2750, #10839, #4845, #6778, #4777, #9777, #3866 ),
 .UNSPECIFIED., .F., .F.,
 ( 4, 1, 1, 1, 4 ),
 ( 0.000000000000000000, 0.2500000002282094513, 0.5000000001521397452, 0.7500000000760699281, 1.000000000000000000 ),
 .UNSPECIFIED. ) ;
#9084 = CARTESIAN_POINT ( 'NONE',  ( 37.49999999999999289, 114.0000000000000000, 29.09545482057523813 ) ) ;
#9085 = CARTESIAN_POINT ( 'NONE',  ( 33.46499999999999631, 114.0000000000000000, -21.09556051177057867 ) ) ;
#9086 = VECTOR ( 'NONE', #5779, 1000.000000000000000 ) ;
#9087 = ORIENTED_EDGE ( 'NONE', *, *, #10477, .F. ) ;
#9088 = DIRECTION ( 'NONE',  ( -0.000000000000000000, -0.000000000000000000, 1.000000000000000000 ) ) ;
#9089 = FACE_OUTER_BOUND ( 'NONE', #2118, .T. ) ;
#9090 = ADVANCED_FACE ( 'NONE', ( #815 ), #2780, .T. ) ;
#9091 = EDGE_LOOP ( 'NONE', ( #7891, #8380, #6233, #12816 ) ) ;
#9092 = CYLINDRICAL_SURFACE ( 'NONE', #8195, 4.250000000000003553 ) ;
#9093 = ORIENTED_EDGE ( 'NONE', *, *, #7525, .T. ) ;
#9094 = ORIENTED_EDGE ( 'NONE', *, *, #9750, .F. ) ;
#9095 = EDGE_CURVE ( 'NONE', #7848, #12241, #5699, .T. ) ;
#9096 = CIRCLE ( 'NONE', #3430, 12.50000000000000000 ) ;
#9097 = DIRECTION ( 'NONE',  ( 1.000000000000000000, 0.000000000000000000, 0.000000000000000000 ) ) ;
#9098 = TOROIDAL_SURFACE ( 'NONE', #3433, 30.77624999999999744, 4.499999999999997335 ) ;
#9099 = CIRCLE ( 'NONE', #3434, 4.250000000000003553 ) ;
#9100 = DIRECTION ( 'NONE',  ( -1.000000000000000000, 0.000000000000000000, 0.000000000000000000 ) ) ;
#9101 = ORIENTED_EDGE ( 'NONE', *, *, #10995, .F. ) ;
#9102 = VERTEX_POINT ( 'NONE', #691 ) ;
#9103 = CARTESIAN_POINT ( 'NONE',  ( -42.42640687119281750, 42.42640687119286014, 0.000000000000000000 ) ) ;
#9104 = DIRECTION ( 'NONE',  ( -0.9907251918498203302, -0.1358808089250893303, 0.000000000000000000 ) ) ;
#9105 = CARTESIAN_POINT ( 'NONE',  ( 0.000000000000000000, 114.0000000000000000, 10.49999999999999467 ) ) ;
#9106 = ORIENTED_EDGE ( 'NONE', *, *, #11336, .T. ) ;
#9107 = CARTESIAN_POINT ( 'NONE',  ( 47.00000000000000000, 0.000000000000000000, -2.299999999999999822 ) ) ;
#9108 = ADVANCED_FACE ( 'NONE', ( #7915 ), #1748, .F. ) ;
#9109 = ORIENTED_EDGE ( 'NONE', *, *, #5816, .F. ) ;
#9110 = CARTESIAN_POINT ( 'NONE',  ( -28.87693130457876478, -39.12398950069062664, 112.0000000000000000 ) ) ;
#9111 = ORIENTED_EDGE ( 'NONE', *, *, #7524, .T. ) ;
#9112 = FACE_OUTER_BOUND ( 'NONE', #12189, .T. ) ;
#9113 = LINE ( 'NONE', #11216, #1649 ) ;
#9114 = DIRECTION ( 'NONE',  ( 0.000000000000000000, -0.000000000000000000, 1.000000000000000000 ) ) ;
#9115 = CARTESIAN_POINT ( 'NONE',  ( -42.42640687119284593, 42.42640687119283172, 19.59999999999999076 ) ) ;
#9116 = CARTESIAN_POINT ( 'NONE',  ( 52.00000000000002132, 42.50000000000002132, 0.000000000000000000 ) ) ;
#9117 = CARTESIAN_POINT ( 'NONE',  ( 42.42640687119283882, -42.42640687119285303, 19.59999999999999076 ) ) ;
#9118 = FACE_OUTER_BOUND ( 'NONE', #10502, .T. ) ;
#9119 = FACE_OUTER_BOUND ( 'NONE', #370, .T. ) ;
#9120 = CARTESIAN_POINT ( 'NONE',  ( 36.77000000000000313, -36.76999999999998181, 53.29999999999999005 ) ) ;
#9121 = DIRECTION ( 'NONE',  ( -0.000000000000000000, -0.000000000000000000, 1.000000000000000000 ) ) ;
#9122 = CARTESIAN_POINT ( 'NONE',  ( 22.50000000000000355, 114.0000000000000000, -1.500000000000001332 ) ) ;
#9123 = EDGE_CURVE ( 'NONE', #11048, #8086, #1873, .T. ) ;
#9124 = ORIENTED_EDGE ( 'NONE', *, *, #317, .F. ) ;
#9125 = CARTESIAN_POINT ( 'NONE',  ( 39.12398950069061954, -28.87693130457877544, 53.29999999999999005 ) ) ;
#9126 = CARTESIAN_POINT ( 'NONE',  ( -27.03999999999999559, 73.14000000000000057, -61.49999999999999289 ) ) ;
#9127 = ADVANCED_FACE ( 'NONE', ( #2653 ), #5821, .F. ) ;
#9128 = CARTESIAN_POINT ( 'NONE',  ( -22.13999999999997925, -38.20000000000001705, 112.0000000000000000 ) ) ;
#9129 = ORIENTED_EDGE ( 'NONE', *, *, #4189, .F. ) ;
#9130 = ORIENTED_EDGE ( 'NONE', *, *, #855, .T. ) ;
#9131 = DIRECTION ( 'NONE',  ( 1.000000000000000000, 0.000000000000000000, 0.000000000000000000 ) ) ;
#9132 = CIRCLE ( 'NONE', #9347, 6.800000000000007816 ) ;
#9133 = DIRECTION ( 'NONE',  ( -0.000000000000000000, -0.000000000000000000, 1.000000000000000000 ) ) ;
#9134 = VERTEX_POINT ( 'NONE', #3710 ) ;
#9135 = DIRECTION ( 'NONE',  ( 0.000000000000000000, 1.000000000000000000, 0.000000000000000000 ) ) ;
#9136 = ADVANCED_FACE ( 'NONE', ( #5763 ), #12782, .F. ) ;
#9137 = ORIENTED_EDGE ( 'NONE', *, *, #228, .F. ) ;
#9138 = VERTEX_POINT ( 'NONE', #9687 ) ;
#9139 = LINE ( 'NONE', #8222, #4424 ) ;
#9140 = CIRCLE ( 'NONE', #10405, 26.75000000000000355 ) ;
#9141 = CARTESIAN_POINT ( 'NONE',  ( 4.000000000000000888, 126.0536301585870831, -19.50000000000000355 ) ) ;
#9142 = LINE ( 'NONE', #11185, #354 ) ;
#9143 = ADVANCED_FACE ( 'NONE', ( #9747 ), #10543, .F. ) ;
#9144 = DIRECTION ( 'NONE',  ( -0.000000000000000000, -0.000000000000000000, 1.000000000000000000 ) ) ;
#9145 = CIRCLE ( 'NONE', #4344, 4.599999999999992539 ) ;
#9146 = FACE_OUTER_BOUND ( 'NONE', #2785, .T. ) ;
#9147 = ORIENTED_EDGE ( 'NONE', *, *, #9691, .T. ) ;
#9148 = DIRECTION ( 'NONE',  ( 0.000000000000000000, 0.000000000000000000, 1.000000000000000000 ) ) ;
#9149 = CARTESIAN_POINT ( 'NONE',  ( -45.50000000000000711, 11.91169948393971900, 53.42266149669486452 ) ) ;
#9150 = ORIENTED_EDGE ( 'NONE', *, *, #10668, .F. ) ;
#9151 = LINE ( 'NONE', #7055, #7580 ) ;
#9152 = ORIENTED_EDGE ( 'NONE', *, *, #11967, .T. ) ;
#9153 = VECTOR ( 'NONE', #4951, 1000.000000000000000 ) ;
#9154 = CARTESIAN_POINT ( 'NONE',  ( 0.000000000000000000, 0.000000000000000000, -2.299999999999999822 ) ) ;
#9155 = CARTESIAN_POINT ( 'NONE',  ( 45.50000000000013500, -51.99999999999998579, 0.000000000000000000 ) ) ;
#9156 = ORIENTED_EDGE ( 'NONE', *, *, #932, .F. ) ;
#9157 = ADVANCED_FACE ( 'NONE', ( #2838 ), #10874, .F. ) ;
#9158 = CYLINDRICAL_SURFACE ( 'NONE', #660, 37.49999999999999289 ) ;
#9159 = ADVANCED_FACE ( 'NONE', ( #2911 ), #4017, .T. ) ;
#9160 = DIRECTION ( 'NONE',  ( 0.000000000000000000, 1.000000000000000000, 0.000000000000000000 ) ) ;
#9161 = ORIENTED_EDGE ( 'NONE', *, *, #12391, .T. ) ;
#9162 = DIRECTION ( 'NONE',  ( -0.000000000000000000, -0.000000000000000000, 1.000000000000000000 ) ) ;
#9163 = VECTOR ( 'NONE', #6185, 1000.000000000000000 ) ;
#9164 = ORIENTED_EDGE ( 'NONE', *, *, #1623, .F. ) ;
#9165 = ORIENTED_EDGE ( 'NONE', *, *, #369, .T. ) ;
#9166 = DIRECTION ( 'NONE',  ( -0.000000000000000000, -0.000000000000000000, 1.000000000000000000 ) ) ;
#9167 = AXIS2_PLACEMENT_3D ( 'NONE', #295, #9742, #4617 ) ;
#9168 = CARTESIAN_POINT ( 'NONE',  ( 0.000000000000000000, 114.0000000000000000, -0.5000000000000004441 ) ) ;
#9169 = CARTESIAN_POINT ( 'NONE',  ( 52.00000000000001421, -51.99999999999997868, 0.000000000000000000 ) ) ;
#9170 = CARTESIAN_POINT ( 'NONE',  ( -58.99999999999997158, 12.97039864322714564, 60.79326481154396333 ) ) ;
#9171 = AXIS2_PLACEMENT_3D ( 'NONE', #7175, #8030, #12167 ) ;
#9172 = DIRECTION ( 'NONE',  ( -0.000000000000000000, -1.000000000000000000, -0.000000000000000000 ) ) ;
#9173 = VECTOR ( 'NONE', #1471, 1000.000000000000000 ) ;
#9174 = EDGE_LOOP ( 'NONE', ( #1790, #7115, #7943, #450 ) ) ;
#9175 = EDGE_CURVE ( 'NONE', #6318, #10075, #30, .T. ) ;
#9176 = CARTESIAN_POINT ( 'NONE',  ( 0.000000000000000000, 114.0000000000000000, -61.23237503977025398 ) ) ;
#9177 = CARTESIAN_POINT ( 'NONE',  ( 0.000000000000000000, 114.0000000000000000, -64.50000000000000000 ) ) ;
#9178 = ORIENTED_EDGE ( 'NONE', *, *, #1157, .T. ) ;
#9179 = FACE_OUTER_BOUND ( 'NONE', #11083, .T. ) ;
#9180 = VERTEX_POINT ( 'NONE', #12655 ) ;
#9181 = LINE ( 'NONE', #8068, #10485 ) ;
#9182 = DIRECTION ( 'NONE',  ( -1.000000000000000000, 0.000000000000000000, 0.000000000000000000 ) ) ;
#9183 = CIRCLE ( 'NONE', #6245, 26.17625000000000313 ) ;
#9184 = CARTESIAN_POINT ( 'NONE',  ( 45.49999999999994316, 165.9999999999999716, -313.5367466867102166 ) ) ;
#9185 = CARTESIAN_POINT ( 'NONE',  ( 0.000000000000000000, 114.0000000000000000, -61.23237503977025398 ) ) ;
#9186 = ORIENTED_EDGE ( 'NONE', *, *, #7954, .T. ) ;
#9187 = LINE ( 'NONE', #6306, #4874 ) ;
#9188 = DIRECTION ( 'NONE',  ( 1.000000000000000000, 0.000000000000000000, 0.000000000000000000 ) ) ;
#9189 = DIRECTION ( 'NONE',  ( 1.000000000000000000, 0.000000000000000000, 0.000000000000000000 ) ) ;
#9190 = VERTEX_POINT ( 'NONE', #3650 ) ;
#9191 = EDGE_CURVE ( 'NONE', #11431, #11127, #1193, .T. ) ;
#9192 = DIRECTION ( 'NONE',  ( 0.000000000000000000, 1.000000000000000000, 0.000000000000000000 ) ) ;
#9193 = DIRECTION ( 'NONE',  ( -0.000000000000000000, -0.000000000000000000, 1.000000000000000000 ) ) ;
#9194 = ORIENTED_EDGE ( 'NONE', *, *, #12820, .T. ) ;
#9195 = VECTOR ( 'NONE', #669, 1000.000000000000000 ) ;
#9196 = DIRECTION ( 'NONE',  ( 1.000000000000000000, 0.000000000000000000, 0.000000000000000000 ) ) ;
#9197 = ORIENTED_EDGE ( 'NONE', *, *, #6290, .F. ) ;
#9198 = EDGE_LOOP ( 'NONE', ( #12162, #3997 ) ) ;
#9199 = FACE_OUTER_BOUND ( 'NONE', #3724, .T. ) ;
#9200 = LINE ( 'NONE', #6393, #6129 ) ;
#9201 = FACE_OUTER_BOUND ( 'NONE', #2397, .T. ) ;
#9202 = CARTESIAN_POINT ( 'NONE',  ( 34.43466739629280937, 71.84752362668099579, 6.499999999999996447 ) ) ;
#9203 = AXIS2_PLACEMENT_3D ( 'NONE', #3794, #1900, #10969 ) ;
#9204 = AXIS2_PLACEMENT_3D ( 'NONE', #6022, #10020, #94 ) ;
#9205 = AXIS2_PLACEMENT_3D ( 'NONE', #2902, #3957, #10866 ) ;
#9206 = EDGE_CURVE ( 'NONE', #1955, #3761, #9200, .T. ) ;
#9207 = CARTESIAN_POINT ( 'NONE',  ( -57.49999999999994316, -6.691476164454060793, 40.90121286592870575 ) ) ;
#9208 = AXIS2_PLACEMENT_3D ( 'NONE', #2504, #12497, #11645 ) ;
#9209 = CARTESIAN_POINT ( 'NONE',  ( 29.33956106112633933, -35.75089393306192420, 112.0000000000000000 ) ) ;
#9210 = VERTEX_POINT ( 'NONE', #8223 ) ;
#9211 = CARTESIAN_POINT ( 'NONE',  ( -42.42640687119284593, -42.42640687119285303, 9.999999999999992895 ) ) ;
#9212 = CARTESIAN_POINT ( 'NONE',  ( -51.49999999999985789, -8.882333257533581161, 69.13387901856974338 ) ) ;
#9213 = ORIENTED_EDGE ( 'NONE', *, *, #1360, .T. ) ;
#9214 = DIRECTION ( 'NONE',  ( -0.000000000000000000, -0.000000000000000000, 1.000000000000000000 ) ) ;
#9215 = VECTOR ( 'NONE', #17, 1000.000000000000000 ) ;
#9216 = VERTEX_POINT ( 'NONE', #11379 ) ;
#9217 = EDGE_CURVE ( 'NONE', #10207, #196, #1724, .T. ) ;
#9218 = VECTOR ( 'NONE', #8365, 1000.000000000000000 ) ;
#9219 = EDGE_CURVE ( 'NONE', #2746, #4829, #3401, .T. ) ;
#9220 = ORIENTED_EDGE ( 'NONE', *, *, #9654, .T. ) ;
#9221 = CARTESIAN_POINT ( 'NONE',  ( -12.50000000000000000, 114.0000000000000000, -65.35000000000000853 ) ) ;
#9222 = ORIENTED_EDGE ( 'NONE', *, *, #11052, .F. ) ;
#9223 = CARTESIAN_POINT ( 'NONE',  ( 0.000000000000000000, 114.0000000000000000, -21.09556051177057867 ) ) ;
#9224 = B_SPLINE_CURVE_WITH_KNOTS ( 'NONE', 3,
 ( #7843, #4738, #6737, #7902, #6925, #8757, #5877, #9870, #869, #4872, #11910, #1931, #5941, #9936, #74, #12299, #12107, #6130, #4211, #12234, #11318, #3166, #1272, #10330, #8157, #7113, #6261, #8362, #12169, #9207, #5142 ),
 .UNSPECIFIED., .F., .F.,
 ( 4, 1, 1, 1, 2, 1, 1, 1, 1, 1, 1, 1, 1, 1, 1, 1, 1, 1, 1, 1, 1, 1, 2, 1, 1, 1, 4 ),
 ( 2.327375768669318548E-17, 0.004084925436231438660, 0.008169850872462853034, 0.01225477630869427174, 0.01633970174492568525, 0.01946158966891439399, 0.02258347759290310272, 0.02570536551689181146, 0.02726630947888616582, 0.02882725344088052366, 0.03194914136486923240, 0.03507102928885794807, 0.03819291721284664987, 0.04131480513683535860, 0.04443669306082406734, 0.04755858098481278301, 0.05068046890880149175, 0.05380235683279021436, 0.05536330079478454791, 0.05692424475677891615, 0.06004613268076761795, 0.06316802060475633362, 0.06628990852874504236, 0.07037483396497645760, 0.07445975940120790060, 0.07854468483743932972, 0.08262961027367074496 ),
 .UNSPECIFIED. ) ;
#9225 = VERTEX_POINT ( 'NONE', #10323 ) ;
#9226 = FACE_OUTER_BOUND ( 'NONE', #10212, .T. ) ;
#9227 = AXIS2_PLACEMENT_3D ( 'NONE', #2362, #6180, #4072 ) ;
#9228 = CARTESIAN_POINT ( 'NONE',  ( 28.87693130457876123, 39.12398950069061243, 73.39999999999999147 ) ) ;
#9229 = EDGE_LOOP ( 'NONE', ( #7614, #10952 ) ) ;
#9230 = ORIENTED_EDGE ( 'NONE', *, *, #2031, .F. ) ;
#9231 = DIRECTION ( 'NONE',  ( 0.5000000000000078826, 6.123233995736862178E-17, -0.8660254037844340447 ) ) ;
#9232 = VERTEX_POINT ( 'NONE', #10394 ) ;
#9233 = EDGE_CURVE ( 'NONE', #2831, #3602, #10743, .T. ) ;
#9234 = DIRECTION ( 'NONE',  ( 1.000000000000000000, 0.000000000000000000, 0.000000000000000000 ) ) ;
#9235 = EDGE_CURVE ( 'NONE', #6602, #2195, #5077, .T. ) ;
#9236 = PLANE ( 'NONE',  #7603 ) ;
#9237 = LINE ( 'NONE', #8188, #5638 ) ;
#9238 = ORIENTED_EDGE ( 'NONE', *, *, #1813, .F. ) ;
#9239 = AXIS2_PLACEMENT_3D ( 'NONE', #7726, #9617, #6743 ) ;
#9240 = CARTESIAN_POINT ( 'NONE',  ( -51.50000000000001421, 10.69443030939470063, 67.15912120029184962 ) ) ;
#9241 = CARTESIAN_POINT ( 'NONE',  ( 0.000000000000000000, 114.0000000000000000, -8.500000000000003553 ) ) ;
#9242 = ORIENTED_EDGE ( 'NONE', *, *, #4935, .F. ) ;
#9243 = ADVANCED_FACE ( 'NONE', ( #12228 ), #7441, .T. ) ;
#9244 = CIRCLE ( 'NONE', #1284, 36.50000000000000711 ) ;
#9245 = DIRECTION ( 'NONE',  ( 1.000000000000000000, 0.000000000000000000, 0.000000000000000000 ) ) ;
#9246 = DIRECTION ( 'NONE',  ( -1.334402673828313339E-16, 1.000000000000000000, 0.000000000000000000 ) ) ;
#9247 = ORIENTED_EDGE ( 'NONE', *, *, #933, .T. ) ;
#9248 = VECTOR ( 'NONE', #10837, 1000.000000000000000 ) ;
#9249 = AXIS2_PLACEMENT_3D ( 'NONE', #2057, #10206, #1207 ) ;
#9250 = DIRECTION ( 'NONE',  ( -0.000000000000000000, -0.000000000000000000, 1.000000000000000000 ) ) ;
#9251 = ORIENTED_EDGE ( 'NONE', *, *, #11317, .T. ) ;
#9252 = CARTESIAN_POINT ( 'NONE',  ( -45.00000000000000711, 45.00000000000000000, 112.0000000000000000 ) ) ;
#9253 = CARTESIAN_POINT ( 'NONE',  ( 0.000000000000000000, 114.0000000000000000, -2.500000000000005773 ) ) ;
#9254 = DIRECTION ( 'NONE',  ( -0.000000000000000000, -0.000000000000000000, -1.000000000000000000 ) ) ;
#9255 = EDGE_CURVE ( 'NONE', #12682, #11650, #12424, .T. ) ;
#9256 = LINE ( 'NONE', #10108, #2581 ) ;
#9257 = DIRECTION ( 'NONE',  ( 0.000000000000000000, 1.000000000000000000, 0.000000000000000000 ) ) ;
#9258 = ORIENTED_EDGE ( 'NONE', *, *, #5454, .T. ) ;
#9259 = CIRCLE ( 'NONE', #2537, 34.50000000000000000 ) ;
#9260 = FACE_OUTER_BOUND ( 'NONE', #5202, .T. ) ;
#9261 = B_SPLINE_SURFACE_WITH_KNOTS ( 'NONE', 3, 1, ( 
 ( #808, #11061 ),
 ( #7117, #2055 ),
 ( #8830, #8961 ),
 ( #3825, #10867 ),
 ( #7847, #12969 ),
 ( #10072, #11849 ),
 ( #873, #3958 ),
 ( #1205, #7252 ),
 ( #12373, #5213 ),
 ( #6192, #281 ),
 ( #9409, #11254 ),
 ( #9283, #1411 ),
 ( #4145, #9212 ),
 ( #5285, #2245 ),
 ( #8232, #4216 ),
 ( #10137, #3371 ),
 ( #210, #2380 ),
 ( #12240, #7388 ),
 ( #3237, #6266 ),
 ( #8301, #1277 ),
 ( #10270, #410 ),
 ( #141, #4288 ),
 ( #5420, #2315 ),
 ( #4418, #12304 ),
 ( #3305, #7320 ),
 ( #9149, #3438 ),
 ( #11323, #12443 ),
 ( #6333, #5147 ),
 ( #7452, #8163 ),
 ( #10335, #6402 ),
 ( #1346, #5352 ) ),
 .UNSPECIFIED., .F., .F., .F.,
 ( 4, 1, 1, 1, 2, 1, 1, 1, 1, 1, 1, 1, 1, 1, 1, 1, 1, 1, 1, 1, 1, 1, 2, 1, 1, 1, 4 ),
 ( 2, 2 ),
 ( 0.000000000000000000, 0.04943658118079064662, 0.09887316236158129323, 0.1483097435423719745, 0.1977463247231625865, 0.2355280341327672389, 0.2733097435423719190, 0.3110914529519765992, 0.3299823076567789393, 0.3488731623615812794, 0.3866548717711859595, 0.4244365811807906397, 0.4622182905903953198, 0.5000000000000000000, 0.5377817094096046802, 0.5755634188192093603, 0.6133451282288140405, 0.6511268376384187206, 0.6700176923432211717, 0.6889085470480235118, 0.7266902564576279699, 0.7644719658672326501, 0.8022536752768374413, 0.8516902564576280810, 0.9011268376384187206, 0.9505634188192093603, 1.000000000000000000 ),
 ( 0.000000000000000000, 1.000000000000000000 ),
 .UNSPECIFIED. ) ;
#9262 = DIRECTION ( 'NONE',  ( 0.000000000000000000, 0.000000000000000000, -1.000000000000000000 ) ) ;
#9263 = EDGE_LOOP ( 'NONE', ( #9734, #3719, #3123, #7663 ) ) ;
#9264 = EDGE_LOOP ( 'NONE', ( #5216, #11854, #245, #9950 ) ) ;
#9265 = FACE_OUTER_BOUND ( 'NONE', #1255, .T. ) ;
#9266 = DIRECTION ( 'NONE',  ( -1.224646799147353207E-16, 1.000000000000000000, 0.000000000000000000 ) ) ;
#9267 = VECTOR ( 'NONE', #8930, 1000.000000000000000 ) ;
#9269 = ORIENTED_EDGE ( 'NONE', *, *, #12047, .F. ) ;
#9268 = CIRCLE ( 'NONE', #4655, 4.250000000000003553 ) ;
#9270 = CARTESIAN_POINT ( 'NONE',  ( 0.000000000000000000, 0.000000000000000000, -2.000000000000001776 ) ) ;
#9271 = ORIENTED_EDGE ( 'NONE', *, *, #535, .F. ) ;
#9272 = ORIENTED_EDGE ( 'NONE', *, *, #334, .T. ) ;
#9273 = PLANE ( 'NONE',  #11363 ) ;
#9274 = PLANE ( 'NONE',  #3615 ) ;
#9275 = CARTESIAN_POINT ( 'NONE',  ( 0.000000000000000000, 114.0000000000000000, -57.50000000000000000 ) ) ;
#9276 = CYLINDRICAL_SURFACE ( 'NONE', #8339, 12.50000000000000000 ) ;
#9277 = CIRCLE ( 'NONE', #4854, 36.50000000000000000 ) ;
#9278 = CIRCLE ( 'NONE', #4018, 24.50000000000000000 ) ;
#9279 = DIRECTION ( 'NONE',  ( -0.000000000000000000, -0.000000000000000000, 1.000000000000000000 ) ) ;
#9280 = DIRECTION ( 'NONE',  ( 0.000000000000000000, 0.000000000000000000, 1.000000000000000000 ) ) ;
#9281 = ORIENTED_EDGE ( 'NONE', *, *, #4662, .T. ) ;
#9282 = CARTESIAN_POINT ( 'NONE',  ( -39.02640687119307472, 42.42640687119262566, -18.00000000000000355 ) ) ;
#9283 = CARTESIAN_POINT ( 'NONE',  ( -45.50000000000003553, -10.28944411027176642, 66.86324657783308112 ) ) ;
#9284 = ORIENTED_EDGE ( 'NONE', *, *, #8991, .F. ) ;
#9285 = CARTESIAN_POINT ( 'NONE',  ( 30.77624999999999744, 114.0000000000000000, -8.500000000000003553 ) ) ;
#9286 = AXIS2_PLACEMENT_3D ( 'NONE', #3472, #1450, #4390 ) ;
#9287 = CARTESIAN_POINT ( 'NONE',  ( 0.000000000000000000, 114.0000000000000000, -35.67320508075688679 ) ) ;
#9288 = CARTESIAN_POINT ( 'NONE',  ( -45.50000000000409273, 68.50000000000835598, -67.00000000000000000 ) ) ;
#9289 = ORIENTED_EDGE ( 'NONE', *, *, #4245, .F. ) ;
#9290 = CARTESIAN_POINT ( 'NONE',  ( 23.50000000000000355, 114.0000000000000000, -65.50000000000000000 ) ) ;
#9291 = TOROIDAL_SURFACE ( 'NONE', #3636, 23.50000000000000355, 1.000000000000000888 ) ;
#9292 = EDGE_CURVE ( 'NONE', #6027, #2924, #460, .T. ) ;
#9293 = DIRECTION ( 'NONE',  ( 0.000000000000000000, 0.000000000000000000, -1.000000000000000000 ) ) ;
#9294 = ORIENTED_EDGE ( 'NONE', *, *, #3197, .T. ) ;
#9295 = CARTESIAN_POINT ( 'NONE',  ( 0.000000000000000000, 114.0000000000000000, -49.50000000000000000 ) ) ;
#9296 = ORIENTED_EDGE ( 'NONE', *, *, #5353, .F. ) ;
#9297 = DIRECTION ( 'NONE',  ( 0.000000000000000000, 1.000000000000000000, 0.000000000000000000 ) ) ;
#9298 = ORIENTED_EDGE ( 'NONE', *, *, #4220, .T. ) ;
#9299 = AXIS2_PLACEMENT_3D ( 'NONE', #3410, #1447, #11558 ) ;
#9300 = CARTESIAN_POINT ( 'NONE',  ( 42.42640687119276777, -42.42640687119292409, -1.102182119232617788E-16 ) ) ;
#9301 = DIRECTION ( 'NONE',  ( -0.000000000000000000, -0.000000000000000000, -1.000000000000000000 ) ) ;
#9302 = VECTOR ( 'NONE', #12720, 1000.000000000000000 ) ;
#9303 = ORIENTED_EDGE ( 'NONE', *, *, #595, .F. ) ;
#9304 = DIRECTION ( 'NONE',  ( 0.000000000000000000, 0.000000000000000000, -1.000000000000000000 ) ) ;
#9305 = LINE ( 'NONE', #6215, #10633 ) ;
#9306 = VERTEX_POINT ( 'NONE', #1266 ) ;
#9307 = CONICAL_SURFACE ( 'NONE', #4688, 3.399999999999993250, 1.029744258676652757 ) ;
#9308 = FACE_OUTER_BOUND ( 'NONE', #1465, .T. ) ;
#9309 = EDGE_CURVE ( 'NONE', #4650, #2798, #12846, .T. ) ;
#9310 = DIRECTION ( 'NONE',  ( -1.000000000000000000, 0.000000000000000000, 0.000000000000000000 ) ) ;
#9311 = ORIENTED_EDGE ( 'NONE', *, *, #12354, .F. ) ;
#9312 = VECTOR ( 'NONE', #2660, 1000.000000000000000 ) ;
#9313 = CARTESIAN_POINT ( 'NONE',  ( 46.67640687119308041, 156.4264068711926257, 11.50000000000001066 ) ) ;
#9314 = LINE ( 'NONE', #7351, #6714 ) ;
#9315 = CARTESIAN_POINT ( 'NONE',  ( 0.000000000000000000, 114.0000000000000000, -21.09556051177057867 ) ) ;
#9316 = FACE_OUTER_BOUND ( 'NONE', #2677, .T. ) ;
#9317 = CARTESIAN_POINT ( 'NONE',  ( 22.50000000000000000, 114.0000000000000000, -35.50000000000000711 ) ) ;
#9318 = EDGE_CURVE ( 'NONE', #8803, #6803, #2133, .T. ) ;
#9319 = DIRECTION ( 'NONE',  ( -1.000000000000000000, 0.000000000000000000, 0.000000000000000000 ) ) ;
#9320 = ORIENTED_EDGE ( 'NONE', *, *, #12039, .T. ) ;
#9321 = FACE_BOUND ( 'NONE', #7346, .T. ) ;
#9322 = CYLINDRICAL_SURFACE ( 'NONE', #1148, 6.499999999999999112 ) ;
#9323 = EDGE_CURVE ( 'NONE', #878, #4711, #3804, .T. ) ;
#9324 = VERTEX_POINT ( 'NONE', #2233 ) ;
#9325 = VERTEX_POINT ( 'NONE', #2981 ) ;
#9326 = CARTESIAN_POINT ( 'NONE',  ( 0.000000000000000000, 114.0000000000000000, 14.20569654897112244 ) ) ;
#9327 = DIRECTION ( 'NONE',  ( 0.000000000000000000, 0.000000000000000000, -1.000000000000000000 ) ) ;
#9328 = ORIENTED_EDGE ( 'NONE', *, *, #7853, .T. ) ;
#9329 = CARTESIAN_POINT ( 'NONE',  ( -52.00000000000004263, 68.49999999999998579, 11.50000000000001066 ) ) ;
#9330 = AXIS2_PLACEMENT_3D ( 'NONE', #10830, #11817, #8668 ) ;
#9331 = ORIENTED_EDGE ( 'NONE', *, *, #9946, .T. ) ;
#9332 = VERTEX_POINT ( 'NONE', #331 ) ;
#9333 = FACE_OUTER_BOUND ( 'NONE', #735, .T. ) ;
#9334 = CARTESIAN_POINT ( 'NONE',  ( -42.42640687119284593, 42.42640687119283172, 11.59999999999999254 ) ) ;
#9335 = DIRECTION ( 'NONE',  ( -0.000000000000000000, -0.000000000000000000, 1.000000000000000000 ) ) ;
#9336 = DIRECTION ( 'NONE',  ( 1.000000000000000000, 0.000000000000000000, 0.000000000000000000 ) ) ;
#9337 = EDGE_CURVE ( 'NONE', #2246, #5084, #9268, .T. ) ;
#9338 = LINE ( 'NONE', #336, #12152 ) ;
#9339 = CARTESIAN_POINT ( 'NONE',  ( 0.000000000000000000, 114.0000000000000000, 10.49999999999999467 ) ) ;
#9340 = FACE_OUTER_BOUND ( 'NONE', #12371, .T. ) ;
#9341 = ORIENTED_EDGE ( 'NONE', *, *, #3018, .F. ) ;
#9342 = DIRECTION ( 'NONE',  ( 0.000000000000000000, 0.000000000000000000, -1.000000000000000000 ) ) ;
#9343 = DIRECTION ( 'NONE',  ( -0.000000000000000000, -0.000000000000000000, -1.000000000000000000 ) ) ;
#9344 = ORIENTED_EDGE ( 'NONE', *, *, #899, .T. ) ;
#9345 = CARTESIAN_POINT ( 'NONE',  ( -51.50000000000000711, 1.561251128379126385E-14, 40.29999999999998295 ) ) ;
#9346 = VERTEX_POINT ( 'NONE', #12362 ) ;
#9347 = AXIS2_PLACEMENT_3D ( 'NONE', #9727, #3687, #3805 ) ;
#9348 = CARTESIAN_POINT ( 'NONE',  ( 25.78999999999999559, 154.8599999999999852, -61.49999999999999289 ) ) ;
#9349 = DIRECTION ( 'NONE',  ( -0.000000000000000000, 0.000000000000000000, 1.000000000000000000 ) ) ;
#9350 = EDGE_LOOP ( 'NONE', ( #5935, #6293 ) ) ;
#9351 = CYLINDRICAL_SURFACE ( 'NONE', #5710, 24.50000000000000000 ) ;
#9352 = EDGE_CURVE ( 'NONE', #7835, #5997, #2004, .T. ) ;
#9353 = LINE ( 'NONE', #1423, #12150 ) ;
#9354 = ADVANCED_FACE ( 'NONE', ( #4407 ), #9274, .F. ) ;
#9355 = ORIENTED_EDGE ( 'NONE', *, *, #8199, .T. ) ;
#9356 = CARTESIAN_POINT ( 'NONE',  ( -42.42640687119276777, 156.4264068711929383, -72.00000000000001421 ) ) ;
#9357 = ORIENTED_EDGE ( 'NONE', *, *, #11788, .F. ) ;
#9358 = ORIENTED_EDGE ( 'NONE', *, *, #11805, .F. ) ;
#9359 = DIRECTION ( 'NONE',  ( 1.000000000000000000, 0.000000000000000000, 0.000000000000000000 ) ) ;
#9360 = ORIENTED_EDGE ( 'NONE', *, *, #12035, .T. ) ;
#9361 = CIRCLE ( 'NONE', #8523, 6.499999999999999112 ) ;
#9362 = CARTESIAN_POINT ( 'NONE',  ( 45.00000000000000000, 22.14000000000005031, 10.00000000000000000 ) ) ;
#9363 = DIRECTION ( 'NONE',  ( 1.000000000000000000, 0.000000000000000000, 0.000000000000000000 ) ) ;
#9364 = B_SPLINE_SURFACE_WITH_KNOTS ( 'NONE', 3, 1, ( 
 ( #12136, #10162 ),
 ( #2201, #2080 ),
 ( #8190, #6289 ),
 ( #2267, #1232 ),
 ( #4106, #10292 ),
 ( #103, #302 ),
 ( #3129, #1163 ),
 ( #12196, #5169 ),
 ( #9170, #5237 ),
 ( #10095, #167 ),
 ( #3194, #7207 ),
 ( #4305, #9240 ),
 ( #11217, #6214 ),
 ( #12263, #7343 ),
 ( #3255, #7272 ),
 ( #8321, #3395 ),
 ( #11480, #6359 ),
 ( #2530, #10423 ),
 ( #2465, #10494 ),
 ( #2401, #1371 ),
 ( #8645, #11605 ),
 ( #6423, #500 ),
 ( #12657, #9430 ),
 ( #1436, #10624 ),
 ( #6554, #5441 ),
 ( #9554, #7668 ),
 ( #434, #9365 ),
 ( #11543, #4625 ),
 ( #10562, #12520 ),
 ( #10363, #12400 ),
 ( #9623, #4504 ) ),
 .UNSPECIFIED., .F., .F., .F.,
 ( 4, 1, 1, 1, 2, 1, 1, 1, 1, 1, 1, 1, 1, 1, 1, 1, 1, 1, 1, 1, 1, 1, 2, 1, 1, 1, 4 ),
 ( 2, 2 ),
 ( 0.000000000000000000, 0.04943658118079064662, 0.09887316236158129323, 0.1483097435423719745, 0.1977463247231625865, 0.2355280341327672111, 0.2733097435423718635, 0.3110914529519764882, 0.3299823076567788283, 0.3488731623615811683, 0.3866548717711858485, 0.4244365811807905287, 0.4622182905903950978, 0.4999999999999997780, 0.5377817094096043471, 0.5755634188192091383, 0.6133451282288137074, 0.6511268376384184986, 0.6700176923432206166, 0.6889085470480230677, 0.7266902564576276369, 0.7644719658672322060, 0.8022536752768368862, 0.8516902564576276369, 0.9011268376384184986, 0.9505634188192093603, 1.000000000000000000 ),
 ( 0.000000000000000000, 1.000000000000000000 ),
 .UNSPECIFIED. ) ;
#9365 = CARTESIAN_POINT ( 'NONE',  ( -51.49999999999998579, -11.44173849835792822, 50.60797718660820976 ) ) ;
#9366 = EDGE_CURVE ( 'NONE', #9325, #12921, #947, .T. ) ;
#9367 = CARTESIAN_POINT ( 'NONE',  ( 42.42640687119288856, -42.42640687119281750, 10.00000000000000000 ) ) ;
#9368 = VERTEX_POINT ( 'NONE', #3964 ) ;
#9369 = VERTEX_POINT ( 'NONE', #8292 ) ;
#9370 = AXIS2_PLACEMENT_3D ( 'NONE', #1606, #12505, #12311 ) ;
#9371 = PLANE ( 'NONE',  #5342 ) ;
#9372 = CARTESIAN_POINT ( 'NONE',  ( 52.00000000000001421, -51.99999999999997868, 10.00000000000000000 ) ) ;
#9373 = EDGE_CURVE ( 'NONE', #7056, #11013, #6014, .T. ) ;
#9374 = CARTESIAN_POINT ( 'NONE',  ( 45.82640687119306477, 42.42640687119262566, 0.000000000000000000 ) ) ;
#9375 = CARTESIAN_POINT ( 'NONE',  ( 39.12398950069061243, -28.87693130457877189, 73.39999999999999147 ) ) ;
#9376 = VECTOR ( 'NONE', #3386, 1000.000000000000000 ) ;
#9377 = FACE_OUTER_BOUND ( 'NONE', #3392, .T. ) ;
#9378 = DIRECTION ( 'NONE',  ( 0.000000000000000000, 0.000000000000000000, -1.000000000000000000 ) ) ;
#9379 = ORIENTED_EDGE ( 'NONE', *, *, #6931, .F. ) ;
#9380 = DIRECTION ( 'NONE',  ( 0.000000000000000000, 0.000000000000000000, -1.000000000000000000 ) ) ;
#9381 = AXIS2_PLACEMENT_3D ( 'NONE', #2308, #2500, #7379 ) ;
#9382 = ORIENTED_EDGE ( 'NONE', *, *, #6688, .F. ) ;
#9383 = EDGE_CURVE ( 'NONE', #5013, #1234, #8866, .T. ) ;
#9384 = VECTOR ( 'NONE', #1800, 1000.000000000000000 ) ;
#9385 = AXIS2_PLACEMENT_3D ( 'NONE', #4972, #835, #8989 ) ;
#9386 = DIRECTION ( 'NONE',  ( 0.000000000000000000, 0.000000000000000000, -1.000000000000000000 ) ) ;
#9387 = ADVANCED_FACE ( 'NONE', ( #5478 ), #2429, .F. ) ;
#9388 = EDGE_LOOP ( 'NONE', ( #518, #9888, #12764, #4333 ) ) ;
#9389 = FACE_BOUND ( 'NONE', #8118, .T. ) ;
#9390 = CARTESIAN_POINT ( 'NONE',  ( 0.000000000000000000, 114.0000000000000000, -51.50000000000000000 ) ) ;
#9391 = EDGE_CURVE ( 'NONE', #2609, #12359, #8018, .T. ) ;
#9392 = CARTESIAN_POINT ( 'NONE',  ( -34.50000000000000000, 114.0000000000000000, -16.50000000000000355 ) ) ;
#9393 = DIRECTION ( 'NONE',  ( 0.000000000000000000, 0.000000000000000000, -1.000000000000000000 ) ) ;
#9394 = ORIENTED_EDGE ( 'NONE', *, *, #1189, .T. ) ;
#9395 = LINE ( 'NONE', #7236, #12386 ) ;
#9396 = ORIENTED_EDGE ( 'NONE', *, *, #8083, .T. ) ;
#9397 = ORIENTED_EDGE ( 'NONE', *, *, #11293, .F. ) ;
#9398 = DIRECTION ( 'NONE',  ( -1.000000000000000000, 1.273191542001326810E-16, 0.000000000000000000 ) ) ;
#9399 = CARTESIAN_POINT ( 'NONE',  ( 0.000000000000000000, 114.0000000000000000, -49.50000000000000000 ) ) ;
#9400 = EDGE_CURVE ( 'NONE', #9102, #1587, #467, .T. ) ;
#9401 = EDGE_CURVE ( 'NONE', #11902, #4416, #3195, .T. ) ;
#9402 = DIRECTION ( 'NONE',  ( 1.000000000000000000, 0.000000000000000000, 0.000000000000000000 ) ) ;
#9403 = LINE ( 'NONE', #3557, #12317 ) ;
#9404 = CARTESIAN_POINT ( 'NONE',  ( 0.000000000000000000, 0.000000000000000000, -52.95891286372533813 ) ) ;
#9405 = CARTESIAN_POINT ( 'NONE',  ( -39.12398950069061954, 28.87693130457876123, 112.0000000000000000 ) ) ;
#9406 = FACE_OUTER_BOUND ( 'NONE', #8831, .T. ) ;
#9407 = ORIENTED_EDGE ( 'NONE', *, *, #9869, .F. ) ;
#9408 = DIRECTION ( 'NONE',  ( -0.000000000000000000, -1.501203008056852691E-16, 1.000000000000000000 ) ) ;
#9409 = CARTESIAN_POINT ( 'NONE',  ( -45.50000000000002132, -11.38971035409371702, 65.13014328713757095 ) ) ;
#9410 = ORIENTED_EDGE ( 'NONE', *, *, #397, .F. ) ;
#9411 = ORIENTED_EDGE ( 'NONE', *, *, #664, .T. ) ;
#9412 = EDGE_CURVE ( 'NONE', #11995, #380, #1721, .T. ) ;
#9413 = VECTOR ( 'NONE', #10899, 1000.000000000000000 ) ;
#9414 = CARTESIAN_POINT ( 'NONE',  ( 26.99999999999999645, 154.9000000000000057, -72.00000000000001421 ) ) ;
#9415 = AXIS2_PLACEMENT_3D ( 'NONE', #12316, #7330, #422 ) ;
#9416 = VECTOR ( 'NONE', #12442, 1000.000000000000000 ) ;
#9417 = CARTESIAN_POINT ( 'NONE',  ( -51.49999999999990763, -3.195323443267932717, 72.04676867896058923 ) ) ;
#9418 = VERTEX_POINT ( 'NONE', #6525 ) ;
#9419 = CYLINDRICAL_SURFACE ( 'NONE', #7920, 7.499999999999985789 ) ;
#9420 = DIRECTION ( 'NONE',  ( 1.000000000000000000, 0.000000000000000000, 0.000000000000000000 ) ) ;
#9421 = VERTEX_POINT ( 'NONE', #5672 ) ;
#9422 = AXIS2_PLACEMENT_3D ( 'NONE', #4115, #6103, #3070 ) ;
#9423 = CYLINDRICAL_SURFACE ( 'NONE', #7503, 13.09999999999999964 ) ;
#9424 = AXIS2_PLACEMENT_3D ( 'NONE', #10267, #5282, #4080 ) ;
#9425 = ORIENTED_EDGE ( 'NONE', *, *, #8590, .T. ) ;
#9426 = LINE ( 'NONE', #3765, #4816 ) ;
#9427 = ORIENTED_EDGE ( 'NONE', *, *, #2580, .T. ) ;
#9428 = DIRECTION ( 'NONE',  ( -1.000000000000000000, 0.000000000000000000, 0.000000000000000000 ) ) ;
#9429 = DIRECTION ( 'NONE',  ( -1.000000000000000000, 0.000000000000000000, 0.000000000000000000 ) ) ;
#9430 = CARTESIAN_POINT ( 'NONE',  ( -51.49999999999992895, -13.47060853663948876, 60.85407270809620428 ) ) ;
#9431 = DIRECTION ( 'NONE',  ( -0.000000000000000000, -0.000000000000000000, 1.000000000000000000 ) ) ;
#9432 = VECTOR ( 'NONE', #5682, 1000.000000000000000 ) ;
#9433 = ORIENTED_EDGE ( 'NONE', *, *, #7411, .T. ) ;
#9434 = LINE ( 'NONE', #5516, #2177 ) ;
#9435 = DIRECTION ( 'NONE',  ( 0.000000000000000000, 0.000000000000000000, -1.000000000000000000 ) ) ;
#9436 = ORIENTED_EDGE ( 'NONE', *, *, #386, .F. ) ;
#9437 = ORIENTED_EDGE ( 'NONE', *, *, #6427, .F. ) ;
#9438 = LINE ( 'NONE', #4312, #5753 ) ;
#9439 = LINE ( 'NONE', #1444, #2501 ) ;
#9440 = AXIS2_PLACEMENT_3D ( 'NONE', #1708, #12806, #12740 ) ;
#9441 = CYLINDRICAL_SURFACE ( 'NONE', #8021, 13.09999999999999964 ) ;
#9442 = AXIS2_PLACEMENT_3D ( 'NONE', #12843, #10802, #8833 ) ;
#9443 = DIRECTION ( 'NONE',  ( -1.000000000000000000, 0.000000000000000000, -0.000000000000000000 ) ) ;
#9444 = PERSON ( 'UNSPECIFIED', 'UNSPECIFIED', 'UNSPECIFIED', ('UNSPECIFIED'), ('UNSPECIFIED'), ('UNSPECIFIED') ) ;
#9445 = DIRECTION ( 'NONE',  ( 1.000000000000000000, 0.000000000000000000, 0.000000000000000000 ) ) ;
#9446 = ORIENTED_EDGE ( 'NONE', *, *, #9383, .F. ) ;
#9447 = PLANE ( 'NONE',  #9080 ) ;
#9448 = ADVANCED_FACE ( 'NONE', ( #1529 ), #10529, .F. ) ;
#9449 = ORIENTED_EDGE ( 'NONE', *, *, #3637, .T. ) ;
#9450 = VECTOR ( 'NONE', #3828, 1000.000000000000000 ) ;
#9451 = DIRECTION ( 'NONE',  ( -0.000000000000000000, -0.000000000000000000, 1.000000000000000000 ) ) ;
#9452 = EDGE_LOOP ( 'NONE', ( #12323, #399 ) ) ;
#9453 = ORIENTED_EDGE ( 'NONE', *, *, #3603, .T. ) ;
#9454 = DIRECTION ( 'NONE',  ( -1.541976423090494894E-16, -0.000000000000000000, 1.000000000000000000 ) ) ;
#9455 = EDGE_CURVE ( 'NONE', #9369, #12471, #471, .T. ) ;
#9456 = PLANE ( 'NONE',  #10684 ) ;
#9457 = EDGE_CURVE ( 'NONE', #5340, #456, #12220, .T. ) ;
#9458 = VECTOR ( 'NONE', #1914, 1000.000000000000000 ) ;
#9459 = VERTEX_POINT ( 'NONE', #9721 ) ;
#9460 = DIRECTION ( 'NONE',  ( 1.000000000000000000, 0.000000000000000000, 0.000000000000000000 ) ) ;
#9461 = ORIENTED_EDGE ( 'NONE', *, *, #6647, .F. ) ;
#9462 = EDGE_LOOP ( 'NONE', ( #4431, #9896, #10559, #5315 ) ) ;
#9463 = AXIS2_PLACEMENT_3D ( 'NONE', #6454, #7568, #5601 ) ;
#9464 = AXIS2_PLACEMENT_3D ( 'NONE', #11886, #1779, #8801 ) ;
#9465 = PLANE ( 'NONE',  #11144 ) ;
#9466 = DIRECTION ( 'NONE',  ( -5.551115123125782702E-17, -1.386669559958809814E-32, -1.000000000000000000 ) ) ;
#9467 = CARTESIAN_POINT ( 'NONE',  ( -36.76999999999997470, -36.77000000000001023, 112.0000000000000000 ) ) ;
#9468 = FACE_OUTER_BOUND ( 'NONE', #7303, .T. ) ;
#9469 = EDGE_CURVE ( 'NONE', #2260, #7948, #6570, .T. ) ;
#9470 = DIRECTION ( 'NONE',  ( 1.000000000000000000, 0.000000000000000000, 0.000000000000000000 ) ) ;
#9471 = CIRCLE ( 'NONE', #2122, 34.50000000000000711 ) ;
#9472 = CARTESIAN_POINT ( 'NONE',  ( -52.00000000000005684, 159.4999999999999716, -48.80000000000001137 ) ) ;
#9473 = DIRECTION ( 'NONE',  ( 0.000000000000000000, 0.000000000000000000, 1.000000000000000000 ) ) ;
#9474 = EDGE_CURVE ( 'NONE', #11376, #2164, #11642, .T. ) ;
#9475 = ORIENTED_EDGE ( 'NONE', *, *, #4356, .T. ) ;
#9476 = DIRECTION ( 'NONE',  ( 1.000000000000000000, 0.000000000000000000, 0.000000000000000000 ) ) ;
#9477 = LINE ( 'NONE', #8563, #9017 ) ;
#9478 = VERTEX_POINT ( 'NONE', #12557 ) ;
#9479 = AXIS2_PLACEMENT_3D ( 'NONE', #10793, #739, #3753 ) ;
#9480 = AXIS2_PLACEMENT_3D ( 'NONE', #365, #8517, #10561 ) ;
#9481 = AXIS2_PLACEMENT_3D ( 'NONE', #7202, #2138, #7010 ) ;
#9482 = CARTESIAN_POINT ( 'NONE',  ( 0.000000000000000000, 114.0000000000000000, -15.50000000000000533 ) ) ;
#9483 = DIRECTION ( 'NONE',  ( -0.000000000000000000, -0.000000000000000000, 1.000000000000000000 ) ) ;
#9484 = FACE_OUTER_BOUND ( 'NONE', #11272, .T. ) ;
#9485 = CARTESIAN_POINT ( 'NONE',  ( 0.000000000000000000, 114.0000000000000000, -21.09556051177057867 ) ) ;
#9486 = EDGE_CURVE ( 'NONE', #12823, #12483, #11575, .T. ) ;
#9487 = AXIS2_PLACEMENT_3D ( 'NONE', #2892, #8357, #7173 ) ;
#9488 = AXIS2_PLACEMENT_3D ( 'NONE', #1908, #7031, #8938 ) ;
#9489 = ORIENTED_EDGE ( 'NONE', *, *, #3541, .T. ) ;
#9490 = CARTESIAN_POINT ( 'NONE',  ( 29.00000000000001066, 114.0000000000000000, -88.16592697433104320 ) ) ;
#9491 = VERTEX_POINT ( 'NONE', #7700 ) ;
#9492 = CARTESIAN_POINT ( 'NONE',  ( -21.34577862884840016, 69.89379029288281231, 62.93607486307095655 ) ) ;
#9493 = EDGE_LOOP ( 'NONE', ( #7332, #10257, #7880, #4500 ) ) ;
#9494 = VERTEX_POINT ( 'NONE', #10596 ) ;
#9495 = CARTESIAN_POINT ( 'NONE',  ( 0.000000000000000000, 114.0000000000000000, -49.50000000000000711 ) ) ;
#9496 = DIRECTION ( 'NONE',  ( 1.000000000000000000, 0.000000000000000000, 0.000000000000000000 ) ) ;
#9497 = DIRECTION ( 'NONE',  ( 1.000000000000000000, 0.000000000000000000, 0.000000000000000000 ) ) ;
#9498 = CIRCLE ( 'NONE', #684, 6.499999999999999112 ) ;
#9499 = DIRECTION ( 'NONE',  ( -0.9907251918498203302, -0.1358808089250893303, -1.527674887594230411E-16 ) ) ;
#9500 = EDGE_LOOP ( 'NONE', ( #7993, #4125, #4731, #2386 ) ) ;
#9501 = CARTESIAN_POINT ( 'NONE',  ( -28.87693130457876478, -39.12398950069061954, 112.0000000000000000 ) ) ;
#9502 = DIRECTION ( 'NONE',  ( -1.000000000000000000, 0.000000000000000000, 0.000000000000000000 ) ) ;
#9503 = EDGE_CURVE ( 'NONE', #4393, #5295, #3816, .T. ) ;
#9504 = AXIS2_PLACEMENT_3D ( 'NONE', #2214, #3073, #10175 ) ;
#9505 = EDGE_LOOP ( 'NONE', ( #6451, #13015 ) ) ;
#9506 = DIRECTION ( 'NONE',  ( 0.000000000000000000, 0.000000000000000000, 1.000000000000000000 ) ) ;
#9507 = CYLINDRICAL_SURFACE ( 'NONE', #8167, 24.50000000000000000 ) ;
#9508 = VECTOR ( 'NONE', #4512, 1000.000000000000000 ) ;
#9509 = EDGE_CURVE ( 'NONE', #12500, #11935, #4242, .T. ) ;
#9510 = DIRECTION ( 'NONE',  ( 1.000000000000000000, 0.000000000000000000, 0.000000000000000000 ) ) ;
#9511 = DIRECTION ( 'NONE',  ( 1.000000000000000000, 0.000000000000000000, 0.000000000000000000 ) ) ;
#9512 = ORIENTED_EDGE ( 'NONE', *, *, #743, .F. ) ;
#9513 = CARTESIAN_POINT ( 'NONE',  ( -52.00000000000008527, -52.00000000000000000, 0.000000000000000000 ) ) ;
#9514 = TOROIDAL_SURFACE ( 'NONE', #4895, 36.50000000000000711, 0.9999999999999887867 ) ;
#9515 = EDGE_LOOP ( 'NONE', ( #6815, #9360, #9557, #7646 ) ) ;
#9516 = CIRCLE ( 'NONE', #3017, 6.800000000000007816 ) ;
#9517 = CARTESIAN_POINT ( 'NONE',  ( -45.00000000000000711, 45.00000000000000000, 53.29999999999997584 ) ) ;
#9518 = ORIENTED_EDGE ( 'NONE', *, *, #10306, .T. ) ;
#9519 = AXIS2_PLACEMENT_3D ( 'NONE', #12598, #508, #7673 ) ;
#9520 = CARTESIAN_POINT ( 'NONE',  ( -4.000000000000000888, 129.8000000000000114, 10.49999999999999467 ) ) ;
#9521 = ADVANCED_FACE ( 'NONE', ( #729 ), #7637, .T. ) ;
#9522 = CYLINDRICAL_SURFACE ( 'NONE', #4375, 12.50000000000000000 ) ;
#9523 = EDGE_CURVE ( 'NONE', #10290, #11277, #2568, .T. ) ;
#9524 = CIRCLE ( 'NONE', #5762, 26.00000000000001066 ) ;
#9525 = ORIENTED_EDGE ( 'NONE', *, *, #7935, .F. ) ;
#9526 = LINE ( 'NONE', #394, #10090 ) ;
#9527 = EDGE_LOOP ( 'NONE', ( #8715, #9751, #11438, #9066 ) ) ;
#9528 = VERTEX_POINT ( 'NONE', #9587 ) ;
#9529 = DIRECTION ( 'NONE',  ( 0.000000000000000000, -0.000000000000000000, 1.000000000000000000 ) ) ;
#9530 = DIRECTION ( 'NONE',  ( -1.000000000000000000, 0.000000000000000000, 0.000000000000000000 ) ) ;
#9531 = ADVANCED_FACE ( 'NONE', ( #598 ), #9850, .T. ) ;
#9532 = FACE_OUTER_BOUND ( 'NONE', #4363, .T. ) ;
#9533 = EDGE_CURVE ( 'NONE', #2743, #9825, #10751, .T. ) ;
#9534 = DIRECTION ( 'NONE',  ( 0.000000000000000000, 0.000000000000000000, 1.000000000000000000 ) ) ;
#9535 = CARTESIAN_POINT ( 'NONE',  ( 0.000000000000000000, 114.0000000000000000, -44.90443948822942843 ) ) ;
#9536 = DIRECTION ( 'NONE',  ( 0.000000000000000000, 0.000000000000000000, -1.000000000000000000 ) ) ;
#9537 = DIRECTION ( 'NONE',  ( 1.000000000000000000, 0.000000000000000000, 0.000000000000000000 ) ) ;
#9538 = ORIENTED_EDGE ( 'NONE', *, *, #8420, .T. ) ;
#9539 = CARTESIAN_POINT ( 'NONE',  ( -47.00000000000000000, 114.0000000000000000, -88.16592697433104320 ) ) ;
#9540 = DIRECTION ( 'NONE',  ( -0.000000000000000000, -0.000000000000000000, -1.000000000000000000 ) ) ;
#9541 = ORIENTED_EDGE ( 'NONE', *, *, #3270, .F. ) ;
#9542 = CARTESIAN_POINT ( 'NONE',  ( 48.92640687119283882, 42.42640687119283882, 9.999999999999992895 ) ) ;
#9543 = ADVANCED_FACE ( 'NONE', ( #12885 ), #7825, .T. ) ;
#9544 = DIRECTION ( 'NONE',  ( 1.000000000000000000, 0.000000000000000000, 0.000000000000000000 ) ) ;
#9545 = FACE_OUTER_BOUND ( 'NONE', #5749, .T. ) ;
#9546 = CYLINDRICAL_SURFACE ( 'NONE', #5675, 47.00000000000000000 ) ;
#9547 = ORIENTED_EDGE ( 'NONE', *, *, #1784, .T. ) ;
#9548 = DIRECTION ( 'NONE',  ( -1.000000000000000000, 0.000000000000000000, 0.000000000000000000 ) ) ;
#9549 = ORIENTED_EDGE ( 'NONE', *, *, #8759, .T. ) ;
#9550 = CARTESIAN_POINT ( 'NONE',  ( 45.00000000000000000, 45.00000000000000000, 19.60000000000000497 ) ) ;
#9551 = ORIENTED_EDGE ( 'NONE', *, *, #3339, .T. ) ;
#9552 = CARTESIAN_POINT ( 'NONE',  ( -35.75089393306191710, -29.33956106112634998, 10.00000000000000000 ) ) ;
#9553 = CARTESIAN_POINT ( 'NONE',  ( 0.000000000000000000, 114.0000000000000000, -65.35000000000000853 ) ) ;
#9554 = CARTESIAN_POINT ( 'NONE',  ( -59.00000000000000711, -11.91169948393970124, 53.42266149669482189 ) ) ;
#9555 = EDGE_CURVE ( 'NONE', #1936, #5901, #7818, .T. ) ;
#9556 = CARTESIAN_POINT ( 'NONE',  ( 0.000000000000000000, 114.0000000000000000, 29.09545482057523813 ) ) ;
#9557 = ORIENTED_EDGE ( 'NONE', *, *, #8566, .F. ) ;
#9558 = CARTESIAN_POINT ( 'NONE',  ( -42.42640687119284593, -42.42640687119285303, 11.59999999999999254 ) ) ;
#9559 = LINE ( 'NONE', #2599, #11258 ) ;
#9560 = CIRCLE ( 'NONE', #2652, 26.75000000000000000 ) ;
#9561 = ORIENTED_EDGE ( 'NONE', *, *, #5492, .T. ) ;
#9562 = CARTESIAN_POINT ( 'NONE',  ( 0.000000000000000000, 114.0000000000000000, -4.767624960229753128 ) ) ;
#9563 = DIRECTION ( 'NONE',  ( -1.000000000000000000, 1.387778780781449147E-14, 0.000000000000000000 ) ) ;
#9564 = DIRECTION ( 'NONE',  ( 1.000000000000000000, 0.000000000000000000, 0.000000000000000000 ) ) ;
#9565 = DIRECTION ( 'NONE',  ( 1.000000000000000000, 0.000000000000000000, 0.000000000000000000 ) ) ;
#9566 = CIRCLE ( 'NONE', #5395, 6.800000000000007816 ) ;
#9567 = EDGE_LOOP ( 'NONE', ( #8862, #6, #10355, #12545 ) ) ;
#9568 = DIRECTION ( 'NONE',  ( -0.000000000000000000, -0.000000000000000000, 1.000000000000000000 ) ) ;
#9569 = EDGE_CURVE ( 'NONE', #10920, #10352, #261, .T. ) ;
#9570 = DIRECTION ( 'NONE',  ( 0.000000000000000000, 0.000000000000000000, -1.000000000000000000 ) ) ;
#9571 = ADVANCED_FACE ( 'NONE', ( #4781 ), #12818, .F. ) ;
#9572 = EDGE_LOOP ( 'NONE', ( #4954, #9512, #2221, #738 ) ) ;
#9573 = AXIS2_PLACEMENT_3D ( 'NONE', #1859, #9737, #3881 ) ;
#9574 = VECTOR ( 'NONE', #6627, 1000.000000000000000 ) ;
#9575 = DIRECTION ( 'NONE',  ( -0.000000000000000000, -0.000000000000000000, 1.000000000000000000 ) ) ;
#9576 = CARTESIAN_POINT ( 'NONE',  ( 0.000000000000000000, 114.0000000000000000, -3.150000000000003464 ) ) ;
#9577 = VECTOR ( 'NONE', #4807, 1000.000000000000114 ) ;
#9578 = CARTESIAN_POINT ( 'NONE',  ( 0.000000000000000000, 114.0000000000000000, -8.500000000000003553 ) ) ;
#9579 = DIRECTION ( 'NONE',  ( -0.000000000000000000, -0.000000000000000000, 1.000000000000000000 ) ) ;
#9580 = EDGE_LOOP ( 'NONE', ( #4321, #812, #9913, #7979 ) ) ;
#9581 = CIRCLE ( 'NONE', #5621, 3.400000000000000355 ) ;
#9582 = DIRECTION ( 'NONE',  ( 1.000000000000000000, 0.000000000000000000, 0.000000000000000000 ) ) ;
#9583 = VECTOR ( 'NONE', #11723, 1000.000000000000000 ) ;
#9584 = AXIS2_PLACEMENT_3D ( 'NONE', #2318, #6341, #8373 ) ;
#9585 = VERTEX_POINT ( 'NONE', #9914 ) ;
#9586 = CARTESIAN_POINT ( 'NONE',  ( 0.000000000000000000, 0.000000000000000000, 4.014523375354076329 ) ) ;
#9587 = CARTESIAN_POINT ( 'NONE',  ( -26.00000000000000000, 114.0000000000000000, 0.4999999999999952260 ) ) ;
#9588 = VECTOR ( 'NONE', #8916, 1000.000000000000000 ) ;
#9589 = CARTESIAN_POINT ( 'NONE',  ( 0.000000000000000000, 114.0000000000000000, -74.50000000000000000 ) ) ;
#9590 = EDGE_CURVE ( 'NONE', #3703, #7835, #5855, .T. ) ;
#9591 = CARTESIAN_POINT ( 'NONE',  ( -52.00000000000008527, -45.49999999999998579, 0.000000000000000000 ) ) ;
#9592 = AXIS2_PLACEMENT_3D ( 'NONE', #4394, #3344, #4323 ) ;
#9593 = VECTOR ( 'NONE', #10411, 1000.000000000000000 ) ;
#9594 = CYLINDRICAL_SURFACE ( 'NONE', #8792, 46.99999999999999289 ) ;
#9595 = B_SPLINE_CURVE_WITH_KNOTS ( 'NONE', 3,
 ( #8104, #4225, #8240, #88 ),
 .UNSPECIFIED., .F., .F.,
 ( 4, 4 ),
 ( 0.002425480020777403926, 0.003595735486273834644 ),
 .UNSPECIFIED. ) ;
#9596 = CARTESIAN_POINT ( 'NONE',  ( 0.000000000000000000, 114.0000000000000000, 14.20569654897112244 ) ) ;
#9597 = DIRECTION ( 'NONE',  ( 1.000000000000000000, 0.000000000000000000, 0.000000000000000000 ) ) ;
#9598 = ORIENTED_EDGE ( 'NONE', *, *, #3388, .T. ) ;
#9599 = ORIENTED_EDGE ( 'NONE', *, *, #6284, .F. ) ;
#9600 = DIRECTION ( 'NONE',  ( 1.000000000000000000, 0.000000000000000000, -0.000000000000000000 ) ) ;
#9601 = FACE_OUTER_BOUND ( 'NONE', #4811, .T. ) ;
#9602 = VERTEX_POINT ( 'NONE', #787 ) ;
#9603 = TOROIDAL_SURFACE ( 'NONE', #3933, 30.77624999999999744, 4.599999999999995204 ) ;
#9604 = CARTESIAN_POINT ( 'NONE',  ( -45.50000000000014211, 13.07521828316744639, 57.69572726120718897 ) ) ;
#9605 = EDGE_CURVE ( 'NONE', #7433, #6027, #3411, .T. ) ;
#9606 = EDGE_CURVE ( 'NONE', #6074, #7912, #1845, .T. ) ;
#9607 = CARTESIAN_POINT ( 'NONE',  ( -12.50000000000000000, 114.0000000000000000, 9.499999999999994671 ) ) ;
#9608 = CIRCLE ( 'NONE', #12139, 37.49999999999999289 ) ;
#9609 = DIRECTION ( 'NONE',  ( 0.000000000000000000, 0.000000000000000000, 1.000000000000000000 ) ) ;
#9610 = B_SPLINE_CURVE_WITH_KNOTS ( 'NONE', 3,
 ( #10188, #126, #5133, #8288 ),
 .UNSPECIFIED., .F., .F.,
 ( 4, 4 ),
 ( 0.001998362867557101300, 0.003168618269552574054 ),
 .UNSPECIFIED. ) ;
#9611 = DIRECTION ( 'NONE',  ( 1.000000000000000000, 0.000000000000000000, 0.000000000000000000 ) ) ;
#9612 = ORIENTED_EDGE ( 'NONE', *, *, #5320, .T. ) ;
#9613 = DIRECTION ( 'NONE',  ( 0.000000000000000000, 0.000000000000000000, -1.000000000000000000 ) ) ;
#9614 = EDGE_CURVE ( 'NONE', #4581, #9743, #11888, .T. ) ;
#9615 = ADVANCED_FACE ( 'NONE', ( #7953 ), #4849, .F. ) ;
#9616 = ORIENTED_EDGE ( 'NONE', *, *, #3898, .T. ) ;
#9617 = DIRECTION ( 'NONE',  ( -0.000000000000000000, -0.000000000000000000, 1.000000000000000000 ) ) ;
#9618 = ORIENTED_EDGE ( 'NONE', *, *, #6011, .F. ) ;
#9619 = AXIS2_PLACEMENT_3D ( 'NONE', #2088, #4983, #4186 ) ;
#9620 = VERTEX_POINT ( 'NONE', #9978 ) ;
#9621 = VERTEX_POINT ( 'NONE', #980 ) ;
#9622 = CARTESIAN_POINT ( 'NONE',  ( -36.76999999999997470, -36.77000000000001023, 19.59999999999999076 ) ) ;
#9623 = CARTESIAN_POINT ( 'NONE',  ( -59.00000000000000711, -6.000000000000019540, 39.80000000000001137 ) ) ;
#9624 = DIRECTION ( 'NONE',  ( -1.000000000000000000, 0.000000000000000000, 0.000000000000000000 ) ) ;
#9625 = ORIENTED_EDGE ( 'NONE', *, *, #1063, .F. ) ;
#9626 = AXIS2_PLACEMENT_3D ( 'NONE', #3266, #1169, #6164 ) ;
#9627 = AXIS2_PLACEMENT_3D ( 'NONE', #1817, #7862, #3971 ) ;
#9628 = CARTESIAN_POINT ( 'NONE',  ( -21.00000000000000355, 114.0000000000000000, -77.00000000000000000 ) ) ;
#9629 = EDGE_LOOP ( 'NONE', ( #11214, #11180, #1297, #2205 ) ) ;
#9630 = DIRECTION ( 'NONE',  ( -0.000000000000000000, -0.000000000000000000, 1.000000000000000000 ) ) ;
#9631 = ORIENTED_EDGE ( 'NONE', *, *, #5820, .F. ) ;
#9632 = EDGE_CURVE ( 'NONE', #3185, #8474, #10962, .T. ) ;
#9633 = EDGE_CURVE ( 'NONE', #11946, #4712, #10119, .T. ) ;
#9634 = VERTEX_POINT ( 'NONE', #13010 ) ;
#9635 = FACE_BOUND ( 'NONE', #12428, .T. ) ;
#9636 = EDGE_CURVE ( 'NONE', #5135, #10525, #11174, .T. ) ;
#9637 = DIRECTION ( 'NONE',  ( 1.000000000000000000, 0.000000000000000000, 0.000000000000000000 ) ) ;
#9638 = CARTESIAN_POINT ( 'NONE',  ( -36.77000000000001023, 36.76999999999996049, 112.0000000000000000 ) ) ;
#9639 = ORIENTED_EDGE ( 'NONE', *, *, #10388, .F. ) ;
#9640 = AXIS2_PLACEMENT_3D ( 'NONE', #8882, #11046, #2959 ) ;
#9641 = AXIS2_PLACEMENT_3D ( 'NONE', #7783, #6802, #1002 ) ;
#9642 = CARTESIAN_POINT ( 'NONE',  ( 23.50000000000000000, 114.0000000000000000, -49.50000000000000000 ) ) ;
#9643 = DIRECTION ( 'NONE',  ( -0.000000000000000000, -0.000000000000000000, 1.000000000000000000 ) ) ;
#9644 = DIRECTION ( 'NONE',  ( 0.000000000000000000, 1.000000000000000000, 2.668805347656626678E-16 ) ) ;
#9645 = EDGE_LOOP ( 'NONE', ( #10935, #11929 ) ) ;
#9646 = ORGANIZATION ( 'UNSPECIFIED', 'UNSPECIFIED', '' ) ;
#9647 = ORIENTED_EDGE ( 'NONE', *, *, #4189, .T. ) ;
#9648 = AXIS2_PLACEMENT_3D ( 'NONE', #2168, #5402, #9196 ) ;
#9649 = CARTESIAN_POINT ( 'NONE',  ( 23.50000000000000355, 114.0000000000000000, -1.500000000000004885 ) ) ;
#9650 = CARTESIAN_POINT ( 'NONE',  ( -28.87693130457876478, -39.12398950069062664, 112.0000000000000000 ) ) ;
#9651 = EDGE_CURVE ( 'NONE', #12579, #6074, #8011, .T. ) ;
#9652 = EDGE_LOOP ( 'NONE', ( #8915, #747, #3899, #7169 ) ) ;
#9653 = CYLINDRICAL_SURFACE ( 'NONE', #1709, 28.08750000000000213 ) ;
#9654 = EDGE_CURVE ( 'NONE', #3480, #442, #7761, .T. ) ;
#9655 = ORIENTED_EDGE ( 'NONE', *, *, #6011, .T. ) ;
#9656 = CARTESIAN_POINT ( 'NONE',  ( 0.000000000000000000, 114.0000000000000142, -77.00000000000001421 ) ) ;
#9657 = CYLINDRICAL_SURFACE ( 'NONE', #6328, 26.75000000000000355 ) ;
#9658 = DIRECTION ( 'NONE',  ( -1.000000000000000000, 0.000000000000000000, 0.000000000000000000 ) ) ;
#9659 = CONICAL_SURFACE ( 'NONE', #1050, 13.07735026918962795, 0.5235987755982941527 ) ;
#9660 = LINE ( 'NONE', #7885, #3520 ) ;
#9661 = DIRECTION ( 'NONE',  ( 0.000000000000000000, 0.000000000000000000, 1.000000000000000000 ) ) ;
#9662 = DIRECTION ( 'NONE',  ( 1.000000000000000000, 0.000000000000000000, 0.000000000000000000 ) ) ;
#9663 = LINE ( 'NONE', #11520, #8169 ) ;
#9664 = EDGE_CURVE ( 'NONE', #760, #8246, #12854, .T. ) ;
#9665 = ORIENTED_EDGE ( 'NONE', *, *, #11307, .T. ) ;
#9667 = ORIENTED_EDGE ( 'NONE', *, *, #8773, .F. ) ;
#9666 = AXIS2_PLACEMENT_3D ( 'NONE', #5918, #10973, #1971 ) ;
#9668 = FACE_OUTER_BOUND ( 'NONE', #11510, .T. ) ;
#9669 = DIRECTION ( 'NONE',  ( 0.000000000000000000, 0.000000000000000000, -1.000000000000000000 ) ) ;
#9670 = ORIENTED_EDGE ( 'NONE', *, *, #11395, .F. ) ;
#9671 = DIRECTION ( 'NONE',  ( 0.000000000000000000, 1.000000000000000000, 0.000000000000000000 ) ) ;
#9672 = CARTESIAN_POINT ( 'NONE',  ( -19.00000000000000355, 114.0000000000000000, 10.49999999999999467 ) ) ;
#9673 = AXIS2_PLACEMENT_3D ( 'NONE', #11334, #3382, #352 ) ;
#9674 = PERSON_AND_ORGANIZATION ( #9444, #9646 ) ;
#9675 = CARTESIAN_POINT ( 'NONE',  ( -42.42640687119281040, -42.42640687119281040, 10.00099999999999945 ) ) ;
#9676 = CARTESIAN_POINT ( 'NONE',  ( 44.99999999999997868, 22.14000000000004675, 112.0000000000000000 ) ) ;
#9677 = ORIENTED_EDGE ( 'NONE', *, *, #3380, .T. ) ;
#9678 = CYLINDRICAL_SURFACE ( 'NONE', #11262, 6.800000000000006040 ) ;
#9679 = CIRCLE ( 'NONE', #9059, 4.250000000000003553 ) ;
#9680 = ADVANCED_FACE ( 'NONE', ( #9780 ), #12279, .F. ) ;
#9681 = EDGE_CURVE ( 'NONE', #6074, #3791, #10381, .T. ) ;
#9682 = ORIENTED_EDGE ( 'NONE', *, *, #10342, .T. ) ;
#9683 = DIRECTION ( 'NONE',  ( 0.000000000000000000, 0.000000000000000000, -1.000000000000000000 ) ) ;
#9684 = ORIENTED_EDGE ( 'NONE', *, *, #6001, .T. ) ;
#9685 = AXIS2_PLACEMENT_3D ( 'NONE', #4749, #8767, #6810 ) ;
#9686 = VECTOR ( 'NONE', #3124, 1000.000000000000000 ) ;
#9687 = CARTESIAN_POINT ( 'NONE',  ( 4.000000000000000888, 125.8427192823270104, -64.00000000000000000 ) ) ;
#9688 = DIRECTION ( 'NONE',  ( 1.000000000000000000, 0.000000000000000000, 0.000000000000000000 ) ) ;
#9689 = EDGE_CURVE ( 'NONE', #9368, #8816, #1250, .T. ) ;
#9690 = CARTESIAN_POINT ( 'NONE',  ( 52.00000000000001421, -42.49999999999997868, 10.00000000000000000 ) ) ;
#9691 = EDGE_CURVE ( 'NONE', #12006, #6917, #11813, .T. ) ;
#9692 = EDGE_LOOP ( 'NONE', ( #1432, #12884, #5970, #6006 ) ) ;
#9693 = ORIENTED_EDGE ( 'NONE', *, *, #9789, .F. ) ;
#9694 = VECTOR ( 'NONE', #10656, 1000.000000000000000 ) ;
#9695 = CARTESIAN_POINT ( 'NONE',  ( -42.49999999999998579, 52.00000000000000711, 10.00000000000000000 ) ) ;
#9696 = DIRECTION ( 'NONE',  ( -1.000000000000000000, 0.000000000000000000, 0.000000000000000000 ) ) ;
#9697 = ORIENTED_EDGE ( 'NONE', *, *, #7311, .F. ) ;
#9698 = ORIENTED_EDGE ( 'NONE', *, *, #5457, .T. ) ;
#9699 = DIRECTION ( 'NONE',  ( 1.000000000000000000, 0.000000000000000000, 0.000000000000000000 ) ) ;
#9700 = ADVANCED_FACE ( 'NONE', ( #3146 ), #1115, .T. ) ;
#9701 = FACE_BOUND ( 'NONE', #7528, .T. ) ;
#9702 = ORIENTED_EDGE ( 'NONE', *, *, #9503, .T. ) ;
#9703 = EDGE_LOOP ( 'NONE', ( #2403, #3193, #1131, #9770 ) ) ;
#9704 = ORIENTED_EDGE ( 'NONE', *, *, #5490, .F. ) ;
#9705 = FACE_OUTER_BOUND ( 'NONE', #6416, .T. ) ;
#9706 = AXIS2_PLACEMENT_3D ( 'NONE', #7744, #2801, #6760 ) ;
#9707 = CARTESIAN_POINT ( 'NONE',  ( -36.76999999999997470, -36.77000000000001023, 112.0000000000000000 ) ) ;
#9708 = EDGE_CURVE ( 'NONE', #12070, #9838, #4319, .T. ) ;
#9709 = LINE ( 'NONE', #11687, #10669 ) ;
#9710 = CIRCLE ( 'NONE', #6789, 34.50000000000000000 ) ;
#9711 = LINE ( 'NONE', #12616, #1991 ) ;
#9712 = EDGE_LOOP ( 'NONE', ( #12254, #8027, #12858, #96 ) ) ;
#9713 = AXIS2_PLACEMENT_3D ( 'NONE', #8393, #6621, #8455 ) ;
#9714 = CARTESIAN_POINT ( 'NONE',  ( -26.99999999999999645, 73.09999999999999432, 62.93607486307095655 ) ) ;
#9715 = CARTESIAN_POINT ( 'NONE',  ( 0.000000000000000000, 114.0000000000000000, -57.50000000000000000 ) ) ;
#9716 = VERTEX_POINT ( 'NONE', #3077 ) ;
#9717 = FACE_OUTER_BOUND ( 'NONE', #5354, .T. ) ;
#9718 = VERTEX_POINT ( 'NONE', #2157 ) ;
#9719 = AXIS2_PLACEMENT_3D ( 'NONE', #11359, #5458, #8531 ) ;
#9720 = LINE ( 'NONE', #728, #453 ) ;
#9721 = CARTESIAN_POINT ( 'NONE',  ( -52.00000000000007105, 44.99999999999998579, 0.000000000000000000 ) ) ;
#9722 = VECTOR ( 'NONE', #10209, 1000.000000000000000 ) ;
#9723 = ADVANCED_FACE ( 'NONE', ( #8205, #112 ), #255, .F. ) ;
#9724 = DIRECTION ( 'NONE',  ( -0.000000000000000000, 0.000000000000000000, -1.000000000000000000 ) ) ;
#9725 = EDGE_CURVE ( 'NONE', #12661, #5120, #11394, .T. ) ;
#9726 = CARTESIAN_POINT ( 'NONE',  ( 30.77624999999999744, 114.0000000000000000, -8.500000000000003553 ) ) ;
#9727 = CARTESIAN_POINT ( 'NONE',  ( -22.13999999999997925, -38.20000000000001705, 10.00000000000000000 ) ) ;
#9728 = DIRECTION ( 'NONE',  ( 0.000000000000000000, 0.000000000000000000, -1.000000000000000000 ) ) ;
#9729 = AXIS2_PLACEMENT_3D ( 'NONE', #9326, #523, #6444 ) ;
#9730 = ORIENTED_EDGE ( 'NONE', *, *, #11559, .T. ) ;
#9731 = ORIENTED_EDGE ( 'NONE', *, *, #3035, .T. ) ;
#9732 = VECTOR ( 'NONE', #5113, 1000.000000000000000 ) ;
#9733 = DIRECTION ( 'NONE',  ( 1.000000000000000000, 0.000000000000000000, 0.000000000000000000 ) ) ;
#9734 = ORIENTED_EDGE ( 'NONE', *, *, #6814, .T. ) ;
#9735 = CARTESIAN_POINT ( 'NONE',  ( -47.24999999999998579, 85.56884280932308684, 11.49999999999999645 ) ) ;
#9736 = EDGE_CURVE ( 'NONE', #11913, #7670, #3626, .T. ) ;
#9737 = DIRECTION ( 'NONE',  ( -0.000000000000000000, -0.000000000000000000, 1.000000000000000000 ) ) ;
#9738 = CIRCLE ( 'NONE', #11435, 22.50000000000000000 ) ;
#9739 = CYLINDRICAL_SURFACE ( 'NONE', #12526, 47.00000000000000000 ) ;
#9740 = CARTESIAN_POINT ( 'NONE',  ( -26.00000000000001066, 114.0000000000000000, -65.49999999999998579 ) ) ;
#9741 = ORIENTED_EDGE ( 'NONE', *, *, #8763, .F. ) ;
#9742 = DIRECTION ( 'NONE',  ( 0.000000000000000000, 0.000000000000000000, -1.000000000000000000 ) ) ;
#9743 = VERTEX_POINT ( 'NONE', #1177 ) ;
#9744 = CARTESIAN_POINT ( 'NONE',  ( -21.34577862884840016, 69.89379029288281231, -72.00000000000001421 ) ) ;
#9745 = VERTEX_POINT ( 'NONE', #7226 ) ;
#9746 = CIRCLE ( 'NONE', #3436, 1.000000000000000888 ) ;
#9747 = FACE_OUTER_BOUND ( 'NONE', #7337, .T. ) ;
#9748 = CARTESIAN_POINT ( 'NONE',  ( 28.43660512956202169, 72.00000000000001421, 11.49999999999999645 ) ) ;
#9749 = CARTESIAN_POINT ( 'NONE',  ( -27.04000000000000270, 154.8599999999999852, -2.000000000000004441 ) ) ;
#9750 = EDGE_CURVE ( 'NONE', #4953, #1695, #4063, .T. ) ;
#9751 = ORIENTED_EDGE ( 'NONE', *, *, #12440, .T. ) ;
#9752 = AXIS2_PLACEMENT_3D ( 'NONE', #4129, #12158, #9070 ) ;
#9753 = DIRECTION ( 'NONE',  ( -0.000000000000000000, -0.000000000000000000, 1.000000000000000000 ) ) ;
#9754 = CARTESIAN_POINT ( 'NONE',  ( 38.20000000000000995, -22.13999999999998636, 73.39999999999999147 ) ) ;
#9755 = ORIENTED_EDGE ( 'NONE', *, *, #5384, .T. ) ;
#9756 = ORIENTED_EDGE ( 'NONE', *, *, #2305, .T. ) ;
#9757 = FACE_BOUND ( 'NONE', #7709, .T. ) ;
#9758 = CARTESIAN_POINT ( 'NONE',  ( 4.000000000000000888, 125.8427192823270104, -78.00000000000000000 ) ) ;
#9759 = EDGE_LOOP ( 'NONE', ( #11074, #6179, #5338, #12051 ) ) ;
#9760 = EDGE_CURVE ( 'NONE', #11650, #2137, #9187, .T. ) ;
#9761 = ORIENTED_EDGE ( 'NONE', *, *, #8108, .T. ) ;
#9762 = ORIENTED_EDGE ( 'NONE', *, *, #11875, .F. ) ;
#9763 = DIRECTION ( 'NONE',  ( 0.000000000000000000, 0.000000000000000000, -1.000000000000000000 ) ) ;
#9764 = LINE ( 'NONE', #9828, #2773 ) ;
#9765 = MANIFOLD_SOLID_BREP ( 'ëgÇ›çáÇÌÇπ2', #4696 ) ;
#9766 = EDGE_CURVE ( 'NONE', #7696, #3703, #8276, .T. ) ;
#9767 = DIRECTION ( 'NONE',  ( 1.000000000000000000, 0.000000000000000000, 0.000000000000000000 ) ) ;
#9768 = DIRECTION ( 'NONE',  ( 0.000000000000000000, 0.000000000000000000, -1.000000000000000000 ) ) ;
#9769 = ORIENTED_EDGE ( 'NONE', *, *, #12820, .F. ) ;
#9770 = ORIENTED_EDGE ( 'NONE', *, *, #6158, .T. ) ;
#9771 = DIRECTION ( 'NONE',  ( -1.000000000000000000, 0.000000000000000000, 0.000000000000000000 ) ) ;
#9772 = FACE_OUTER_BOUND ( 'NONE', #8784, .T. ) ;
#9773 = EDGE_LOOP ( 'NONE', ( #8287, #9895, #6858, #10380 ) ) ;
#9774 = CARTESIAN_POINT ( 'NONE',  ( -29.00000000000001066, 114.0000000000000000, 6.499999999999992006 ) ) ;
#9775 = EDGE_CURVE ( 'NONE', #3944, #64, #9498, .T. ) ;
#9776 = EDGE_CURVE ( 'NONE', #6012, #11453, #3272, .T. ) ;
#9777 = CARTESIAN_POINT ( 'NONE',  ( -51.50000000000001421, 6.947747786280480398, 40.52230724711836984 ) ) ;
#9778 = AXIS2_PLACEMENT_3D ( 'NONE', #1164, #1099, #12265 ) ;
#9779 = CARTESIAN_POINT ( 'NONE',  ( -36.50000000000000000, 114.0000000000000000, -16.49999999999999289 ) ) ;
#9780 = FACE_OUTER_BOUND ( 'NONE', #8273, .T. ) ;
#9781 = AXIS2_PLACEMENT_3D ( 'NONE', #9405, #5677, #11388 ) ;
#9782 = CARTESIAN_POINT ( 'NONE',  ( 34.50000000000000000, 114.0000000000000000, -44.90443948822942843 ) ) ;
#9783 = DIRECTION ( 'NONE',  ( -1.000000000000000000, 0.000000000000000000, 0.000000000000000000 ) ) ;
#9784 = CIRCLE ( 'NONE', #6659, 13.09999999999999964 ) ;
#9785 = CARTESIAN_POINT ( 'NONE',  ( -42.49999999999996447, -51.99999999999999289, 0.000000000000000000 ) ) ;
#9786 = AXIS2_PLACEMENT_3D ( 'NONE', #3638, #2638, #12230 ) ;
#9787 = CARTESIAN_POINT ( 'NONE',  ( -29.33956106112635354, 35.75089393306190289, 10.00000000000000000 ) ) ;
#9788 = ORIENTED_EDGE ( 'NONE', *, *, #11561, .T. ) ;
#9789 = EDGE_CURVE ( 'NONE', #3734, #9860, #2215, .T. ) ;
#9790 = EDGE_LOOP ( 'NONE', ( #9453, #573, #2753, #12444 ) ) ;
#9791 = CARTESIAN_POINT ( 'NONE',  ( 0.000000000000000000, 0.000000000000000000, 0.000000000000000000 ) ) ;
#9792 = ADVANCED_FACE ( 'NONE', ( #1386 ), #10113, .T. ) ;
#9793 = AXIS2_PLACEMENT_3D ( 'NONE', #4082, #9148, #7975 ) ;
#9794 = ORIENTED_EDGE ( 'NONE', *, *, #8534, .F. ) ;
#9795 = LINE ( 'NONE', #4866, #5526 ) ;
#9796 = CIRCLE ( 'NONE', #7714, 34.50000000000000711 ) ;
#9797 = CIRCLE ( 'NONE', #3297, 28.08750000000000568 ) ;
#9798 = CIRCLE ( 'NONE', #4131, 22.50000000000000000 ) ;
#9799 = DIRECTION ( 'NONE',  ( -0.000000000000000000, -0.000000000000000000, -1.000000000000000000 ) ) ;
#9800 = CARTESIAN_POINT ( 'NONE',  ( -21.34577862884840016, 69.89379029288281231, -70.00000000000000000 ) ) ;
#9801 = CARTESIAN_POINT ( 'NONE',  ( -45.00000000000000711, 0.000000000000000000, 58.79999999999997584 ) ) ;
#9802 = FACE_OUTER_BOUND ( 'NONE', #8761, .T. ) ;
#9803 = VECTOR ( 'NONE', #4924, 1000.000000000000000 ) ;
#9804 = ORIENTED_EDGE ( 'NONE', *, *, #7924, .F. ) ;
#9805 = DIRECTION ( 'NONE',  ( 0.000000000000000000, 0.000000000000000000, -1.000000000000000000 ) ) ;
#9806 = DIRECTION ( 'NONE',  ( 0.000000000000000000, 0.000000000000000000, -1.000000000000000000 ) ) ;
#9807 = ADVANCED_FACE ( 'NONE', ( #2352 ), #3822, .F. ) ;
#9808 = ORIENTED_EDGE ( 'NONE', *, *, #5031, .T. ) ;
#9809 = DIRECTION ( 'NONE',  ( 0.000000000000000000, 0.000000000000000000, -1.000000000000000000 ) ) ;
#9810 = ORIENTED_EDGE ( 'NONE', *, *, #9352, .F. ) ;
#9811 = CARTESIAN_POINT ( 'NONE',  ( -51.50000000000000711, 6.301806461634237522, 39.30000000000005400 ) ) ;
#9812 = CYLINDRICAL_SURFACE ( 'NONE', #8469, 13.09999999999999964 ) ;
#9813 = LINE ( 'NONE', #6937, #1819 ) ;
#9814 = ORIENTED_EDGE ( 'NONE', *, *, #4646, .F. ) ;
#9815 = VERTEX_POINT ( 'NONE', #11560 ) ;
#9816 = CARTESIAN_POINT ( 'NONE',  ( 21.34577862884840016, 158.1062097071171877, -72.00000000000001421 ) ) ;
#9817 = DIRECTION ( 'NONE',  ( 1.000000000000000000, 0.000000000000000000, 0.000000000000000000 ) ) ;
#9818 = ORIENTED_EDGE ( 'NONE', *, *, #2058, .T. ) ;
#9819 = EDGE_LOOP ( 'NONE', ( #6749, #12256, #6492, #2085 ) ) ;
#9820 = AXIS2_PLACEMENT_3D ( 'NONE', #12439, #7448, #4544 ) ;
#9821 = FACE_BOUND ( 'NONE', #10649, .T. ) ;
#9822 = AXIS2_PLACEMENT_3D ( 'NONE', #6401, #10401, #1410 ) ;
#9823 = CARTESIAN_POINT ( 'NONE',  ( -34.50000000000000000, 114.0000000000000000, -21.09556051177057867 ) ) ;
#9824 = VERTEX_POINT ( 'NONE', #8533 ) ;
#9825 = VERTEX_POINT ( 'NONE', #8664 ) ;
#9826 = CARTESIAN_POINT ( 'NONE',  ( -33.46499999999999631, 114.0000000000000000, -12.23237503977025575 ) ) ;
#9827 = ORIENTED_EDGE ( 'NONE', *, *, #10934, .T. ) ;
#9828 = CARTESIAN_POINT ( 'NONE',  ( 29.33956106112633933, -35.75089393306192420, 73.39999999999999147 ) ) ;
#9829 = MANIFOLD_SOLID_BREP ( 'GFS6G5Å`100FR_S-5/S-BB6009ZZ-G-2-solid2', #6395 ) ;
#9830 = CARTESIAN_POINT ( 'NONE',  ( 22.14000000000004320, -44.99999999999999289, 112.0000000000000000 ) ) ;
#9831 = CIRCLE ( 'NONE', #7324, 3.399999999999993250 ) ;
#9832 = AXIS2_PLACEMENT_3D ( 'NONE', #4958, #12980, #9887 ) ;
#9833 = CIRCLE ( 'NONE', #12573, 33.46499999999999631 ) ;
#9834 = EDGE_CURVE ( 'NONE', #2026, #8764, #1739, .T. ) ;
#9835 = DIRECTION ( 'NONE',  ( -0.000000000000000000, -0.000000000000000000, 1.000000000000000000 ) ) ;
#9836 = AXIS2_PLACEMENT_3D ( 'NONE', #10661, #5482, #12437 ) ;
#9837 = DIRECTION ( 'NONE',  ( 0.000000000000000000, 0.000000000000000000, -1.000000000000000000 ) ) ;
#9838 = VERTEX_POINT ( 'NONE', #1577 ) ;
#9839 = ORIENTED_EDGE ( 'NONE', *, *, #6647, .T. ) ;
#9840 = CARTESIAN_POINT ( 'NONE',  ( 0.000000000000000000, 114.0000000000000000, -64.50000000000000000 ) ) ;
#9841 = DIRECTION ( 'NONE',  ( -0.000000000000000000, -0.000000000000000000, 1.000000000000000000 ) ) ;
#9842 = ORIENTED_EDGE ( 'NONE', *, *, #5626, .T. ) ;
#9843 = CIRCLE ( 'NONE', #9422, 6.019999999999993356 ) ;
#9844 = DIRECTION ( 'NONE',  ( 8.912340794009285204E-16, -1.000000000000000000, 0.000000000000000000 ) ) ;
#9845 = AXIS2_PLACEMENT_3D ( 'NONE', #3432, #4481, #2631 ) ;
#9846 = EDGE_CURVE ( 'NONE', #7786, #1492, #1958, .T. ) ;
#9847 = EDGE_CURVE ( 'NONE', #726, #5920, #2577, .T. ) ;
#9848 = CARTESIAN_POINT ( 'NONE',  ( 45.50000000000002842, 61.99999999999997868, -1.000000000000000000 ) ) ;
#9849 = EDGE_LOOP ( 'NONE', ( #4405, #699, #9094, #214 ) ) ;
#9850 = CYLINDRICAL_SURFACE ( 'NONE', #11598, 22.50000000000000000 ) ;
#9851 = VECTOR ( 'NONE', #12948, 1000.000000000000000 ) ;
#9852 = CARTESIAN_POINT ( 'NONE',  ( 0.000000000000000000, 114.0000000000000000, -14.50000000000000711 ) ) ;
#9853 = CIRCLE ( 'NONE', #10703, 12.50000000000000000 ) ;
#9854 = EDGE_CURVE ( 'NONE', #8795, #7429, #5534, .T. ) ;
#9855 = EDGE_CURVE ( 'NONE', #4712, #5037, #583, .T. ) ;
#9856 = CARTESIAN_POINT ( 'NONE',  ( -27.04000000000000270, 154.8599999999999852, -2.000000000000004441 ) ) ;
#9857 = VERTEX_POINT ( 'NONE', #12413 ) ;
#9858 = CARTESIAN_POINT ( 'NONE',  ( 29.33956106112633577, 35.75089393306183894, 19.60000000000000497 ) ) ;
#9859 = DIRECTION ( 'NONE',  ( 0.000000000000000000, 0.000000000000000000, -1.000000000000000000 ) ) ;
#9860 = VERTEX_POINT ( 'NONE', #2547 ) ;
#9861 = DIRECTION ( 'NONE',  ( 0.000000000000000000, 0.000000000000000000, -1.000000000000000000 ) ) ;
#9862 = EDGE_LOOP ( 'NONE', ( #12489, #10738 ) ) ;
#9863 = EDGE_LOOP ( 'NONE', ( #12003, #4440, #1140, #9892 ) ) ;
#9864 = CIRCLE ( 'NONE', #3359, 4.499999999999997335 ) ;
#9865 = VECTOR ( 'NONE', #1296, 1000.000000000000000 ) ;
#9866 = LINE ( 'NONE', #4934, #10109 ) ;
#9867 = FACE_OUTER_BOUND ( 'NONE', #12195, .T. ) ;
#9868 = CARTESIAN_POINT ( 'NONE',  ( 33.46499999999999631, 114.0000000000000000, -21.09556051177057867 ) ) ;
#9869 = EDGE_CURVE ( 'NONE', #6637, #10344, #9916, .T. ) ;
#9870 = CARTESIAN_POINT ( 'NONE',  ( -57.49999999999992895, 13.17558984508003306, 57.68530569122973617 ) ) ;
#9871 = AXIS2_PLACEMENT_3D ( 'NONE', #7092, #10240, #3268 ) ;
#9872 = CIRCLE ( 'NONE', #2731, 1.000000000000000888 ) ;
#9873 = CYLINDRICAL_SURFACE ( 'NONE', #8383, 3.399999999999993250 ) ;
#9874 = ORIENTED_EDGE ( 'NONE', *, *, #659, .F. ) ;
#9875 = CARTESIAN_POINT ( 'NONE',  ( 0.000000000000000000, 114.0000000000000000, -88.16592697433104320 ) ) ;
#9876 = LINE ( 'NONE', #2833, #5460 ) ;
#9877 = VERTEX_POINT ( 'NONE', #6703 ) ;
#9878 = DIRECTION ( 'NONE',  ( 0.000000000000000000, 0.000000000000000000, -1.000000000000000000 ) ) ;
#9879 = ORIENTED_EDGE ( 'NONE', *, *, #7652, .F. ) ;
#9880 = CARTESIAN_POINT ( 'NONE',  ( 27.03999999999999559, 154.8599999999999852, -61.49999999999999289 ) ) ;
#9881 = VECTOR ( 'NONE', #4117, 1000.000000000000000 ) ;
#9882 = CARTESIAN_POINT ( 'NONE',  ( 34.50000000000000711, 114.0000000000000000, -2.500000000000009326 ) ) ;
#9883 = LINE ( 'NONE', #3897, #2839 ) ;
#9884 = EDGE_CURVE ( 'NONE', #8710, #12891, #5097, .T. ) ;
#9885 = ORIENTED_EDGE ( 'NONE', *, *, #3011, .F. ) ;
#9886 = FACE_BOUND ( 'NONE', #4606, .T. ) ;
#9887 = DIRECTION ( 'NONE',  ( 0.000000000000000000, -0.000000000000000000, -1.000000000000000000 ) ) ;
#9888 = ORIENTED_EDGE ( 'NONE', *, *, #628, .T. ) ;
#9889 = AXIS2_PLACEMENT_3D ( 'NONE', #1781, #8806, #5792 ) ;
#9890 = ORIENTED_EDGE ( 'NONE', *, *, #1667, .F. ) ;
#9891 = FACE_BOUND ( 'NONE', #7390, .T. ) ;
#9892 = ORIENTED_EDGE ( 'NONE', *, *, #1667, .T. ) ;
#9893 = CARTESIAN_POINT ( 'NONE',  ( -45.50000000000007816, 51.49999999999998579, -1.000000000000000000 ) ) ;
#9894 = VERTEX_POINT ( 'NONE', #6572 ) ;
#9895 = ORIENTED_EDGE ( 'NONE', *, *, #578, .F. ) ;
#9896 = ORIENTED_EDGE ( 'NONE', *, *, #10186, .T. ) ;
#9897 = DIRECTION ( 'NONE',  ( 0.9907251918498221066, -0.1358808089250767570, 1.145756165695674842E-16 ) ) ;
#9898 = CARTESIAN_POINT ( 'NONE',  ( 36.76999999999996760, 36.77000000000000313, 112.0000000000000000 ) ) ;
#9899 = CIRCLE ( 'NONE', #2976, 3.400000000000000355 ) ;
#9900 = AXIS2_PLACEMENT_3D ( 'NONE', #7598, #5440, #301 ) ;
#9901 = PLANE ( 'NONE',  #8341 ) ;
#9902 = EDGE_CURVE ( 'NONE', #166, #10832, #10640, .T. ) ;
#9903 = CARTESIAN_POINT ( 'NONE',  ( -35.75089393306191710, -29.33956106112634998, 112.0000000000000000 ) ) ;
#9904 = DIRECTION ( 'NONE',  ( 1.541976423090494894E-16, 0.000000000000000000, -1.000000000000000000 ) ) ;
#9905 = VERTEX_POINT ( 'NONE', #12609 ) ;
#9906 = ORIENTED_EDGE ( 'NONE', *, *, #9095, .T. ) ;
#9907 = LINE ( 'NONE', #7087, #6761 ) ;
#9908 = DIRECTION ( 'NONE',  ( -1.000000000000000000, -0.000000000000000000, 0.000000000000000000 ) ) ;
#9909 = CARTESIAN_POINT ( 'NONE',  ( 42.42640687119283882, -42.42640687119285303, 9.999999999999992895 ) ) ;
#9910 = ORIENTED_EDGE ( 'NONE', *, *, #11141, .F. ) ;
#9911 = DIRECTION ( 'NONE',  ( 0.000000000000000000, 0.000000000000000000, -1.000000000000000000 ) ) ;
#9912 = DIRECTION ( 'NONE',  ( -1.000000000000000000, 0.000000000000000000, 0.000000000000000000 ) ) ;
#9913 = ORIENTED_EDGE ( 'NONE', *, *, #4539, .T. ) ;
#9914 = CARTESIAN_POINT ( 'NONE',  ( 35.75089393306183894, -29.33956106112634998, 10.00000000000000000 ) ) ;
#9915 = DIRECTION ( 'NONE',  ( -1.000000000000000000, 0.000000000000000000, 0.000000000000000000 ) ) ;
#9916 = CIRCLE ( 'NONE', #9286, 6.499999999999999112 ) ;
#9917 = ADVANCED_FACE ( 'NONE', ( #6438, #7684 ), #9447, .T. ) ;
#9918 = CARTESIAN_POINT ( 'NONE',  ( 42.42640687119283882, -42.42640687119285303, 9.999999999999992895 ) ) ;
#9919 = ORIENTED_EDGE ( 'NONE', *, *, #73, .T. ) ;
#9920 = CARTESIAN_POINT ( 'NONE',  ( -29.33956106112634288, 35.75089393306190289, 19.59999999999999076 ) ) ;
#9921 = CARTESIAN_POINT ( 'NONE',  ( -45.50000000000409273, 62.00000000000834888, -72.00000000000001421 ) ) ;
#9922 = ORIENTED_EDGE ( 'NONE', *, *, #4778, .T. ) ;
#9923 = EDGE_CURVE ( 'NONE', #7281, #2590, #3416, .T. ) ;
#9924 = AXIS2_PLACEMENT_3D ( 'NONE', #7697, #6838, #727 ) ;
#9925 = VERTEX_POINT ( 'NONE', #5655 ) ;
#9926 = CARTESIAN_POINT ( 'NONE',  ( -45.00000000000000711, -1.500192328955508129E-15, 46.54999999999998295 ) ) ;
#9927 = AXIS2_PLACEMENT_3D ( 'NONE', #5247, #11224, #971 ) ;
#9928 = EDGE_LOOP ( 'NONE', ( #2961, #5790, #4921, #7679, #10041, #10958, #3189, #11393 ) ) ;
#9929 = ORIENTED_EDGE ( 'NONE', *, *, #1684, .T. ) ;
#9930 = AXIS2_PLACEMENT_3D ( 'NONE', #9748, #10687, #8840 ) ;
#9931 = DIRECTION ( 'NONE',  ( -0.000000000000000000, -0.000000000000000000, -1.000000000000000000 ) ) ;
#9932 = ADVANCED_FACE ( 'NONE', ( #10513 ), #2481, .T. ) ;
#9933 = DIRECTION ( 'NONE',  ( 1.000000000000000000, 0.000000000000000000, 0.000000000000000000 ) ) ;
#9934 = CARTESIAN_POINT ( 'NONE',  ( -36.50000000000000000, 114.0000000000000000, -49.50000000000000711 ) ) ;
#9935 = ADVANCED_FACE ( 'NONE', ( #2673, #1706 ), #11432, .F. ) ;
#9936 = CARTESIAN_POINT ( 'NONE',  ( -57.50000000000000711, 6.021595778902632645, 70.57434842601624325 ) ) ;
#9937 = CARTESIAN_POINT ( 'NONE',  ( 28.87693130457876123, 39.12398950069061243, 19.60000000000000497 ) ) ;
#9938 = VERTEX_POINT ( 'NONE', #9642 ) ;
#9939 = DIRECTION ( 'NONE',  ( 0.000000000000000000, 0.000000000000000000, -1.000000000000000000 ) ) ;
#9940 = CYLINDRICAL_SURFACE ( 'NONE', #12580, 29.00000000000001066 ) ;
#9941 = ORIENTED_EDGE ( 'NONE', *, *, #12574, .F. ) ;
#9942 = DIRECTION ( 'NONE',  ( 0.000000000000000000, 0.000000000000000000, 1.000000000000000000 ) ) ;
#9943 = VECTOR ( 'NONE', #6701, 1000.000000000000000 ) ;
#9944 = ORIENTED_EDGE ( 'NONE', *, *, #2457, .T. ) ;
#9945 = EDGE_CURVE ( 'NONE', #7813, #153, #10971, .T. ) ;
#9946 = EDGE_CURVE ( 'NONE', #9102, #11676, #11622, .T. ) ;
#9947 = DIRECTION ( 'NONE',  ( 0.000000000000000000, 0.000000000000000000, -1.000000000000000000 ) ) ;
#9948 = DIRECTION ( 'NONE',  ( 0.000000000000000000, 0.000000000000000000, -1.000000000000000000 ) ) ;
#9949 = CARTESIAN_POINT ( 'NONE',  ( 35.75089393306183894, -29.33956106112634998, 112.0000000000000000 ) ) ;
#9950 = ORIENTED_EDGE ( 'NONE', *, *, #7307, .F. ) ;
#9951 = EDGE_LOOP ( 'NONE', ( #10897, #9147, #7086, #5245 ) ) ;
#9952 = CARTESIAN_POINT ( 'NONE',  ( -22.14000000000005031, 44.99999999999997868, 112.0000000000000000 ) ) ;
#9953 = DIRECTION ( 'NONE',  ( -0.000000000000000000, -0.000000000000000000, 1.000000000000000000 ) ) ;
#9954 = VERTEX_POINT ( 'NONE', #10705 ) ;
#9955 = ORIENTED_EDGE ( 'NONE', *, *, #3156, .F. ) ;
#9956 = DIRECTION ( 'NONE',  ( 0.000000000000000000, 0.000000000000000000, -1.000000000000000000 ) ) ;
#9957 = VECTOR ( 'NONE', #12546, 1000.000000000000000 ) ;
#9958 = ORIENTED_EDGE ( 'NONE', *, *, #11968, .T. ) ;
#9959 = DIRECTION ( 'NONE',  ( 0.000000000000000000, 0.000000000000000000, 1.000000000000000000 ) ) ;
#9960 = EDGE_CURVE ( 'NONE', #8170, #10920, #1541, .T. ) ;
#9961 = ORIENTED_EDGE ( 'NONE', *, *, #8621, .T. ) ;
#9962 = ORIENTED_EDGE ( 'NONE', *, *, #9725, .F. ) ;
#9963 = CARTESIAN_POINT ( 'NONE',  ( 45.50000000000004263, 51.49999999999998579, 0.000000000000000000 ) ) ;
#9964 = EDGE_CURVE ( 'NONE', #6602, #2470, #1960, .T. ) ;
#9965 = PLANE ( 'NONE',  #10563 ) ;
#9966 = DIRECTION ( 'NONE',  ( -0.8571673007021114454, 1.049727191138617586E-16, 0.5150380749100555988 ) ) ;
#9967 = DIRECTION ( 'NONE',  ( 0.000000000000000000, 0.000000000000000000, -1.000000000000000000 ) ) ;
#9968 = DIRECTION ( 'NONE',  ( -0.000000000000000000, -0.000000000000000000, 1.000000000000000000 ) ) ;
#9969 = EDGE_LOOP ( 'NONE', ( #2462, #2808 ) ) ;
#9970 = DIRECTION ( 'NONE',  ( -1.000000000000000000, 0.000000000000000000, -0.000000000000000000 ) ) ;
#9971 = CARTESIAN_POINT ( 'NONE',  ( 0.000000000000000000, 114.0000000000000000, -51.50000000000000000 ) ) ;
#9972 = DIRECTION ( 'NONE',  ( -0.000000000000000000, -0.000000000000000000, -1.000000000000000000 ) ) ;
#9973 = CYLINDRICAL_SURFACE ( 'NONE', #1287, 7.499999999999985789 ) ;
#9974 = AXIS2_PLACEMENT_3D ( 'NONE', #7297, #2099, #11107 ) ;
#9975 = EDGE_CURVE ( 'NONE', #8043, #3284, #5944, .T. ) ;
#9976 = DIRECTION ( 'NONE',  ( -0.000000000000000000, -0.000000000000000000, 1.000000000000000000 ) ) ;
#9977 = ORIENTED_EDGE ( 'NONE', *, *, #12269, .F. ) ;
#9978 = CARTESIAN_POINT ( 'NONE',  ( -23.50000000000000000, 114.0000000000000000, -16.50000000000000355 ) ) ;
#9979 = CARTESIAN_POINT ( 'NONE',  ( 4.000000000000002665, 126.4505859325203687, -79.00000000000001421 ) ) ;
#9980 = DIRECTION ( 'NONE',  ( -0.000000000000000000, -0.000000000000000000, 1.000000000000000000 ) ) ;
#9981 = BREP_WITH_VOIDS ( 'NONE', #12686, ( #8336 ) );
#9982 = CARTESIAN_POINT ( 'NONE',  ( 44.99999999999997868, 22.14000000000004675, 112.0000000000000000 ) ) ;
#9983 = ORIENTED_EDGE ( 'NONE', *, *, #9689, .T. ) ;
#9984 = FACE_OUTER_BOUND ( 'NONE', #1918, .T. ) ;
#9985 = CARTESIAN_POINT ( 'NONE',  ( 42.42640687119306619, 42.42640687119262566, -1.102182119232617788E-16 ) ) ;
#9986 = ORIENTED_EDGE ( 'NONE', *, *, #12628, .T. ) ;
#9987 = DIRECTION ( 'NONE',  ( 0.000000000000000000, 0.000000000000000000, -1.000000000000000000 ) ) ;
#9988 = ORIENTED_EDGE ( 'NONE', *, *, #9206, .F. ) ;
#9989 = AXIS2_PLACEMENT_3D ( 'NONE', #9558, #5706, #3590 ) ;
#9990 = DIRECTION ( 'NONE',  ( 1.000000000000000000, 0.000000000000000000, 0.000000000000000000 ) ) ;
#9991 = EDGE_CURVE ( 'NONE', #8945, #1701, #7626, .T. ) ;
#9992 = CYLINDRICAL_SURFACE ( 'NONE', #9995, 7.499999999999985789 ) ;
#9993 = DIRECTION ( 'NONE',  ( 1.000000000000000000, 0.000000000000000000, 0.000000000000000000 ) ) ;
#9994 = AXIS2_PLACEMENT_3D ( 'NONE', #2828, #8697, #12899 ) ;
#9995 = AXIS2_PLACEMENT_3D ( 'NONE', #5138, #5005, #203 ) ;
#9996 = ADVANCED_FACE ( 'NONE', ( #3984, #2021 ), #4970, .F. ) ;
#9997 = ADVANCED_FACE ( 'NONE', ( #10888 ), #9965, .T. ) ;
#9998 = CARTESIAN_POINT ( 'NONE',  ( 0.000000000000000000, 6.019999999999993356, -2.000000000000001776 ) ) ;
#9999 = FACE_BOUND ( 'NONE', #5987, .T. ) ;
#10000 = AXIS2_PLACEMENT_3D ( 'NONE', #12255, #11267, #2259 ) ;
#10001 = ORIENTED_EDGE ( 'NONE', *, *, #11631, .F. ) ;
#10002 = CYLINDRICAL_SURFACE ( 'NONE', #615, 20.00000000000000000 ) ;
#10003 = CARTESIAN_POINT ( 'NONE',  ( 28.87693130457876478, 39.12398950069061243, 112.0000000000000000 ) ) ;
#10004 = VERTEX_POINT ( 'NONE', #768 ) ;
#10005 = CARTESIAN_POINT ( 'NONE',  ( 52.00000000000004263, 44.99999999999999289, 0.000000000000000000 ) ) ;
#10006 = ORIENTED_EDGE ( 'NONE', *, *, #4835, .T. ) ;
#10007 = CIRCLE ( 'NONE', #6865, 26.75000000000000000 ) ;
#10008 = CIRCLE ( 'NONE', #754, 4.250000000000003553 ) ;
#10009 = EDGE_CURVE ( 'NONE', #1668, #12218, #7997, .T. ) ;
#10010 = ORIENTED_EDGE ( 'NONE', *, *, #3931, .F. ) ;
#10011 = EDGE_CURVE ( 'NONE', #9825, #5067, #12802, .T. ) ;
#10012 = CARTESIAN_POINT ( 'NONE',  ( -42.42640687119284593, 42.42640687119283172, 9.999999999999992895 ) ) ;
#10013 = CARTESIAN_POINT ( 'NONE',  ( 45.00000000000001421, -22.14000000000008583, 53.29999999999999005 ) ) ;
#10014 = ORIENTED_EDGE ( 'NONE', *, *, #10675, .T. ) ;
#10015 = AXIS2_PLACEMENT_3D ( 'NONE', #7015, #10093, #10289 ) ;
#10016 = EDGE_CURVE ( 'NONE', #11761, #5003, #4664, .T. ) ;
#10017 = CIRCLE ( 'NONE', #8976, 3.399999999999993250 ) ;
#10018 = CARTESIAN_POINT ( 'NONE',  ( -28.87693130457876478, -39.12398950069061954, 112.0000000000000000 ) ) ;
#10019 = EDGE_CURVE ( 'NONE', #5211, #3890, #9764, .T. ) ;
#10020 = DIRECTION ( 'NONE',  ( -0.000000000000000000, -0.000000000000000000, 1.000000000000000000 ) ) ;
#10021 = ORIENTED_EDGE ( 'NONE', *, *, #11908, .T. ) ;
#10022 = ORIENTED_EDGE ( 'NONE', *, *, #7298, .F. ) ;
#10023 = PLANE ( 'NONE',  #10224 ) ;
#10024 = ORIENTED_EDGE ( 'NONE', *, *, #5953, .F. ) ;
#10025 = CARTESIAN_POINT ( 'NONE',  ( 0.000000000000000000, 114.0000000000000000, -63.50000000000000000 ) ) ;
#10026 = CARTESIAN_POINT ( 'NONE',  ( 44.99999999999997868, 22.14000000000004675, 112.0000000000000000 ) ) ;
#10027 = DIRECTION ( 'NONE',  ( 1.000000000000000000, 0.000000000000000000, 0.000000000000000000 ) ) ;
#10028 = VECTOR ( 'NONE', #5723, 1000.000000000000000 ) ;
#10029 = CARTESIAN_POINT ( 'NONE',  ( -42.42640687119306619, 42.42640687119262566, -18.00000000000000355 ) ) ;
#10030 = CARTESIAN_POINT ( 'NONE',  ( 0.000000000000000000, 114.0000000000000000, -19.50000000000000355 ) ) ;
#10031 = CARTESIAN_POINT ( 'NONE',  ( 0.000000000000000000, 0.000000000000000000, -65.49999999999998579 ) ) ;
#10032 = VECTOR ( 'NONE', #263, 1000.000000000000000 ) ;
#10033 = LINE ( 'NONE', #5047, #9732 ) ;
#10034 = EDGE_CURVE ( 'NONE', #9078, #1695, #4765, .T. ) ;
#10035 = ORIENTED_EDGE ( 'NONE', *, *, #5705, .F. ) ;
#10036 = CYLINDRICAL_SURFACE ( 'NONE', #8255, 1.249999999999997558 ) ;
#10037 = ADVANCED_FACE ( 'NONE', ( #8722 ), #5909, .F. ) ;
#10038 = DIRECTION ( 'NONE',  ( -0.1358808089250767570, -0.9907251918498221066, 0.000000000000000000 ) ) ;
#10039 = CARTESIAN_POINT ( 'NONE',  ( -57.49999999999997868, -6.060361292326855498, 39.69999999999999574 ) ) ;
#10040 = DIRECTION ( 'NONE',  ( -1.000000000000000000, 0.000000000000000000, 0.000000000000000000 ) ) ;
#10041 = ORIENTED_EDGE ( 'NONE', *, *, #8542, .T. ) ;
#10042 = DIRECTION ( 'NONE',  ( 0.000000000000000000, 0.000000000000000000, 1.000000000000000000 ) ) ;
#10043 = VERTEX_POINT ( 'NONE', #10825 ) ;
#10044 = CONICAL_SURFACE ( 'NONE', #10891, 1.249999999999997558, 1.029744258676651647 ) ;
#10045 = CARTESIAN_POINT ( 'NONE',  ( 20.00000000000000000, 114.0000000000000000, 14.20569654897112244 ) ) ;
#10046 = CARTESIAN_POINT ( 'NONE',  ( 39.12398950069062664, -28.87693130457877544, 19.60000000000000497 ) ) ;
#10047 = CARTESIAN_POINT ( 'NONE',  ( 36.76999999999996760, 36.77000000000000313, 112.0000000000000000 ) ) ;
#10048 = ADVANCED_FACE ( 'NONE', ( #2927, #2736 ), #2861, .F. ) ;
#10049 = VERTEX_POINT ( 'NONE', #10765 ) ;
#10050 = EDGE_LOOP ( 'NONE', ( #3106, #8941, #7263, #8919 ) ) ;
#10051 = AXIS2_PLACEMENT_3D ( 'NONE', #2476, #4576, #3530 ) ;
#10052 = FACE_OUTER_BOUND ( 'NONE', #1477, .T. ) ;
#10053 = CIRCLE ( 'NONE', #624, 26.27625000000000099 ) ;
#10054 = CYLINDRICAL_SURFACE ( 'NONE', #4779, 6.499999999999999112 ) ;
#10055 = EDGE_CURVE ( 'NONE', #11157, #7253, #6950, .T. ) ;
#10056 = ORIENTED_EDGE ( 'NONE', *, *, #5043, .T. ) ;
#10057 = DIRECTION ( 'NONE',  ( 0.000000000000000000, 0.000000000000000000, -1.000000000000000000 ) ) ;
#10058 = VERTEX_POINT ( 'NONE', #6826 ) ;
#10059 = ORIENTED_EDGE ( 'NONE', *, *, #12690, .T. ) ;
#10060 = CARTESIAN_POINT ( 'NONE',  ( -39.12398950069061954, 28.87693130457876123, 10.00000000000000000 ) ) ;
#10061 = VECTOR ( 'NONE', #10203, 1000.000000000000000 ) ;
#10062 = CARTESIAN_POINT ( 'NONE',  ( 0.000000000000000000, 114.0000000000000000, -79.00000000000001421 ) ) ;
#10063 = FACE_OUTER_BOUND ( 'NONE', #2990, .T. ) ;
#10064 = EDGE_CURVE ( 'NONE', #4039, #8389, #7206, .T. ) ;
#10065 = DIRECTION ( 'NONE',  ( 0.000000000000000000, 0.000000000000000000, -1.000000000000000000 ) ) ;
#10066 = FACE_BOUND ( 'NONE', #3728, .T. ) ;
#10067 = ADVANCED_FACE ( 'NONE', ( #10961 ), #12869, .F. ) ;
#10068 = ORIENTED_EDGE ( 'NONE', *, *, #3095, .T. ) ;
#10069 = AXIS2_PLACEMENT_3D ( 'NONE', #3570, #6473, #11593 ) ;
#10070 = AXIS2_PLACEMENT_3D ( 'NONE', #1366, #12322, #7339 ) ;
#10071 = CARTESIAN_POINT ( 'NONE',  ( 35.75089393306190999, 29.33956106112634643, 10.00000000000000000 ) ) ;
#10072 = CARTESIAN_POINT ( 'NONE',  ( -45.50000000000000711, -11.91169948393968880, 53.42266149669475084 ) ) ;
#10073 = ORIENTED_EDGE ( 'NONE', *, *, #12422, .T. ) ;
#10074 = DIRECTION ( 'NONE',  ( 1.000000000000000000, 0.000000000000000000, 0.000000000000000000 ) ) ;
#10075 = VERTEX_POINT ( 'NONE', #7936 ) ;
#10076 = DIRECTION ( 'NONE',  ( -0.000000000000000000, -0.000000000000000000, 1.000000000000000000 ) ) ;
#10077 = DIRECTION ( 'NONE',  ( 1.000000000000000000, 0.000000000000000000, 0.000000000000000000 ) ) ;
#10078 = VERTEX_POINT ( 'NONE', #11938 ) ;
#10079 = ORIENTED_EDGE ( 'NONE', *, *, #10196, .T. ) ;
#10080 = EDGE_CURVE ( 'NONE', #8433, #5783, #8259, .T. ) ;
#10081 = DIRECTION ( 'NONE',  ( 0.000000000000000000, 0.000000000000000000, -1.000000000000000000 ) ) ;
#10082 = DIRECTION ( 'NONE',  ( 0.000000000000000000, -1.000000000000000000, 0.000000000000000000 ) ) ;
#10083 = EDGE_CURVE ( 'NONE', #1419, #491, #1547, .T. ) ;
#10084 = AXIS2_PLACEMENT_3D ( 'NONE', #790, #3686, #8685 ) ;
#10085 = ORIENTED_EDGE ( 'NONE', *, *, #10673, .T. ) ;
#10086 = DIRECTION ( 'NONE',  ( -0.5000000000000078826, 0.000000000000000000, -0.8660254037844340447 ) ) ;
#10087 = CARTESIAN_POINT ( 'NONE',  ( -42.49999999999998579, -51.99999999999999289, 10.00000000000000000 ) ) ;
#10088 = ORIENTED_EDGE ( 'NONE', *, *, #4246, .T. ) ;
#10089 = AXIS2_PLACEMENT_3D ( 'NONE', #12692, #6392, #8489 ) ;
#10090 = VECTOR ( 'NONE', #10455, 1000.000000000000000 ) ;
#10091 = VERTEX_POINT ( 'NONE', #5312 ) ;
#10092 = CARTESIAN_POINT ( 'NONE',  ( -31.49999999999999289, 73.09999999999999432, -72.00000000000001421 ) ) ;
#10093 = DIRECTION ( 'NONE',  ( 0.000000000000000000, 0.000000000000000000, -1.000000000000000000 ) ) ;
#10094 = EDGE_CURVE ( 'NONE', #6278, #7665, #4241, .T. ) ;
#10095 = CARTESIAN_POINT ( 'NONE',  ( -59.00000000000004263, 12.27851844886860277, 63.27892172405620386 ) ) ;
#10096 = EDGE_CURVE ( 'NONE', #12787, #11674, #4674, .T. ) ;
#10097 = MANIFOLD_SOLID_BREP ( 'GFS6G5Å`100FR_S-5/S-BB6009ZZ-G-1-solid2', #8694 ) ;
#10098 = LINE ( 'NONE', #7080, #11250 ) ;
#10099 = CIRCLE ( 'NONE', #2121, 4.249999999999996447 ) ;
#10100 = AXIS2_PLACEMENT_3D ( 'NONE', #1119, #11038, #3081 ) ;
#10101 = AXIS2_PLACEMENT_3D ( 'NONE', #5053, #12207, #4188 ) ;
#10102 = DIRECTION ( 'NONE',  ( 1.000000000000000000, 0.000000000000000000, 0.000000000000000000 ) ) ;
#10103 = EDGE_CURVE ( 'NONE', #3581, #6758, #9044, .T. ) ;
#10104 = CARTESIAN_POINT ( 'NONE',  ( -43.43176079638895715, 71.61880906670245395, 11.49999999999999645 ) ) ;
#10105 = LINE ( 'NONE', #7284, #6076 ) ;
#10106 = DIRECTION ( 'NONE',  ( 1.000000000000000000, 0.000000000000000000, 0.000000000000000000 ) ) ;
#10107 = CARTESIAN_POINT ( 'NONE',  ( -42.49999999999998579, 52.00000000000000711, 10.00000000000000000 ) ) ;
#10108 = CARTESIAN_POINT ( 'NONE',  ( -33.46499999999999631, 114.0000000000000000, -21.09556051177057867 ) ) ;
#10109 = VECTOR ( 'NONE', #996, 1000.000000000000114 ) ;
#10110 = VECTOR ( 'NONE', #12519, 1000.000000000000000 ) ;
#10111 = ORIENTED_EDGE ( 'NONE', *, *, #296, .T. ) ;
#10112 = AXIS2_PLACEMENT_3D ( 'NONE', #7071, #9959, #5163 ) ;
#10113 = CYLINDRICAL_SURFACE ( 'NONE', #8874, 6.499999999999999112 ) ;
#10114 = ADVANCED_FACE ( 'NONE', ( #4176, #11149 ), #6032, .F. ) ;
#10115 = DIRECTION ( 'NONE',  ( -0.000000000000000000, -0.000000000000000000, 1.000000000000000000 ) ) ;
#10116 = DIRECTION ( 'NONE',  ( -0.000000000000000000, -0.000000000000000000, 1.000000000000000000 ) ) ;
#10117 = EDGE_LOOP ( 'NONE', ( #10187, #2156 ) ) ;
#10118 = AXIS2_PLACEMENT_3D ( 'NONE', #1987, #8951, #3814 ) ;
#10119 = CIRCLE ( 'NONE', #2144, 47.00000000000000000 ) ;
#10120 = FACE_OUTER_BOUND ( 'NONE', #7043, .T. ) ;
#10121 = CIRCLE ( 'NONE', #10964, 19.90000000000000213 ) ;
#10122 = DIRECTION ( 'NONE',  ( -1.000000000000000000, 0.000000000000000000, 0.000000000000000000 ) ) ;
#10123 = EDGE_LOOP ( 'NONE', ( #1839, #345, #5191, #9625 ) ) ;
#10124 = CYLINDRICAL_SURFACE ( 'NONE', #7354, 7.499999999999985789 ) ;
#10125 = VERTEX_POINT ( 'NONE', #8064 ) ;
#10126 = ORIENTED_EDGE ( 'NONE', *, *, #3913, .F. ) ;
#10127 = CARTESIAN_POINT ( 'NONE',  ( 22.14000000000005031, -38.19999999999998863, 112.0000000000000000 ) ) ;
#10128 = EDGE_CURVE ( 'NONE', #7364, #5211, #11278, .T. ) ;
#10129 = VECTOR ( 'NONE', #4642, 1000.000000000000000 ) ;
#10130 = DIRECTION ( 'NONE',  ( 0.000000000000000000, 0.000000000000000000, -1.000000000000000000 ) ) ;
#10131 = DIRECTION ( 'NONE',  ( 1.000000000000000000, 0.000000000000000000, 0.000000000000000000 ) ) ;
#10132 = CARTESIAN_POINT ( 'NONE',  ( 0.000000000000000000, 114.0000000000000000, -1.500000000000011768 ) ) ;
#10133 = CARTESIAN_POINT ( 'NONE',  ( 22.39999999999999858, 114.0000000000000000, -35.67320508075688679 ) ) ;
#10134 = AXIS2_PLACEMENT_3D ( 'NONE', #6489, #5510, #9497 ) ;
#10135 = ORIENTED_EDGE ( 'NONE', *, *, #3428, .F. ) ;
#10136 = CYLINDRICAL_SURFACE ( 'NONE', #6495, 6.019999999999993356 ) ;
#10137 = CARTESIAN_POINT ( 'NONE',  ( -45.50000000000005684, -2.612927235690065686E-14, 71.92409041986833529 ) ) ;
#10138 = ORIENTED_EDGE ( 'NONE', *, *, #7298, .T. ) ;
#10139 = DIRECTION ( 'NONE',  ( 1.000000000000000000, 0.000000000000000000, -0.000000000000000000 ) ) ;
#10140 = VERTEX_POINT ( 'NONE', #1303 ) ;
#10141 = ADVANCED_FACE ( 'NONE', ( #2141 ), #12876, .F. ) ;
#10142 = AXIS2_PLACEMENT_3D ( 'NONE', #448, #9568, #9445 ) ;
#10143 = DIRECTION ( 'NONE',  ( -1.000000000000000000, 0.000000000000000000, 0.000000000000000000 ) ) ;
#10144 = AXIS2_PLACEMENT_3D ( 'NONE', #3069, #244, #10169 ) ;
#10145 = EDGE_LOOP ( 'NONE', ( #3153, #12277 ) ) ;
#10146 = DIRECTION ( 'NONE',  ( 0.000000000000000000, -0.000000000000000000, 1.000000000000000000 ) ) ;
#10147 = AXIS2_PLACEMENT_3D ( 'NONE', #8927, #9968, #7212 ) ;
#10148 = EDGE_LOOP ( 'NONE', ( #1758, #1121, #9220, #4792 ) ) ;
#10149 = ORIENTED_EDGE ( 'NONE', *, *, #9533, .F. ) ;
#10150 = CARTESIAN_POINT ( 'NONE',  ( -51.50000000000000711, -6.301806461634192225, 39.29999999999998295 ) ) ;
#10151 = CARTESIAN_POINT ( 'NONE',  ( 0.000000000000000000, 114.0000000000000000, -21.09556051177057867 ) ) ;
#10152 = AXIS2_PLACEMENT_3D ( 'NONE', #2607, #6636, #10638 ) ;
#10153 = ORIENTED_EDGE ( 'NONE', *, *, #5635, .F. ) ;
#10154 = FACE_OUTER_BOUND ( 'NONE', #10400, .T. ) ;
#10155 = ORIENTED_EDGE ( 'NONE', *, *, #4024, .T. ) ;
#10156 = VERTEX_POINT ( 'NONE', #7078 ) ;
#10157 = DIRECTION ( 'NONE',  ( -0.000000000000000000, 1.000000000000000000, -0.000000000000000000 ) ) ;
#10158 = VECTOR ( 'NONE', #7279, 1000.000000000000000 ) ;
#10159 = ORIENTED_EDGE ( 'NONE', *, *, #5048, .F. ) ;
#10160 = DIRECTION ( 'NONE',  ( 0.000000000000000000, 0.000000000000000000, -1.000000000000000000 ) ) ;
#10161 = DIRECTION ( 'NONE',  ( 0.1358808089250767570, 0.9907251918498221066, 0.000000000000000000 ) ) ;
#10162 = CARTESIAN_POINT ( 'NONE',  ( -51.50000000000000711, 6.301806461634237522, 39.30000000000005400 ) ) ;
#10163 = ADVANCED_FACE ( 'NONE', ( #11086 ), #9364, .T. ) ;
#10164 = CARTESIAN_POINT ( 'NONE',  ( 0.000000000000000000, 114.0000000000000000, -50.50000000000000000 ) ) ;
#10165 = DIRECTION ( 'NONE',  ( -0.9907251918498221066, 0.1358808089250767570, 0.000000000000000000 ) ) ;
#10166 = CIRCLE ( 'NONE', #519, 6.499999999999999112 ) ;
#10167 = CARTESIAN_POINT ( 'NONE',  ( -39.12398950069062664, 28.87693130457875412, 112.0000000000000000 ) ) ;
#10168 = ORIENTED_EDGE ( 'NONE', *, *, #10016, .T. ) ;
#10169 = DIRECTION ( 'NONE',  ( 1.000000000000000000, 0.000000000000000000, 0.000000000000000000 ) ) ;
#10170 = EDGE_CURVE ( 'NONE', #2354, #6024, #12453, .T. ) ;
#10171 = ORIENTED_EDGE ( 'NONE', *, *, #12805, .F. ) ;
#10172 = CYLINDRICAL_SURFACE ( 'NONE', #4797, 6.800000000000004263 ) ;
#10173 = DIRECTION ( 'NONE',  ( 1.000000000000000000, 0.000000000000000000, -0.000000000000000000 ) ) ;
#10174 = DIRECTION ( 'NONE',  ( -1.273191542001326810E-16, -1.000000000000000000, 0.000000000000000000 ) ) ;
#10175 = DIRECTION ( 'NONE',  ( 1.000000000000000000, 0.000000000000000000, 0.000000000000000000 ) ) ;
#10176 = AXIS2_PLACEMENT_3D ( 'NONE', #4710, #12873, #9644 ) ;
#10177 = DIRECTION ( 'NONE',  ( -0.000000000000000000, -0.000000000000000000, 1.000000000000000000 ) ) ;
#10178 = ADVANCED_FACE ( 'NONE', ( #7410 ), #8518, .T. ) ;
#10179 = CARTESIAN_POINT ( 'NONE',  ( -37.49999999999999289, 114.0000000000000000, -50.50000000000000000 ) ) ;
#10180 = DIRECTION ( 'NONE',  ( -0.000000000000000000, -0.000000000000000000, -1.000000000000000000 ) ) ;
#10181 = ORIENTED_EDGE ( 'NONE', *, *, #2779, .F. ) ;
#10182 = DIRECTION ( 'NONE',  ( -1.000000000000000000, 0.000000000000000000, 0.000000000000000000 ) ) ;
#10183 = ADVANCED_FACE ( 'NONE', ( #3519 ), #5637, .T. ) ;
#10184 = CIRCLE ( 'NONE', #741, 1.249999999999987121 ) ;
#10185 = DIRECTION ( 'NONE',  ( -0.000000000000000000, -0.000000000000000000, -1.000000000000000000 ) ) ;
#10186 = EDGE_CURVE ( 'NONE', #7816, #12392, #5373, .T. ) ;
#10187 = ORIENTED_EDGE ( 'NONE', *, *, #12253, .F. ) ;
#10188 = CARTESIAN_POINT ( 'NONE',  ( 4.000000000000000888, 126.4505859325203687, 10.49999999999999467 ) ) ;
#10189 = ORIENTED_EDGE ( 'NONE', *, *, #10611, .F. ) ;
#10190 = ORIENTED_EDGE ( 'NONE', *, *, #6888, .T. ) ;
#10191 = FACE_BOUND ( 'NONE', #11540, .T. ) ;
#10192 = DIRECTION ( 'NONE',  ( 1.000000000000000000, 0.000000000000000000, -0.000000000000000000 ) ) ;
#10193 = AXIS2_PLACEMENT_3D ( 'NONE', #4268, #2291, #7165 ) ;
#10194 = CARTESIAN_POINT ( 'NONE',  ( 0.000000000000000000, 114.0000000000000000, -15.50000000000000355 ) ) ;
#10195 = FACE_OUTER_BOUND ( 'NONE', #8910, .T. ) ;
#10196 = EDGE_CURVE ( 'NONE', #1492, #4092, #5573, .T. ) ;
#10197 = DIRECTION ( 'NONE',  ( 0.1358808089250893303, -0.9907251918498203302, 0.000000000000000000 ) ) ;
#10198 = CONICAL_SURFACE ( 'NONE', #4534, 1.249999999999997558, 1.029744258676651647 ) ;
#10199 = DIRECTION ( 'NONE',  ( 1.000000000000000000, 0.000000000000000000, 1.541976423090495633E-16 ) ) ;
#10200 = EDGE_CURVE ( 'NONE', #12787, #1086, #11418, .T. ) ;
#10201 = ORIENTED_EDGE ( 'NONE', *, *, #10611, .T. ) ;
#10202 = FACE_OUTER_BOUND ( 'NONE', #8510, .T. ) ;
#10203 = DIRECTION ( 'NONE',  ( -0.000000000000000000, -0.000000000000000000, 1.000000000000000000 ) ) ;
#10204 = VECTOR ( 'NONE', #5960, 1000.000000000000000 ) ;
#10205 = EDGE_LOOP ( 'NONE', ( #1805, #10457, #1072, #12501 ) ) ;
#10206 = DIRECTION ( 'NONE',  ( -0.000000000000000000, -0.000000000000000000, 1.000000000000000000 ) ) ;
#10207 = VERTEX_POINT ( 'NONE', #4372 ) ;
#10208 = CIRCLE ( 'NONE', #8953, 99.99999999999998579 ) ;
#10209 = DIRECTION ( 'NONE',  ( 0.000000000000000000, 0.000000000000000000, -1.000000000000000000 ) ) ;
#10210 = VERTEX_POINT ( 'NONE', #2595 ) ;
#10211 = CYLINDRICAL_SURFACE ( 'NONE', #6218, 12.24999999999999645 ) ;
#10212 = EDGE_LOOP ( 'NONE', ( #9518, #7401, #10242, #7232 ) ) ;
#10213 = AXIS2_PLACEMENT_3D ( 'NONE', #2588, #11600, #11786 ) ;
#10214 = CARTESIAN_POINT ( 'NONE',  ( -51.50000000000000711, -6.947747786280442206, 40.52230724711828458 ) ) ;
#10215 = FACE_OUTER_BOUND ( 'NONE', #5095, .T. ) ;
#10216 = EDGE_CURVE ( 'NONE', #6630, #2322, #8886, .T. ) ;
#10217 = VECTOR ( 'NONE', #1403, 1000.000000000000000 ) ;
#10218 = ORIENTED_EDGE ( 'NONE', *, *, #10407, .F. ) ;
#10219 = DIRECTION ( 'NONE',  ( 0.000000000000000000, 0.000000000000000000, -1.000000000000000000 ) ) ;
#10220 = TOROIDAL_SURFACE ( 'NONE', #4551, 36.50000000000000000, 0.9999999999999922284 ) ;
#10221 = ORIENTED_EDGE ( 'NONE', *, *, #2620, .F. ) ;
#10222 = ORIENTED_EDGE ( 'NONE', *, *, #2657, .T. ) ;
#10223 = CYLINDRICAL_SURFACE ( 'NONE', #12633, 7.000000000000000000 ) ;
#10224 = AXIS2_PLACEMENT_3D ( 'NONE', #4897, #12922, #1090 ) ;
#10225 = DIRECTION ( 'NONE',  ( 1.000000000000000000, 0.000000000000000000, 0.000000000000000000 ) ) ;
#10226 = DIRECTION ( 'NONE',  ( -0.8571673007021114454, 1.049727191138617586E-16, 0.5150380749100555988 ) ) ;
#10227 = DIRECTION ( 'NONE',  ( 0.000000000000000000, 0.000000000000000000, -1.000000000000000000 ) ) ;
#10228 = AXIS2_PLACEMENT_3D ( 'NONE', #2567, #3295, #10396 ) ;
#10229 = CARTESIAN_POINT ( 'NONE',  ( 0.000000000000000000, 114.0000000000000000, -50.50000000000000000 ) ) ;
#10230 = AXIS2_PLACEMENT_3D ( 'NONE', #618, #2708, #6543 ) ;
#10231 = VERTEX_POINT ( 'NONE', #3586 ) ;
#10232 = ORIENTED_EDGE ( 'NONE', *, *, #12494, .T. ) ;
#10233 = CARTESIAN_POINT ( 'NONE',  ( -47.24999999999998579, 85.56884280932308684, 6.499999999999996447 ) ) ;
#10234 = DIRECTION ( 'NONE',  ( 0.000000000000000000, 0.000000000000000000, -1.000000000000000000 ) ) ;
#10235 = CYLINDRICAL_SURFACE ( 'NONE', #6379, 4.250000000000003553 ) ;
#10236 = ORIENTED_EDGE ( 'NONE', *, *, #3018, .T. ) ;
#10237 = DIRECTION ( 'NONE',  ( 0.9907251918498221066, -0.1358808089250767570, 0.000000000000000000 ) ) ;
#10238 = DIRECTION ( 'NONE',  ( 1.000000000000000000, 0.000000000000000000, 0.000000000000000000 ) ) ;
#10239 = VECTOR ( 'NONE', #7762, 1000.000000000000000 ) ;
#10240 = DIRECTION ( 'NONE',  ( -0.000000000000000000, -0.000000000000000000, 1.000000000000000000 ) ) ;
#10241 = DIRECTION ( 'NONE',  ( 0.000000000000000000, 0.000000000000000000, -1.000000000000000000 ) ) ;
#10242 = ORIENTED_EDGE ( 'NONE', *, *, #4473, .F. ) ;
#10243 = CARTESIAN_POINT ( 'NONE',  ( -35.75089393306191710, -29.33956106112635354, 112.0000000000000000 ) ) ;
#10244 = EDGE_LOOP ( 'NONE', ( #8066, #1329, #3903, #11753 ) ) ;
#10245 = AXIS2_PLACEMENT_3D ( 'NONE', #11897, #7767, #3748 ) ;
#10246 = FACE_OUTER_BOUND ( 'NONE', #8183, .T. ) ;
#10247 = DIRECTION ( 'NONE',  ( 0.000000000000000000, 0.000000000000000000, -1.000000000000000000 ) ) ;
#10248 = ORIENTED_EDGE ( 'NONE', *, *, #3621, .T. ) ;
#10249 = ORIENTED_EDGE ( 'NONE', *, *, #12879, .F. ) ;
#10250 = CYLINDRICAL_SURFACE ( 'NONE', #1796, 8.999999999999994671 ) ;
#10251 = CARTESIAN_POINT ( 'NONE',  ( 0.000000000000000000, 114.0000000000000000, -49.50000000000000000 ) ) ;
#10252 = ADVANCED_FACE ( 'NONE', ( #12464 ), #6592, .F. ) ;
#10253 = EDGE_CURVE ( 'NONE', #5901, #1936, #7836, .T. ) ;
#10254 = VERTEX_POINT ( 'NONE', #1943 ) ;
#10255 = DIRECTION ( 'NONE',  ( -1.000000000000000000, 0.000000000000000000, 0.000000000000000000 ) ) ;
#10256 = ORIENTED_EDGE ( 'NONE', *, *, #4957, .T. ) ;
#10257 = ORIENTED_EDGE ( 'NONE', *, *, #5010, .T. ) ;
#10258 = LINE ( 'NONE', #10060, #10940 ) ;
#10259 = DIRECTION ( 'NONE',  ( 1.000000000000000000, 0.000000000000000000, 0.000000000000000000 ) ) ;
#10260 = EDGE_CURVE ( 'NONE', #3435, #7474, #5764, .T. ) ;
#10261 = PLANE ( 'NONE',  #3512 ) ;
#10262 = EDGE_CURVE ( 'NONE', #8460, #5715, #3216, .T. ) ;
#10263 = DIRECTION ( 'NONE',  ( 0.000000000000000000, 0.000000000000000000, -1.000000000000000000 ) ) ;
#10264 = CIRCLE ( 'NONE', #8588, 19.00000000000000355 ) ;
#10265 = CIRCLE ( 'NONE', #4164, 19.90000000000000213 ) ;
#10266 = CARTESIAN_POINT ( 'NONE',  ( -42.49999999999998579, 52.00000000000000711, 0.000000000000000000 ) ) ;
#10267 = CARTESIAN_POINT ( 'NONE',  ( 0.000000000000000000, 114.0000000000000000, -3.150000000000003464 ) ) ;
#10268 = ORIENTED_EDGE ( 'NONE', *, *, #6961, .T. ) ;
#10269 = LINE ( 'NONE', #11253, #9416 ) ;
#10270 = CARTESIAN_POINT ( 'NONE',  ( -45.50000000000003553, 11.38971035409367438, 65.13014328713771306 ) ) ;
#10271 = ORIENTED_EDGE ( 'NONE', *, *, #1394, .T. ) ;
#10272 = LINE ( 'NONE', #5355, #10928 ) ;
#10273 = TOROIDAL_SURFACE ( 'NONE', #8800, 30.77624999999999744, 4.599999999999995204 ) ;
#10274 = AXIS2_PLACEMENT_3D ( 'NONE', #2311, #6131, #11251 ) ;
#10275 = CARTESIAN_POINT ( 'NONE',  ( -45.50000000000000711, -12.33562530726520201, 54.69727550537954386 ) ) ;
#10276 = EDGE_CURVE ( 'NONE', #9743, #9838, #5106, .T. ) ;
#10277 = CARTESIAN_POINT ( 'NONE',  ( 12.69999999999999929, 114.0000000000000000, -19.50000000000000355 ) ) ;
#10278 = ORIENTED_EDGE ( 'NONE', *, *, #6509, .F. ) ;
#10279 = LOCAL_TIME ( 11, 39, 17.00000000000000000, #12644 ) ;
#10280 = CARTESIAN_POINT ( 'NONE',  ( 0.000000000000000000, 114.0000000000000000, -64.00000000000000000 ) ) ;
#10281 = AXIS2_PLACEMENT_3D ( 'NONE', #4793, #10057, #11775 ) ;
#10282 = CYLINDRICAL_SURFACE ( 'NONE', #1022, 37.49999999999999289 ) ;
#10283 = ORIENTED_EDGE ( 'NONE', *, *, #5501, .F. ) ;
#10284 = DIRECTION ( 'NONE',  ( 0.000000000000000000, 0.000000000000000000, 1.000000000000000000 ) ) ;
#10285 = ORIENTED_EDGE ( 'NONE', *, *, #9486, .F. ) ;
#10286 = ORIENTED_EDGE ( 'NONE', *, *, #4618, .T. ) ;
#10287 = LINE ( 'NONE', #7527, #9865 ) ;
#10288 = DIRECTION ( 'NONE',  ( -0.000000000000000000, -0.000000000000000000, 1.000000000000000000 ) ) ;
#10289 = DIRECTION ( 'NONE',  ( 0.000000000000000000, 1.000000000000000000, 0.000000000000000000 ) ) ;
#10290 = VERTEX_POINT ( 'NONE', #11669 ) ;
#10291 = AXIS2_PLACEMENT_3D ( 'NONE', #5634, #6617, #875 ) ;
#10292 = CARTESIAN_POINT ( 'NONE',  ( -51.50000000000001421, 11.44173849835793888, 50.60797718660825240 ) ) ;
#10293 = EDGE_CURVE ( 'NONE', #3340, #2697, #1118, .T. ) ;
#10294 = DIRECTION ( 'NONE',  ( 1.000000000000000000, 0.000000000000000000, 0.000000000000000000 ) ) ;
#10295 = VERTEX_POINT ( 'NONE', #9882 ) ;
#10296 = DIRECTION ( 'NONE',  ( 1.000000000000000000, 0.000000000000000000, 0.000000000000000000 ) ) ;
#10297 = CARTESIAN_POINT ( 'NONE',  ( -36.76999999999997470, -36.77000000000001023, 73.39999999999997726 ) ) ;
#10298 = CIRCLE ( 'NONE', #12827, 28.08750000000000568 ) ;
#10299 = PLANE ( 'NONE',  #12236 ) ;
#10300 = LINE ( 'NONE', #5319, #12157 ) ;
#10301 = PLANE ( 'NONE',  #4585 ) ;
#10302 = LINE ( 'NONE', #1041, #12615 ) ;
#10303 = FACE_OUTER_BOUND ( 'NONE', #10822, .T. ) ;
#10304 = ORIENTED_EDGE ( 'NONE', *, *, #545, .F. ) ;
#10305 = DIRECTION ( 'NONE',  ( -0.000000000000000000, -0.000000000000000000, -1.000000000000000000 ) ) ;
#10306 = EDGE_CURVE ( 'NONE', #8994, #1060, #12237, .T. ) ;
#10307 = ORIENTED_EDGE ( 'NONE', *, *, #4229, .F. ) ;
#10308 = AXIS2_PLACEMENT_3D ( 'NONE', #6524, #661, #8679 ) ;
#10309 = VECTOR ( 'NONE', #3245, 1000.000000000000000 ) ;
#10310 = FACE_BOUND ( 'NONE', #607, .T. ) ;
#10311 = CARTESIAN_POINT ( 'NONE',  ( -61.50000000000000711, -4.999999999999984901, 39.96666666666667567 ) ) ;
#10312 = ORIENTED_EDGE ( 'NONE', *, *, #805, .T. ) ;
#10313 = EDGE_LOOP ( 'NONE', ( #6143, #3662, #4694, #11321 ) ) ;
#10314 = DIRECTION ( 'NONE',  ( -0.000000000000000000, -0.000000000000000000, 1.000000000000000000 ) ) ;
#10315 = DIRECTION ( 'NONE',  ( -0.000000000000000000, -0.000000000000000000, 1.000000000000000000 ) ) ;
#10316 = AXIS2_PLACEMENT_3D ( 'NONE', #1656, #3423, #2564 ) ;
#10317 = VERTEX_POINT ( 'NONE', #5701 ) ;
#10318 = DIRECTION ( 'NONE',  ( -0.06651901052377676149, 0.000000000000000000, -0.9977851578566088175 ) ) ;
#10319 = VECTOR ( 'NONE', #9039, 1000.000000000000000 ) ;
#10320 = ORIENTED_EDGE ( 'NONE', *, *, #2768, .F. ) ;
#10321 = VERTEX_POINT ( 'NONE', #10808 ) ;
#10322 = DIRECTION ( 'NONE',  ( -0.000000000000000000, -0.000000000000000000, 1.000000000000000000 ) ) ;
#10323 = CARTESIAN_POINT ( 'NONE',  ( -42.42640687119307330, 42.42640687119262566, -20.04292610469370928 ) ) ;
#10324 = PLANE ( 'NONE',  #12543 ) ;
#10325 = ADVANCED_FACE ( 'NONE', ( #5822 ), #9812, .F. ) ;
#10326 = ADVANCED_FACE ( 'NONE', ( #7916 ), #3832, .T. ) ;
#10327 = CARTESIAN_POINT ( 'NONE',  ( 42.42640687119288856, -46.67640687119281750, 10.00000000000000000 ) ) ;
#10328 = CIRCLE ( 'NONE', #1733, 21.00000000000000355 ) ;
#10329 = AXIS2_PLACEMENT_3D ( 'NONE', #4121, #11294, #4192 ) ;
#10330 = CARTESIAN_POINT ( 'NONE',  ( -57.49999999999999289, -13.17558984508002951, 57.68530569122972196 ) ) ;
#10331 = DIRECTION ( 'NONE',  ( 0.000000000000000000, 1.000000000000000000, 0.000000000000000000 ) ) ;
#10332 = CARTESIAN_POINT ( 'NONE',  ( 0.000000000000000000, 0.000000000000000000, -2.000000000000000000 ) ) ;
#10333 = ORIENTED_EDGE ( 'NONE', *, *, #12231, .F. ) ;
#10334 = FACE_OUTER_BOUND ( 'NONE', #11341, .T. ) ;
#10335 = CARTESIAN_POINT ( 'NONE',  ( -45.50000000000000711, 6.627408258997473212, 40.99593927063135368 ) ) ;
#10336 = EDGE_CURVE ( 'NONE', #10344, #1399, #816, .T. ) ;
#10337 = ORIENTED_EDGE ( 'NONE', *, *, #3585, .F. ) ;
#10338 = DIRECTION ( 'NONE',  ( -0.000000000000000000, -0.000000000000000000, -1.000000000000000000 ) ) ;
#10339 = AXIS2_PLACEMENT_3D ( 'NONE', #4258, #12151, #9257 ) ;
#10340 = ORIENTED_EDGE ( 'NONE', *, *, #2938, .T. ) ;
#10341 = LINE ( 'NONE', #3756, #12951 ) ;
#10342 = EDGE_CURVE ( 'NONE', #11662, #10851, #12028, .T. ) ;
#10343 = CARTESIAN_POINT ( 'NONE',  ( 13.09999999999999964, 114.0000000000000000, 14.20569654897112244 ) ) ;
#10344 = VERTEX_POINT ( 'NONE', #8908 ) ;
#10345 = CARTESIAN_POINT ( 'NONE',  ( -42.42640687119284593, -42.42640687119285303, 9.999999999999992895 ) ) ;
#10346 = AXIS2_PLACEMENT_3D ( 'NONE', #7472, #8583, #3651 ) ;
#10347 = DIRECTION ( 'NONE',  ( 0.000000000000000000, 0.000000000000000000, -1.000000000000000000 ) ) ;
#10348 = EDGE_LOOP ( 'NONE', ( #861, #3792, #5426, #6696 ) ) ;
#10349 = CARTESIAN_POINT ( 'NONE',  ( -26.27625000000000099, 114.0000000000000000, -57.50000000000000000 ) ) ;
#10350 = ADVANCED_FACE ( 'NONE', ( #2719 ), #6747, .T. ) ;
#10351 = EDGE_CURVE ( 'NONE', #10920, #9210, #2840, .T. ) ;
#10352 = VERTEX_POINT ( 'NONE', #10747 ) ;
#10353 = EDGE_LOOP ( 'NONE', ( #6100, #11139 ) ) ;
#10354 = DIRECTION ( 'NONE',  ( 0.000000000000000000, 0.000000000000000000, -1.000000000000000000 ) ) ;
#10355 = ORIENTED_EDGE ( 'NONE', *, *, #5626, .F. ) ;
#10356 = AXIS2_PLACEMENT_3D ( 'NONE', #9185, #3271, #5985 ) ;
#10357 = CIRCLE ( 'NONE', #11189, 1.000000000000000888 ) ;
#10358 = ORIENTED_EDGE ( 'NONE', *, *, #4955, .F. ) ;
#10359 = ORIENTED_EDGE ( 'NONE', *, *, #6771, .F. ) ;
#10360 = DIRECTION ( 'NONE',  ( -0.000000000000000000, -0.000000000000000000, 1.000000000000000000 ) ) ;
#10361 = DIRECTION ( 'NONE',  ( 0.000000000000000000, 0.000000000000000000, -1.000000000000000000 ) ) ;
#10362 = VECTOR ( 'NONE', #12058, 1000.000000000000000 ) ;
#10363 = CARTESIAN_POINT ( 'NONE',  ( -59.00000000000000711, -6.627408258997461665, 40.99593927063131105 ) ) ;
#10364 = DIRECTION ( 'NONE',  ( 1.000000000000000000, 0.000000000000000000, -0.000000000000000000 ) ) ;
#10365 = ORIENTED_EDGE ( 'NONE', *, *, #6229, .T. ) ;
#10366 = ORIENTED_EDGE ( 'NONE', *, *, #6229, .F. ) ;
#10367 = VECTOR ( 'NONE', #9897, 1000.000000000000114 ) ;
#10368 = AXIS2_PLACEMENT_3D ( 'NONE', #1518, #12549, #6313 ) ;
#10369 = DIRECTION ( 'NONE',  ( -0.000000000000000000, -0.000000000000000000, 1.000000000000000000 ) ) ;
#10370 = CARTESIAN_POINT ( 'NONE',  ( 18.99999999999998934, 114.0000000000000000, -79.00000000000000000 ) ) ;
#10371 = EDGE_CURVE ( 'NONE', #726, #8902, #6868, .T. ) ;
#10372 = CIRCLE ( 'NONE', #290, 6.499999999999999112 ) ;
#10373 = DIRECTION ( 'NONE',  ( 0.000000000000000000, 0.000000000000000000, 1.000000000000000000 ) ) ;
#10374 = CARTESIAN_POINT ( 'NONE',  ( 19.00000000000000355, 114.0000000000000000, 10.49999999999999467 ) ) ;
#10375 = EDGE_CURVE ( 'NONE', #82, #283, #1875, .T. ) ;
#10376 = LINE ( 'NONE', #11357, #4658 ) ;
#10377 = DIRECTION ( 'NONE',  ( 1.000000000000000000, 0.000000000000000000, 0.000000000000000000 ) ) ;
#10378 = ADVANCED_FACE ( 'NONE', ( #3711 ), #9291, .T. ) ;
#10379 = CARTESIAN_POINT ( 'NONE',  ( -28.87693130457876478, -39.12398950069062664, 19.59999999999999076 ) ) ;
#10380 = ORIENTED_EDGE ( 'NONE', *, *, #7178, .T. ) ;
#10381 = LINE ( 'NONE', #3342, #2977 ) ;
#10382 = ORIENTED_EDGE ( 'NONE', *, *, #1699, .T. ) ;
#10383 = CARTESIAN_POINT ( 'NONE',  ( 0.000000000000000000, 114.0000000000000000, -64.00000000000000000 ) ) ;
#10384 = CARTESIAN_POINT ( 'NONE',  ( 0.000000000000000000, 114.0000000000000000, 29.09545482057523813 ) ) ;
#10385 = ORIENTED_EDGE ( 'NONE', *, *, #247, .T. ) ;
#10386 = DIRECTION ( 'NONE',  ( 1.000000000000000000, 0.000000000000000000, 0.000000000000000000 ) ) ;
#10387 = DIRECTION ( 'NONE',  ( -0.000000000000000000, -0.000000000000000000, 1.000000000000000000 ) ) ;
#10388 = EDGE_CURVE ( 'NONE', #11457, #2940, #8969, .T. ) ;
#10389 = ORIENTED_EDGE ( 'NONE', *, *, #2541, .F. ) ;
#10390 = CYLINDRICAL_SURFACE ( 'NONE', #6093, 6.499999999999999112 ) ;
#10391 = VERTEX_POINT ( 'NONE', #11796 ) ;
#10392 = VERTEX_POINT ( 'NONE', #2781 ) ;
#10393 = FACE_OUTER_BOUND ( 'NONE', #8197, .T. ) ;
#10394 = CARTESIAN_POINT ( 'NONE',  ( -35.75089393306184604, 29.33956106112633222, 19.59999999999999076 ) ) ;
#10395 = CARTESIAN_POINT ( 'NONE',  ( 0.000000000000000000, 148.5000000000000284, -16.50000000000000000 ) ) ;
#10396 = DIRECTION ( 'NONE',  ( -1.000000000000000000, 0.000000000000000000, 0.000000000000000000 ) ) ;
#10397 = LINE ( 'NONE', #538, #4185 ) ;
#10398 = DIRECTION ( 'NONE',  ( -1.000000000000000000, -6.672013369141566696E-17, 0.000000000000000000 ) ) ;
#10399 = DIRECTION ( 'NONE',  ( -0.000000000000000000, 0.000000000000000000, -1.000000000000000000 ) ) ;
#10400 = EDGE_LOOP ( 'NONE', ( #7007, #11608, #6123, #2611 ) ) ;
#10401 = DIRECTION ( 'NONE',  ( -0.000000000000000000, -0.000000000000000000, 1.000000000000000000 ) ) ;
#10402 = CARTESIAN_POINT ( 'NONE',  ( 44.99999999999997868, 22.14000000000004675, 73.39999999999999147 ) ) ;
#10403 = ORIENTED_EDGE ( 'NONE', *, *, #7033, .F. ) ;
#10404 = ORIENTED_EDGE ( 'NONE', *, *, #3667, .T. ) ;
#10405 = AXIS2_PLACEMENT_3D ( 'NONE', #9009, #1, #10182 ) ;
#10406 = CARTESIAN_POINT ( 'NONE',  ( -45.50000000000017764, 3.071098767656431860, 71.55450692620713937 ) ) ;
#10407 = EDGE_CURVE ( 'NONE', #3249, #11362, #12658, .T. ) ;
#10408 = DIRECTION ( 'NONE',  ( 1.000000000000000000, 0.000000000000000000, 0.000000000000000000 ) ) ;
#10409 = EDGE_LOOP ( 'NONE', ( #4238, #12480 ) ) ;
#10410 = PERSON_AND_ORGANIZATION ( #9444, #9646 ) ;
#10411 = DIRECTION ( 'NONE',  ( -0.000000000000000000, 0.000000000000000000, -1.000000000000000000 ) ) ;
#10412 = CARTESIAN_POINT ( 'NONE',  ( 28.08750000000000213, 114.0000000000000000, -61.23237503977025398 ) ) ;
#10413 = ORIENTED_EDGE ( 'NONE', *, *, #5122, .T. ) ;
#10414 = DIRECTION ( 'NONE',  ( 0.000000000000000000, 0.000000000000000000, -1.000000000000000000 ) ) ;
#10415 = EDGE_CURVE ( 'NONE', #8460, #7056, #12179, .T. ) ;
#10416 = ORIENTED_EDGE ( 'NONE', *, *, #9736, .F. ) ;
#10417 = CARTESIAN_POINT ( 'NONE',  ( -34.50000000000000000, 114.0000000000000000, -49.50000000000000000 ) ) ;
#10418 = EDGE_LOOP ( 'NONE', ( #437, #11806, #5167, #10454 ) ) ;
#10419 = AXIS2_PLACEMENT_3D ( 'NONE', #756, #11993, #8909 ) ;
#10420 = CYLINDRICAL_SURFACE ( 'NONE', #877, 12.50000000000000000 ) ;
#10421 = DIRECTION ( 'NONE',  ( 0.000000000000000000, -1.000000000000000000, 0.000000000000000000 ) ) ;
#10422 = AXIS2_PLACEMENT_3D ( 'NONE', #10753, #11802, #6816 ) ;
#10423 = CARTESIAN_POINT ( 'NONE',  ( -51.50000000000002842, -6.212211885552730628, 70.92824319768938324 ) ) ;
#10424 = DIRECTION ( 'NONE',  ( 1.000000000000000000, 0.000000000000000000, 0.000000000000000000 ) ) ;
#10425 = EDGE_CURVE ( 'NONE', #6693, #3703, #2999, .T. ) ;
#10426 = EDGE_CURVE ( 'NONE', #5150, #2014, #8035, .T. ) ;
#10427 = ORIENTED_EDGE ( 'NONE', *, *, #8534, .T. ) ;
#10428 = ORIENTED_EDGE ( 'NONE', *, *, #10196, .F. ) ;
#10429 = AXIS2_PLACEMENT_3D ( 'NONE', #3697, #6853, #1736 ) ;
#10430 = CIRCLE ( 'NONE', #3709, 1.999999999999980904 ) ;
#10431 = DIRECTION ( 'NONE',  ( -0.000000000000000000, -0.000000000000000000, 1.000000000000000000 ) ) ;
#10432 = CARTESIAN_POINT ( 'NONE',  ( -42.42640687119284593, -42.42640687119285303, 19.59999999999999076 ) ) ;
#10433 = VERTEX_POINT ( 'NONE', #7059 ) ;
#10434 = ORIENTED_EDGE ( 'NONE', *, *, #9002, .T. ) ;
#10435 = DIRECTION ( 'NONE',  ( -0.000000000000000000, 1.000000000000000000, -0.000000000000000000 ) ) ;
#10436 = DIRECTION ( 'NONE',  ( 0.000000000000000000, 0.000000000000000000, 1.000000000000000000 ) ) ;
#10437 = VECTOR ( 'NONE', #10617, 1000.000000000000000 ) ;
#10438 = CARTESIAN_POINT ( 'NONE',  ( -28.28999999999999915, 154.8599999999999852, 6.499999999999996447 ) ) ;
#10439 = DIRECTION ( 'NONE',  ( -0.000000000000000000, -0.000000000000000000, 1.000000000000000000 ) ) ;
#10440 = ORIENTED_EDGE ( 'NONE', *, *, #8172, .T. ) ;
#10441 = DIRECTION ( 'NONE',  ( 0.000000000000000000, 0.000000000000000000, -1.000000000000000000 ) ) ;
#10442 = CIRCLE ( 'NONE', #11265, 12.50000000000000000 ) ;
#10443 = ORIENTED_EDGE ( 'NONE', *, *, #10407, .T. ) ;
#10444 = AXIS2_PLACEMENT_3D ( 'NONE', #8491, #6528, #2430 ) ;
#10445 = CARTESIAN_POINT ( 'NONE',  ( -20.47452235828316347, 71.69404375031616894, 62.93607486307095655 ) ) ;
#10446 = ORIENTED_EDGE ( 'NONE', *, *, #11329, .F. ) ;
#10447 = ADVANCED_FACE ( 'NONE', ( #11010 ), #2005, .T. ) ;
#10448 = DIRECTION ( 'NONE',  ( -0.000000000000000000, -0.000000000000000000, 1.000000000000000000 ) ) ;
#10449 = EDGE_LOOP ( 'NONE', ( #3498, #11300, #8834, #6601 ) ) ;
#10450 = CONICAL_SURFACE ( 'NONE', #10659, 12.09807621135335154, 1.047197551196602960 ) ;
#10451 = CARTESIAN_POINT ( 'NONE',  ( -38.20000000000000995, 22.13999999999996859, 53.29999999999997584 ) ) ;
#10452 = DIRECTION ( 'NONE',  ( -1.000000000000000000, 0.000000000000000000, 0.000000000000000000 ) ) ;
#10453 = EDGE_CURVE ( 'NONE', #2974, #1243, #7001, .T. ) ;
#10454 = ORIENTED_EDGE ( 'NONE', *, *, #7242, .F. ) ;
#10455 = DIRECTION ( 'NONE',  ( 0.000000000000000000, 0.000000000000000000, -1.000000000000000000 ) ) ;
#10456 = ORIENTED_EDGE ( 'NONE', *, *, #3807, .T. ) ;
#10457 = ORIENTED_EDGE ( 'NONE', *, *, #7523, .T. ) ;
#10458 = FACE_OUTER_BOUND ( 'NONE', #13002, .T. ) ;
#10459 = CARTESIAN_POINT ( 'NONE',  ( -399996.4800881994306, 161.0000000000013642, 6.499999999999996447 ) ) ;
#10460 = CARTESIAN_POINT ( 'NONE',  ( 0.000000000000000000, 114.0000000000000000, 9.499999999999994671 ) ) ;
#10461 = EDGE_CURVE ( 'NONE', #9925, #58, #5332, .T. ) ;
#10462 = DIRECTION ( 'NONE',  ( 0.000000000000000000, -1.000000000000000000, 0.000000000000000000 ) ) ;
#10463 = DIRECTION ( 'NONE',  ( -0.000000000000000000, -0.000000000000000000, 1.000000000000000000 ) ) ;
#10464 = AXIS2_PLACEMENT_3D ( 'NONE', #9985, #922, #11966 ) ;
#10465 = FACE_OUTER_BOUND ( 'NONE', #3379, .T. ) ;
#10466 = AXIS2_PLACEMENT_3D ( 'NONE', #9211, #4287, #6332 ) ;
#10467 = CARTESIAN_POINT ( 'NONE',  ( 7.372373730867057378E-16, -6.019999999999993356, -25.00000000000000000 ) ) ;
#10468 = ORIENTED_EDGE ( 'NONE', *, *, #12479, .T. ) ;
#10469 = CYLINDRICAL_SURFACE ( 'NONE', #3110, 26.75000000000000355 ) ;
#10470 = CARTESIAN_POINT ( 'NONE',  ( -42.31428571428572383, 147.4307439082954545, 6.499999999999996447 ) ) ;
#10471 = ORIENTED_EDGE ( 'NONE', *, *, #1763, .T. ) ;
#10472 = EDGE_CURVE ( 'NONE', #10391, #7784, #8238, .T. ) ;
#10473 = AXIS2_PLACEMENT_3D ( 'NONE', #4652, #10519, #12420 ) ;
#10474 = LINE ( 'NONE', #1483, #8744 ) ;
#10475 = AXIS2_PLACEMENT_3D ( 'NONE', #12454, #5361, #2256 ) ;
#10476 = AXIS2_PLACEMENT_3D ( 'NONE', #1478, #11454, #341 ) ;
#10477 = EDGE_CURVE ( 'NONE', #4135, #6317, #11417, .T. ) ;
#10478 = CARTESIAN_POINT ( 'NONE',  ( 0.000000000000000000, 114.0000000000000000, -64.00000000000000000 ) ) ;
#10479 = VECTOR ( 'NONE', #11450, 1000.000000000000000 ) ;
#10480 = EDGE_CURVE ( 'NONE', #5405, #12359, #7190, .T. ) ;
#10481 = CALENDAR_DATE ( 2022, 13, 6 ) ;
#10482 = CARTESIAN_POINT ( 'NONE',  ( 28.87693130457883584, -39.12398950069050585, 73.39999999999999147 ) ) ;
#10483 = CARTESIAN_POINT ( 'NONE',  ( 0.000000000000000000, 114.0000000000000000, -88.16592697433104320 ) ) ;
#10484 = VERTEX_POINT ( 'NONE', #11259 ) ;
#10485 = VECTOR ( 'NONE', #9054, 1000.000000000000000 ) ;
#10486 = DIRECTION ( 'NONE',  ( 1.000000000000000000, 0.000000000000000000, 0.000000000000000000 ) ) ;
#10487 = AXIS2_PLACEMENT_3D ( 'NONE', #11058, #6926, #5012 ) ;
#10488 = ORIENTED_EDGE ( 'NONE', *, *, #12512, .F. ) ;
#10489 = CARTESIAN_POINT ( 'NONE',  ( -36.77000000000001023, 36.76999999999996049, 112.0000000000000000 ) ) ;
#10490 = ORIENTED_EDGE ( 'NONE', *, *, #349, .F. ) ;
#10491 = EDGE_LOOP ( 'NONE', ( #9012, #12600 ) ) ;
#10492 = CARTESIAN_POINT ( 'NONE',  ( -42.42640687119281750, 42.42640687119286014, 10.00000000000000000 ) ) ;
#10493 = DIRECTION ( 'NONE',  ( 1.000000000000000000, 0.000000000000000000, 0.000000000000000000 ) ) ;
#10494 = CARTESIAN_POINT ( 'NONE',  ( -51.50000000000004263, -8.882333257533533200, 69.13387901856991391 ) ) ;
#10495 = CONICAL_SURFACE ( 'NONE', #4803, 12.50000000000000000, 0.5235987755982988157 ) ;
#10496 = CARTESIAN_POINT ( 'NONE',  ( 25.78999999999999559, 154.8599999999999852, -61.49999999999999289 ) ) ;
#10497 = CIRCLE ( 'NONE', #7763, 6.800000000000000711 ) ;
#10498 = EDGE_CURVE ( 'NONE', #6058, #6507, #12672, .T. ) ;
#10499 = VERTEX_POINT ( 'NONE', #86 ) ;
#10500 = DIRECTION ( 'NONE',  ( 0.000000000000000000, 1.000000000000000000, 0.000000000000000000 ) ) ;
#10501 = CARTESIAN_POINT ( 'NONE',  ( 42.25000000000000000, 85.56884280931819831, 6.499999999999996447 ) ) ;
#10502 = EDGE_LOOP ( 'NONE', ( #11682, #10149, #9036, #7927 ) ) ;
#10503 = CARTESIAN_POINT ( 'NONE',  ( -28.43660512957058017, 161.0000000000000000, 6.499999999999996447 ) ) ;
#10504 = CARTESIAN_POINT ( 'NONE',  ( -36.77000000000001023, 36.76999999999996049, 73.39999999999997726 ) ) ;
#10505 = EDGE_CURVE ( 'NONE', #556, #9232, #12245, .T. ) ;
#10506 = CC_DESIGN_APPROVAL ( #4475, ( #7774 ) ) ;
#10507 = CARTESIAN_POINT ( 'NONE',  ( 0.000000000000000000, 114.0000000000000000, -66.32679491924312742 ) ) ;
#10508 = CARTESIAN_POINT ( 'NONE',  ( 42.42640687119307330, 156.4264068711926257, -72.00000000000001421 ) ) ;
#10509 = EDGE_CURVE ( 'NONE', #362, #10049, #7431, .T. ) ;
#10510 = EDGE_CURVE ( 'NONE', #11776, #8418, #6270, .T. ) ;
#10511 = FACE_OUTER_BOUND ( 'NONE', #8607, .T. ) ;
#10512 = ORIENTED_EDGE ( 'NONE', *, *, #11954, .F. ) ;
#10513 = FACE_OUTER_BOUND ( 'NONE', #1792, .T. ) ;
#10514 = ORIENTED_EDGE ( 'NONE', *, *, #5057, .T. ) ;
#10515 = ADVANCED_FACE ( 'NONE', ( #6140 ), #4153, .T. ) ;
#10516 = VECTOR ( 'NONE', #1999, 1000.000000000000000 ) ;
#10517 = CARTESIAN_POINT ( 'NONE',  ( -45.50000000000006395, 159.4999999999999716, -313.5367466867102166 ) ) ;
#10518 = CARTESIAN_POINT ( 'NONE',  ( -42.42640687119306619, -42.42640687119262566, -1.102182119232617788E-16 ) ) ;
#10519 = DIRECTION ( 'NONE',  ( 0.9907251918498203302, 0.1358808089250893303, 0.000000000000000000 ) ) ;
#10520 = AXIS2_PLACEMENT_3D ( 'NONE', #9918, #918, #10845 ) ;
#10521 = ORIENTED_EDGE ( 'NONE', *, *, #3143, .T. ) ;
#10522 = CARTESIAN_POINT ( 'NONE',  ( 28.28999999999998138, 154.8599999999999852, -69.99999999999998579 ) ) ;
#10523 = ADVANCED_FACE ( 'NONE', ( #3241, #216 ), #5218, .T. ) ;
#10524 = ORIENTED_EDGE ( 'NONE', *, *, #692, .T. ) ;
#10525 = VERTEX_POINT ( 'NONE', #9221 ) ;
#10526 = CIRCLE ( 'NONE', #867, 35.27624999999999744 ) ;
#10527 = CIRCLE ( 'NONE', #8208, 7.499999999999985789 ) ;
#10528 = FACE_OUTER_BOUND ( 'NONE', #3247, .T. ) ;
#10529 = CYLINDRICAL_SURFACE ( 'NONE', #677, 26.00000000000001066 ) ;
#10530 = FACE_OUTER_BOUND ( 'NONE', #4166, .T. ) ;
#10531 = CARTESIAN_POINT ( 'NONE',  ( -42.42640687119281750, 46.67640687119286724, 10.00099999999999945 ) ) ;
#10532 = CARTESIAN_POINT ( 'NONE',  ( -20.00000000000000355, 114.0000000000000000, 14.20569654897112244 ) ) ;
#10533 = AXIS2_PLACEMENT_3D ( 'NONE', #9128, #4196, #2220 ) ;
#10534 = AXIS2_PLACEMENT_3D ( 'NONE', #8596, #9378, #11494 ) ;
#10535 = CYLINDRICAL_SURFACE ( 'NONE', #11238, 12.24999999999999645 ) ;
#10536 = DIRECTION ( 'NONE',  ( -0.000000000000000000, -0.000000000000000000, 1.000000000000000000 ) ) ;
#10537 = ORIENTED_EDGE ( 'NONE', *, *, #1753, .F. ) ;
#10538 = CARTESIAN_POINT ( 'NONE',  ( -13.09999999999999964, 114.0000000000000000, 14.20569654897112244 ) ) ;
#10539 = CARTESIAN_POINT ( 'NONE',  ( -42.42640687119284593, -42.42640687119285303, 19.59999999999999076 ) ) ;
#10540 = EDGE_CURVE ( 'NONE', #6400, #4302, #2336, .T. ) ;
#10541 = ORIENTED_EDGE ( 'NONE', *, *, #7036, .F. ) ;
#10542 = EDGE_CURVE ( 'NONE', #5695, #6758, #8683, .T. ) ;
#10543 = CONICAL_SURFACE ( 'NONE', #4443, 1.249999999999997558, 1.029744258676652757 ) ;
#10544 = CIRCLE ( 'NONE', #9062, 6.800000000000000711 ) ;
#10545 = DIRECTION ( 'NONE',  ( 0.000000000000000000, -1.000000000000000000, 0.000000000000000000 ) ) ;
#10546 = CARTESIAN_POINT ( 'NONE',  ( -51.50000000000001421, 6.212211885552823887, 70.92824319768931218 ) ) ;
#10547 = APPROVAL_DATE_TIME ( #5427, #11787 ) ;
#10548 = FACE_OUTER_BOUND ( 'NONE', #9388, .T. ) ;
#10549 = ADVANCED_BREP_SHAPE_REPRESENTATION ( 'A1861_F', ( #5577, #10097, #1223, #5471, #9829, #5642, #9981, #9765, #11333 ), #8403 ) ;
#10550 = DIRECTION ( 'NONE',  ( 0.000000000000000000, 0.000000000000000000, -1.000000000000000000 ) ) ;
#10551 = EDGE_CURVE ( 'NONE', #12606, #12982, #9099, .T. ) ;
#10552 = AXIS2_PLACEMENT_3D ( 'NONE', #8680, #8738, #4536 ) ;
#10553 = ORIENTED_EDGE ( 'NONE', *, *, #2846, .T. ) ;
#10554 = FACE_OUTER_BOUND ( 'NONE', #5917, .T. ) ;
#10555 = EDGE_CURVE ( 'NONE', #7784, #7253, #8047, .T. ) ;
#10556 = ORIENTED_EDGE ( 'NONE', *, *, #1743, .F. ) ;
#10557 = CARTESIAN_POINT ( 'NONE',  ( 29.33956106112634643, -35.75089393306192420, 112.0000000000000000 ) ) ;
#10558 = VERTEX_POINT ( 'NONE', #9542 ) ;
#10559 = ORIENTED_EDGE ( 'NONE', *, *, #855, .F. ) ;
#10560 = CARTESIAN_POINT ( 'NONE',  ( 33.46500000000000341, 114.0000000000000000, -63.50000000000000000 ) ) ;
#10561 = DIRECTION ( 'NONE',  ( 1.000000000000000000, 0.000000000000000000, 0.000000000000000000 ) ) ;
#10562 = CARTESIAN_POINT ( 'NONE',  ( -59.00000000000001421, -7.835433907008106935, 43.41649456813595265 ) ) ;
#10563 = AXIS2_PLACEMENT_3D ( 'NONE', #898, #7806, #11814 ) ;
#10564 = CARTESIAN_POINT ( 'NONE',  ( -28.87693130457883939, 39.12398950069048453, 53.29999999999997584 ) ) ;
#10565 = VERTEX_POINT ( 'NONE', #416 ) ;
#10566 = ORIENTED_EDGE ( 'NONE', *, *, #10461, .F. ) ;
#10567 = CARTESIAN_POINT ( 'NONE',  ( 0.000000000000000000, 114.0000000000000000, -49.50000000000000000 ) ) ;
#10568 = DIRECTION ( 'NONE',  ( 1.000000000000000000, 0.000000000000000000, 0.000000000000000000 ) ) ;
#10569 = ORIENTED_EDGE ( 'NONE', *, *, #6026, .T. ) ;
#10570 = ORIENTED_EDGE ( 'NONE', *, *, #113, .T. ) ;
#10571 = CARTESIAN_POINT ( 'NONE',  ( -26.75000000000000355, 114.0000000000000000, -21.09556051177057867 ) ) ;
#10572 = FACE_OUTER_BOUND ( 'NONE', #383, .T. ) ;
#10573 = AXIS2_PLACEMENT_3D ( 'NONE', #12141, #11158, #2149 ) ;
#10574 = DIRECTION ( 'NONE',  ( 1.000000000000000000, -2.040851148208007998E-15, 0.000000000000000000 ) ) ;
#10575 = VECTOR ( 'NONE', #10227, 1000.000000000000000 ) ;
#10576 = FACE_OUTER_BOUND ( 'NONE', #26, .T. ) ;
#10577 = ORIENTED_EDGE ( 'NONE', *, *, #12705, .T. ) ;
#10578 = CARTESIAN_POINT ( 'NONE',  ( 0.000000000000000000, 114.0000000000000000, 0.5000000000000004441 ) ) ;
#10579 = ADVANCED_FACE ( 'NONE', ( #7455 ), #11458, .T. ) ;
#10580 = ORIENTED_EDGE ( 'NONE', *, *, #423, .T. ) ;
#10581 = DIRECTION ( 'NONE',  ( 1.000000000000000000, 0.000000000000000000, 0.000000000000000000 ) ) ;
#10582 = ORIENTED_EDGE ( 'NONE', *, *, #1404, .T. ) ;
#10583 = AXIS2_PLACEMENT_3D ( 'NONE', #8729, #11692, #3675 ) ;
#10584 = CARTESIAN_POINT ( 'NONE',  ( 0.000000000000000000, 114.0000000000000000, -64.50000000000000000 ) ) ;
#10585 = CARTESIAN_POINT ( 'NONE',  ( -51.50000000000000711, -4.999999999999984901, 39.29999999999998295 ) ) ;
#10586 = ORIENTED_EDGE ( 'NONE', *, *, #10744, .F. ) ;
#10587 = CARTESIAN_POINT ( 'NONE',  ( -13.09999999999999964, 114.0000000000000000, -65.35000000000000853 ) ) ;
#10588 = CARTESIAN_POINT ( 'NONE',  ( 23.08553905074118262, 157.1196836433888393, -72.00000000000001421 ) ) ;
#10589 = ORIENTED_EDGE ( 'NONE', *, *, #12132, .T. ) ;
#10590 = DIRECTION ( 'NONE',  ( 1.000000000000000000, 0.000000000000000000, 0.000000000000000000 ) ) ;
#10591 = EDGE_CURVE ( 'NONE', #4175, #7912, #10474, .T. ) ;
#10592 = ORIENTED_EDGE ( 'NONE', *, *, #5722, .F. ) ;
#10593 = ORIENTED_EDGE ( 'NONE', *, *, #9057, .F. ) ;
#10594 = CIRCLE ( 'NONE', #718, 33.46499999999999631 ) ;
#10595 = DIRECTION ( 'NONE',  ( 1.000000000000000000, 0.000000000000000000, 0.000000000000000000 ) ) ;
#10596 = CARTESIAN_POINT ( 'NONE',  ( 22.50000000000000355, 114.0000000000000000, -64.50000000000000000 ) ) ;
#10597 = DIRECTION ( 'NONE',  ( -0.000000000000000000, -0.000000000000000000, 1.000000000000000000 ) ) ;
#10598 = DIRECTION ( 'NONE',  ( -0.000000000000000000, -0.000000000000000000, 1.000000000000000000 ) ) ;
#10599 = EDGE_CURVE ( 'NONE', #9602, #10959, #6407, .T. ) ;
#10600 = EDGE_CURVE ( 'NONE', #7813, #3813, #6607, .T. ) ;
#10601 = CARTESIAN_POINT ( 'NONE',  ( 0.000000000000000000, 114.0000000000000000, -88.16592697433104320 ) ) ;
#10602 = CARTESIAN_POINT ( 'NONE',  ( -45.50000000000000711, 0.000000000000000000, 58.79999999999997584 ) ) ;
#10603 = CIRCLE ( 'NONE', #9330, 6.499999999999999112 ) ;
#10604 = CARTESIAN_POINT ( 'NONE',  ( -52.00000000000008527, -45.49999999999998579, -313.5367466867102166 ) ) ;
#10605 = VERTEX_POINT ( 'NONE', #5491 ) ;
#10606 = ORIENTED_EDGE ( 'NONE', *, *, #3033, .F. ) ;
#10607 = CARTESIAN_POINT ( 'NONE',  ( 19.90000000000000213, 114.0000000000000000, 14.20569654897112244 ) ) ;
#10608 = LINE ( 'NONE', #1603, #12166 ) ;
#10609 = ORIENTED_EDGE ( 'NONE', *, *, #4778, .F. ) ;
#10610 = DIRECTION ( 'NONE',  ( 1.000000000000000000, 0.000000000000000000, 0.000000000000000000 ) ) ;
#10611 = EDGE_CURVE ( 'NONE', #11127, #556, #2034, .T. ) ;
#10612 = CARTESIAN_POINT ( 'NONE',  ( 0.000000000000000000, 114.0000000000000000, -50.50000000000000000 ) ) ;
#10613 = EDGE_CURVE ( 'NONE', #11972, #11376, #1353, .T. ) ;
#10614 = PERSON_AND_ORGANIZATION ( #9444, #9646 ) ;
#10615 = LINE ( 'NONE', #8573, #6281 ) ;
#10616 = ORIENTED_EDGE ( 'NONE', *, *, #8567, .F. ) ;
#10617 = DIRECTION ( 'NONE',  ( -0.000000000000000000, -0.000000000000000000, 1.000000000000000000 ) ) ;
#10618 = VECTOR ( 'NONE', #11895, 1000.000000000000114 ) ;
#10619 = ORIENTED_EDGE ( 'NONE', *, *, #12792, .F. ) ;
#10620 = DIRECTION ( 'NONE',  ( 1.000000000000000000, 0.000000000000000000, 0.000000000000000000 ) ) ;
#10621 = ORIENTED_EDGE ( 'NONE', *, *, #12868, .T. ) ;
#10622 = ORIENTED_EDGE ( 'NONE', *, *, #7214, .F. ) ;
#10623 = CARTESIAN_POINT ( 'NONE',  ( 0.000000000000000000, 114.0000000000000000, 29.09545482057523813 ) ) ;
#10624 = CARTESIAN_POINT ( 'NONE',  ( -51.50000000000003553, -13.57707609273045968, 57.64361941131991784 ) ) ;
#10625 = CARTESIAN_POINT ( 'NONE',  ( -30.77624999999999744, 114.0000000000000000, -57.50000000000000000 ) ) ;
#10626 = AXIS2_PLACEMENT_3D ( 'NONE', #390, #10314, #10386 ) ;
#10627 = ORIENTED_EDGE ( 'NONE', *, *, #2209, .F. ) ;
#10628 = EDGE_CURVE ( 'NONE', #455, #3658, #6866, .T. ) ;
#10629 = ORIENTED_EDGE ( 'NONE', *, *, #5770, .F. ) ;
#10630 = CARTESIAN_POINT ( 'NONE',  ( 35.75089393306190999, 29.33956106112634643, 19.60000000000000497 ) ) ;
#10631 = CARTESIAN_POINT ( 'NONE',  ( -13.07735026918962618, 114.0000000000000000, 10.49999999999999467 ) ) ;
#10632 = ORIENTED_EDGE ( 'NONE', *, *, #6294, .T. ) ;
#10633 = VECTOR ( 'NONE', #5110, 1000.000000000000000 ) ;
#10634 = EDGE_LOOP ( 'NONE', ( #11865, #6331, #2075, #4025 ) ) ;
#10635 = FACE_BOUND ( 'NONE', #2869, .T. ) ;
#10636 = CARTESIAN_POINT ( 'NONE',  ( 20.00000000000000355, 114.0000000000000000, 14.20569654897112244 ) ) ;
#10637 = VECTOR ( 'NONE', #10878, 1000.000000000000114 ) ;
#10638 = DIRECTION ( 'NONE',  ( -1.000000000000000000, 0.000000000000000000, 0.000000000000000000 ) ) ;
#10639 = VERTEX_POINT ( 'NONE', #7325 ) ;
#10640 = LINE ( 'NONE', #3536, #7195 ) ;
#10641 = ORIENTED_EDGE ( 'NONE', *, *, #3500, .F. ) ;
#10642 = VECTOR ( 'NONE', #6141, 1000.000000000000000 ) ;
#10643 = DIRECTION ( 'NONE',  ( 0.000000000000000000, -1.000000000000000000, 0.000000000000000000 ) ) ;
#10644 = CARTESIAN_POINT ( 'NONE',  ( -34.50000000000000000, 114.0000000000000000, -14.50000000000000711 ) ) ;
#10645 = ORIENTED_EDGE ( 'NONE', *, *, #7395, .T. ) ;
#10646 = EDGE_LOOP ( 'NONE', ( #11700, #3321 ) ) ;
#10647 = DIRECTION ( 'NONE',  ( -0.000000000000000000, -0.000000000000000000, 1.000000000000000000 ) ) ;
#10648 = CARTESIAN_POINT ( 'NONE',  ( 1.323940956865498228E-14, 113.9999999999999432, -66.50000000000000000 ) ) ;
#10649 = EDGE_LOOP ( 'NONE', ( #3875, #3385 ) ) ;
#10650 = CIRCLE ( 'NONE', #1425, 6.000000000000008882 ) ;
#10651 = DIRECTION ( 'NONE',  ( 0.000000000000000000, 0.000000000000000000, 1.000000000000000000 ) ) ;
#10652 = AXIS2_PLACEMENT_3D ( 'NONE', #7519, #2449, #3446 ) ;
#10653 = AXIS2_PLACEMENT_3D ( 'NONE', #10827, #11939, #11025 ) ;
#10654 = ORIENTED_EDGE ( 'NONE', *, *, #6733, .T. ) ;
#10655 = FACE_OUTER_BOUND ( 'NONE', #4773, .T. ) ;
#10656 = DIRECTION ( 'NONE',  ( 1.000000000000000000, 0.000000000000000000, -0.000000000000000000 ) ) ;
#10657 = AXIS2_PLACEMENT_3D ( 'NONE', #12986, #9956, #8057 ) ;
#10658 = FACE_BOUND ( 'NONE', #8486, .T. ) ;
#10659 = AXIS2_PLACEMENT_3D ( 'NONE', #7701, #4663, #11891 ) ;
#10660 = EDGE_CURVE ( 'NONE', #1936, #8348, #3504, .T. ) ;
#10661 = CARTESIAN_POINT ( 'NONE',  ( 0.000000000000000000, 114.0000000000000000, 14.20569654897112244 ) ) ;
#10662 = DIRECTION ( 'NONE',  ( 1.000000000000000000, 0.000000000000000000, 0.000000000000000000 ) ) ;
#10663 = FACE_OUTER_BOUND ( 'NONE', #2668, .T. ) ;
#10664 = EDGE_LOOP ( 'NONE', ( #10811, #8049, #4219, #480 ) ) ;
#10665 = DIRECTION ( 'NONE',  ( 1.000000000000000000, 0.000000000000000000, 0.000000000000000000 ) ) ;
#10666 = CARTESIAN_POINT ( 'NONE',  ( 0.000000000000000000, 114.0000000000000000, 10.99999999999999645 ) ) ;
#10667 = ORIENTED_EDGE ( 'NONE', *, *, #3544, .F. ) ;
#10668 = EDGE_CURVE ( 'NONE', #80, #12569, #771, .T. ) ;
#10669 = VECTOR ( 'NONE', #647, 1000.000000000000000 ) ;
#10670 = ADVANCED_FACE ( 'NONE', ( #547 ), #11328, .T. ) ;
#10671 = DIRECTION ( 'NONE',  ( 0.000000000000000000, 0.000000000000000000, -1.000000000000000000 ) ) ;
#10672 = FACE_OUTER_BOUND ( 'NONE', #8498, .T. ) ;
#10673 = EDGE_CURVE ( 'NONE', #10881, #10317, #10341, .T. ) ;
#10674 = AXIS2_PLACEMENT_3D ( 'NONE', #12634, #9473, #11648 ) ;
#10675 = EDGE_CURVE ( 'NONE', #8189, #8003, #3915, .T. ) ;
#10676 = DATE_AND_TIME ( #1421, #1690 ) ;
#10677 = CARTESIAN_POINT ( 'NONE',  ( 42.67205742728176432, 80.58668790124114878, 11.49999999999999645 ) ) ;
#10678 = DIRECTION ( 'NONE',  ( -1.000000000000000000, 0.000000000000000000, 0.000000000000000000 ) ) ;
#10679 = ORIENTED_EDGE ( 'NONE', *, *, #7093, .T. ) ;
#10680 = CARTESIAN_POINT ( 'NONE',  ( -4.000000000000000888, 125.8427192823270104, 9.499999999999994671 ) ) ;
#10681 = VERTEX_POINT ( 'NONE', #3817 ) ;
#10682 = DIRECTION ( 'NONE',  ( -0.000000000000000000, 0.000000000000000000, -1.000000000000000000 ) ) ;
#10683 = ORIENTED_EDGE ( 'NONE', *, *, #10293, .T. ) ;
#10684 = AXIS2_PLACEMENT_3D ( 'NONE', #458, #11635, #5596 ) ;
#10685 = EDGE_CURVE ( 'NONE', #7560, #7784, #10430, .T. ) ;
#10686 = DIRECTION ( 'NONE',  ( 1.000000000000000000, 0.000000000000000000, 0.000000000000000000 ) ) ;
#10687 = DIRECTION ( 'NONE',  ( 0.000000000000000000, 0.000000000000000000, 1.000000000000000000 ) ) ;
#10688 = CARTESIAN_POINT ( 'NONE',  ( 39.12398950069061243, -28.87693130457877189, 53.29999999999999005 ) ) ;
#10689 = ADVANCED_FACE ( 'NONE', ( #5874 ), #12833, .T. ) ;
#10690 = CIRCLE ( 'NONE', #1473, 1.249999999999997558 ) ;
#10691 = VECTOR ( 'NONE', #11076, 1000.000000000000000 ) ;
#10692 = DIRECTION ( 'NONE',  ( 0.000000000000000000, 0.000000000000000000, -1.000000000000000000 ) ) ;
#10693 = VERTEX_POINT ( 'NONE', #6851 ) ;
#10694 = CARTESIAN_POINT ( 'NONE',  ( 42.42640687119276777, -42.42640687119292409, 0.000000000000000000 ) ) ;
#10695 = VERTEX_POINT ( 'NONE', #799 ) ;
#10696 = ORIENTED_EDGE ( 'NONE', *, *, #1786, .F. ) ;
#10697 = FACE_BOUND ( 'NONE', #5617, .T. ) ;
#10698 = CARTESIAN_POINT ( 'NONE',  ( -28.87693130457876478, -39.12398950069062664, 53.29999999999998295 ) ) ;
#10699 = EDGE_CURVE ( 'NONE', #12516, #11964, #5403, .T. ) ;
#10700 = ORIENTED_EDGE ( 'NONE', *, *, #6584, .T. ) ;
#10701 = LINE ( 'NONE', #709, #10367 ) ;
#10702 = ORIENTED_EDGE ( 'NONE', *, *, #9400, .F. ) ;
#10703 = AXIS2_PLACEMENT_3D ( 'NONE', #1984, #65, #1058 ) ;
#10704 = AXIS2_PLACEMENT_3D ( 'NONE', #1738, #5628, #1678 ) ;
#10705 = CARTESIAN_POINT ( 'NONE',  ( 4.000000000000000888, 125.8427192823270104, 9.499999999999994671 ) ) ;
#10706 = DIRECTION ( 'NONE',  ( -8.912340794009285204E-16, 1.000000000000000000, -0.000000000000000000 ) ) ;
#10707 = DIRECTION ( 'NONE',  ( 0.000000000000000000, 0.000000000000000000, -1.000000000000000000 ) ) ;
#10708 = ORIENTED_EDGE ( 'NONE', *, *, #2338, .T. ) ;
#10709 = LOCAL_TIME ( 11, 39, 17.00000000000000000, #1676 ) ;
#10710 = ORIENTED_EDGE ( 'NONE', *, *, #12715, .T. ) ;
#10711 = CIRCLE ( 'NONE', #2304, 6.800000000000007816 ) ;
#10712 = DIRECTION ( 'NONE',  ( 1.000000000000000000, 0.000000000000000000, 0.000000000000000000 ) ) ;
#10713 = CARTESIAN_POINT ( 'NONE',  ( 0.000000000000000000, 114.0000000000000000, -2.500000000000002220 ) ) ;
#10714 = VERTEX_POINT ( 'NONE', #6672 ) ;
#10715 = FACE_OUTER_BOUND ( 'NONE', #4583, .T. ) ;
#10716 = EDGE_CURVE ( 'NONE', #2266, #5803, #12739, .T. ) ;
#10717 = DIRECTION ( 'NONE',  ( 0.000000000000000000, 0.000000000000000000, -1.000000000000000000 ) ) ;
#10718 = LINE ( 'NONE', #786, #6338 ) ;
#10719 = CARTESIAN_POINT ( 'NONE',  ( 0.000000000000000000, 114.0000000000000000, -16.49999999999999289 ) ) ;
#10720 = AXIS2_PLACEMENT_3D ( 'NONE', #5368, #2396, #9359 ) ;
#10721 = DIRECTION ( 'NONE',  ( 1.000000000000000000, 0.000000000000000000, 0.000000000000000000 ) ) ;
#10722 = FACE_BOUND ( 'NONE', #871, .T. ) ;
#10723 = DIRECTION ( 'NONE',  ( -0.000000000000000000, 0.000000000000000000, -1.000000000000000000 ) ) ;
#10724 = DIRECTION ( 'NONE',  ( 0.000000000000000000, 0.000000000000000000, 1.000000000000000000 ) ) ;
#10725 = ORIENTED_EDGE ( 'NONE', *, *, #11141, .T. ) ;
#10726 = AXIS2_PLACEMENT_3D ( 'NONE', #3227, #1265, #5273 ) ;
#10728 = EDGE_LOOP ( 'NONE', ( #2696, #4462, #6545, #2888 ) ) ;
#10727 = AXIS2_PLACEMENT_3D ( 'NONE', #2559, #1716, #6586 ) ;
#10729 = CARTESIAN_POINT ( 'NONE',  ( -44.99999999999998579, -22.14000000000005386, 73.39999999999997726 ) ) ;
#10730 = ORIENTED_EDGE ( 'NONE', *, *, #8020, .F. ) ;
#10731 = ADVANCED_FACE ( 'NONE', ( #8695 ), #4675, .T. ) ;
#10732 = EDGE_CURVE ( 'NONE', #5783, #6630, #7069, .T. ) ;
#10733 = LINE ( 'NONE', #10924, #570 ) ;
#10734 = LINE ( 'NONE', #12834, #11055 ) ;
#10735 = AXIS2_PLACEMENT_3D ( 'NONE', #3314, #8176, #6344 ) ;
#10736 = DIRECTION ( 'NONE',  ( -1.000000000000000000, 0.000000000000000000, 0.000000000000000000 ) ) ;
#10737 = DIRECTION ( 'NONE',  ( 0.000000000000000000, 0.000000000000000000, -1.000000000000000000 ) ) ;
#10738 = ORIENTED_EDGE ( 'NONE', *, *, #7464, .F. ) ;
#10739 = CARTESIAN_POINT ( 'NONE',  ( 29.33956106112633933, -35.75089393306192420, 10.00000000000000000 ) ) ;
#10740 = ORIENTED_EDGE ( 'NONE', *, *, #2639, .T. ) ;
#10741 = PLANE ( 'NONE',  #5261 ) ;
#10742 = EDGE_LOOP ( 'NONE', ( #12040, #10872, #6115, #1664 ) ) ;
#10743 = CIRCLE ( 'NONE', #4855, 4.250000000000003553 ) ;
#10744 = EDGE_CURVE ( 'NONE', #2395, #11681, #4869, .T. ) ;
#10745 = DIRECTION ( 'NONE',  ( 0.000000000000000000, 0.000000000000000000, 1.000000000000000000 ) ) ;
#10746 = EDGE_CURVE ( 'NONE', #9325, #8816, #12527, .T. ) ;
#10747 = CARTESIAN_POINT ( 'NONE',  ( 12.69999999999999929, 114.0000000000000000, -49.00000000000000000 ) ) ;
#10748 = DIRECTION ( 'NONE',  ( 0.000000000000000000, 0.000000000000000000, 1.000000000000000000 ) ) ;
#10749 = ORIENTED_EDGE ( 'NONE', *, *, #3453, .T. ) ;
#10750 = AXIS2_PLACEMENT_3D ( 'NONE', #10855, #11777, #3946 ) ;
#10751 = CIRCLE ( 'NONE', #6137, 34.50000000000000711 ) ;
#10752 = ADVANCED_FACE ( 'NONE', ( #9867 ), #6450, .F. ) ;
#10753 = CARTESIAN_POINT ( 'NONE',  ( 0.000000000000000000, 148.5000000000000284, -0.5000000000000177636 ) ) ;
#10754 = EDGE_CURVE ( 'NONE', #12241, #11013, #4748, .T. ) ;
#10755 = LINE ( 'NONE', #1757, #7278 ) ;
#10756 = ORIENTED_EDGE ( 'NONE', *, *, #2946, .T. ) ;
#10757 = VERTEX_POINT ( 'NONE', #7716 ) ;
#10758 = PLANE ( 'NONE',  #6591 ) ;
#10759 = CARTESIAN_POINT ( 'NONE',  ( 52.00000000000004263, 44.99999999999998579, 0.000000000000000000 ) ) ;
#10760 = ORIENTED_EDGE ( 'NONE', *, *, #7227, .T. ) ;
#10761 = VERTEX_POINT ( 'NONE', #7898 ) ;
#10762 = DIRECTION ( 'NONE',  ( 0.000000000000000000, 0.000000000000000000, -1.000000000000000000 ) ) ;
#10763 = AXIS2_PLACEMENT_3D ( 'NONE', #4582, #12478, #7488 ) ;
#10764 = ORIENTED_EDGE ( 'NONE', *, *, #9391, .F. ) ;
#10765 = CARTESIAN_POINT ( 'NONE',  ( -39.02640687119306762, 42.42640687119262566, -1.102182119232617788E-16 ) ) ;
#10766 = EDGE_LOOP ( 'NONE', ( #5267, #12716, #6343, #9425 ) ) ;
#10767 = CARTESIAN_POINT ( 'NONE',  ( -25.78999999999999559, 73.14000000000000057, -61.49999999999999289 ) ) ;
#10768 = DIRECTION ( 'NONE',  ( -0.000000000000000000, -0.000000000000000000, 1.000000000000000000 ) ) ;
#10769 = EDGE_CURVE ( 'NONE', #7500, #6417, #3298, .T. ) ;
#10770 = ORIENTED_EDGE ( 'NONE', *, *, #4306, .F. ) ;
#10771 = ORIENTED_EDGE ( 'NONE', *, *, #2411, .F. ) ;
#10772 = VECTOR ( 'NONE', #4568, 1000.000000000000000 ) ;
#10773 = DIRECTION ( 'NONE',  ( 0.000000000000000000, 1.000000000000000000, 0.000000000000000000 ) ) ;
#10774 = DIRECTION ( 'NONE',  ( -0.000000000000000000, 0.000000000000000000, -1.000000000000000000 ) ) ;
#10775 = ORIENTED_EDGE ( 'NONE', *, *, #3388, .F. ) ;
#10776 = CARTESIAN_POINT ( 'NONE',  ( 0.000000000000000000, 114.0000000000000000, -63.50000000000000000 ) ) ;
#10777 = CARTESIAN_POINT ( 'NONE',  ( 22.14000000000007162, 45.00000000000001421, 112.0000000000000000 ) ) ;
#10778 = CARTESIAN_POINT ( 'NONE',  ( 22.14000000000005031, -38.19999999999998863, 53.29999999999998295 ) ) ;
#10779 = DIRECTION ( 'NONE',  ( 1.000000000000000000, 0.000000000000000000, 0.000000000000000000 ) ) ;
#10780 = CIRCLE ( 'NONE', #2169, 8.999999999999994671 ) ;
#10781 = AXIS2_PLACEMENT_3D ( 'NONE', #1080, #3109, #8171 ) ;
#10782 = CIRCLE ( 'NONE', #10147, 22.50000000000000000 ) ;
#10783 = EDGE_CURVE ( 'NONE', #1563, #4435, #10733, .T. ) ;
#10784 = FACE_BOUND ( 'NONE', #8233, .T. ) ;
#10785 = EDGE_CURVE ( 'NONE', #9602, #11157, #8329, .T. ) ;
#10786 = DIRECTION ( 'NONE',  ( -0.000000000000000000, -0.000000000000000000, 1.000000000000000000 ) ) ;
#10787 = CARTESIAN_POINT ( 'NONE',  ( 45.50000000000004263, 51.49999999999998579, -1.000000000000000000 ) ) ;
#10788 = DIRECTION ( 'NONE',  ( -0.000000000000000000, -0.000000000000000000, -1.000000000000000000 ) ) ;
#10789 = ORIENTED_EDGE ( 'NONE', *, *, #793, .F. ) ;
#10790 = ORIENTED_EDGE ( 'NONE', *, *, #423, .F. ) ;
#10791 = DIRECTION ( 'NONE',  ( 1.000000000000000000, 0.000000000000000000, 0.000000000000000000 ) ) ;
#10792 = VERTEX_POINT ( 'NONE', #9735 ) ;
#10793 = CARTESIAN_POINT ( 'NONE',  ( -36.76999999999997470, -36.77000000000001023, 10.00000000000000000 ) ) ;
#10794 = DIRECTION ( 'NONE',  ( 0.000000000000000000, 0.000000000000000000, -1.000000000000000000 ) ) ;
#10795 = CIRCLE ( 'NONE', #11647, 12.50000000000000000 ) ;
#10796 = DIRECTION ( 'NONE',  ( 0.000000000000000000, 0.000000000000000000, -1.000000000000000000 ) ) ;
#10797 = PLANE ( 'NONE',  #6922 ) ;
#10798 = ORIENTED_EDGE ( 'NONE', *, *, #8768, .F. ) ;
#10799 = DIRECTION ( 'NONE',  ( -1.000000000000000000, 0.000000000000000000, 0.000000000000000000 ) ) ;
#10800 = CARTESIAN_POINT ( 'NONE',  ( -57.49999999999997868, -1.481587030807461874E-15, 46.70192378864662430 ) ) ;
#10801 = ORIENTED_EDGE ( 'NONE', *, *, #11850, .F. ) ;
#10802 = DIRECTION ( 'NONE',  ( 0.000000000000000000, -0.000000000000000000, 1.000000000000000000 ) ) ;
#10803 = ORIENTED_EDGE ( 'NONE', *, *, #535, .T. ) ;
#10804 = CIRCLE ( 'NONE', #7456, 9.500000000000001776 ) ;
#10805 = EDGE_CURVE ( 'NONE', #9938, #5248, #8115, .T. ) ;
#10806 = DIRECTION ( 'NONE',  ( 0.000000000000000000, 1.000000000000000000, 0.000000000000000000 ) ) ;
#10807 = ADVANCED_FACE ( 'NONE', ( #12768, #742 ), #4735, .F. ) ;
#10808 = CARTESIAN_POINT ( 'NONE',  ( -22.50000000000000355, 114.0000000000000000, -64.50000000000000000 ) ) ;
#10809 = DIRECTION ( 'NONE',  ( -0.000000000000000000, -0.000000000000000000, 1.000000000000000000 ) ) ;
#10810 = ORIENTED_EDGE ( 'NONE', *, *, #2969, .T. ) ;
#10811 = ORIENTED_EDGE ( 'NONE', *, *, #5057, .F. ) ;
#10812 = EDGE_CURVE ( 'NONE', #8098, #12579, #4120, .T. ) ;
#10813 = AXIS2_PLACEMENT_3D ( 'NONE', #7888, #668, #5743 ) ;
#10814 = ADVANCED_FACE ( 'NONE', ( #3229 ), #9018, .F. ) ;
#10815 = DIRECTION ( 'NONE',  ( 0.000000000000000000, 0.000000000000000000, 1.000000000000000000 ) ) ;
#10816 = CARTESIAN_POINT ( 'NONE',  ( -52.00000000000008527, -45.49999999999998579, -313.5367466867102166 ) ) ;
#10817 = ORIENTED_EDGE ( 'NONE', *, *, #9636, .T. ) ;
#10818 = EDGE_LOOP ( 'NONE', ( #11986, #8592, #10654, #4496 ) ) ;
#10819 = CARTESIAN_POINT ( 'NONE',  ( -26.00000000000001066, 114.0000000000000000, -66.50000000000000000 ) ) ;
#10820 = DIRECTION ( 'NONE',  ( 1.000000000000000000, 0.000000000000000000, 0.000000000000000000 ) ) ;
#10821 = VERTEX_POINT ( 'NONE', #3094 ) ;
#10822 = EDGE_LOOP ( 'NONE', ( #2837, #757, #12954, #11007 ) ) ;
#10823 = DIRECTION ( 'NONE',  ( 1.000000000000000000, 0.000000000000000000, 0.000000000000000000 ) ) ;
#10824 = VECTOR ( 'NONE', #4527, 1000.000000000000000 ) ;
#10825 = CARTESIAN_POINT ( 'NONE',  ( 46.67640687119308041, 71.57359312880737434, 11.50000000000001066 ) ) ;
#10826 = EDGE_CURVE ( 'NONE', #2192, #7786, #4962, .T. ) ;
#10827 = CARTESIAN_POINT ( 'NONE',  ( 0.000000000000000000, 114.0000000000000000, -8.500000000000003553 ) ) ;
#10828 = CARTESIAN_POINT ( 'NONE',  ( -28.28999999999999915, 154.8599999999999852, -2.000000000000004441 ) ) ;
#10829 = CIRCLE ( 'NONE', #6429, 22.39999999999999858 ) ;
#10830 = CARTESIAN_POINT ( 'NONE',  ( -42.42640687119284593, 42.42640687119283172, 19.59999999999999076 ) ) ;
#10831 = ORIENTED_EDGE ( 'NONE', *, *, #12463, .T. ) ;
#10832 = VERTEX_POINT ( 'NONE', #2963 ) ;
#10833 = CARTESIAN_POINT ( 'NONE',  ( 0.000000000000000000, 114.0000000000000000, -12.23237503977025575 ) ) ;
#10834 = VECTOR ( 'NONE', #4892, 1000.000000000000000 ) ;
#10835 = DIRECTION ( 'NONE',  ( -1.000000000000000000, 0.000000000000000000, 0.000000000000000000 ) ) ;
#10836 = ORIENTED_EDGE ( 'NONE', *, *, #10253, .T. ) ;
#10837 = DIRECTION ( 'NONE',  ( -0.000000000000000000, -0.000000000000000000, 1.000000000000000000 ) ) ;
#10838 = APPLICATION_CONTEXT ( 'configuration controlled 3d designs of mechanical parts and assemblies' ) ;
#10839 = CARTESIAN_POINT ( 'NONE',  ( -51.50000000000000711, 12.37139580705811603, 53.22051328909001455 ) ) ;
#10840 = AXIS2_PLACEMENT_3D ( 'NONE', #9241, #7344, #3256 ) ;
#10841 = ORIENTED_EDGE ( 'NONE', *, *, #9664, .F. ) ;
#10842 = CARTESIAN_POINT ( 'NONE',  ( 0.000000000000000000, 114.0000000000000000, -49.00000000000000000 ) ) ;
#10843 = ADVANCED_FACE ( 'NONE', ( #9201 ), #9992, .F. ) ;
#10844 = FACE_BOUND ( 'NONE', #11503, .T. ) ;
#10845 = DIRECTION ( 'NONE',  ( -1.000000000000000000, 0.000000000000000000, 0.000000000000000000 ) ) ;
#10846 = AXIS2_PLACEMENT_3D ( 'NONE', #9800, #3950, #800 ) ;
#10847 = LINE ( 'NONE', #6724, #2627 ) ;
#10848 = VECTOR ( 'NONE', #4802, 1000.000000000000000 ) ;
#10849 = VECTOR ( 'NONE', #9933, 1000.000000000000000 ) ;
#10850 = CARTESIAN_POINT ( 'NONE',  ( 35.75089393306190999, 29.33956106112633933, 112.0000000000000000 ) ) ;
#10851 = VERTEX_POINT ( 'NONE', #9141 ) ;
#10852 = VERTEX_POINT ( 'NONE', #11248 ) ;
#10853 = LINE ( 'NONE', #796, #11747 ) ;
#10854 = EDGE_LOOP ( 'NONE', ( #3533, #9761 ) ) ;
#10855 = CARTESIAN_POINT ( 'NONE',  ( -30.77624999999999744, 114.0000000000000000, -57.50000000000000000 ) ) ;
#10856 = EDGE_CURVE ( 'NONE', #83, #362, #12962, .T. ) ;
#10857 = CIRCLE ( 'NONE', #5192, 3.400000000000000355 ) ;
#10858 = CIRCLE ( 'NONE', #3714, 26.17625000000000313 ) ;
#10859 = DIRECTION ( 'NONE',  ( 0.000000000000000000, 1.000000000000000000, 0.000000000000000000 ) ) ;
#10860 = EDGE_CURVE ( 'NONE', #4266, #2263, #7970, .T. ) ;
#10861 = DIRECTION ( 'NONE',  ( -0.000000000000000000, 1.000000000000000000, 0.000000000000000000 ) ) ;
#10862 = DIRECTION ( 'NONE',  ( 0.000000000000000000, 0.000000000000000000, -1.000000000000000000 ) ) ;
#10863 = DIRECTION ( 'NONE',  ( -1.000000000000000000, 0.000000000000000000, 0.000000000000000000 ) ) ;
#10864 = VECTOR ( 'NONE', #4000, 1000.000000000000000 ) ;
#10865 = ORIENTED_EDGE ( 'NONE', *, *, #10094, .T. ) ;
#10866 = DIRECTION ( 'NONE',  ( -1.000000000000000000, 0.000000000000000000, 0.000000000000000000 ) ) ;
#10867 = CARTESIAN_POINT ( 'NONE',  ( -51.50000000000002842, -9.891959196743027150, 46.76305422273930645 ) ) ;
#10868 = ORIENTED_EDGE ( 'NONE', *, *, #8837, .T. ) ;
#10869 = EDGE_CURVE ( 'NONE', #8902, #10078, #3503, .T. ) ;
#10870 = FACE_OUTER_BOUND ( 'NONE', #11569, .T. ) ;
#10871 = VERTEX_POINT ( 'NONE', #8952 ) ;
#10872 = ORIENTED_EDGE ( 'NONE', *, *, #6835, .T. ) ;
#10873 = EDGE_CURVE ( 'NONE', #7415, #9491, #8151, .T. ) ;
#10874 = CYLINDRICAL_SURFACE ( 'NONE', #11999, 5.000000000000000000 ) ;
#10875 = CARTESIAN_POINT ( 'NONE',  ( 33.46499999999999631, 114.0000000000000000, -44.90443948822942843 ) ) ;
#10876 = DIRECTION ( 'NONE',  ( -0.000000000000000000, -0.000000000000000000, 1.000000000000000000 ) ) ;
#10877 = ORIENTED_EDGE ( 'NONE', *, *, #7631, .F. ) ;
#10878 = DIRECTION ( 'NONE',  ( 0.7071067811865474617, 8.659560562354932858E-17, -0.7071067811865474617 ) ) ;
#10879 = DIRECTION ( 'NONE',  ( 0.000000000000000000, 0.000000000000000000, 1.000000000000000000 ) ) ;
#10880 = ORIENTED_EDGE ( 'NONE', *, *, #7089, .T. ) ;
#10881 = VERTEX_POINT ( 'NONE', #132 ) ;
#10882 = AXIS2_PLACEMENT_3D ( 'NONE', #2571, #9859, #11772 ) ;
#10883 = LINE ( 'NONE', #1884, #3721 ) ;
#10884 = ORIENTED_EDGE ( 'NONE', *, *, #10128, .F. ) ;
#10885 = DIRECTION ( 'NONE',  ( -0.000000000000000000, -0.000000000000000000, -1.000000000000000000 ) ) ;
#10886 = ORIENTED_EDGE ( 'NONE', *, *, #8494, .F. ) ;
#10887 = DIRECTION ( 'NONE',  ( -0.8571673007021114454, 1.049727191138617586E-16, 0.5150380749100555988 ) ) ;
#10888 = FACE_OUTER_BOUND ( 'NONE', #2597, .T. ) ;
#10889 = EDGE_CURVE ( 'NONE', #5834, #3673, #5185, .T. ) ;
#10890 = DIRECTION ( 'NONE',  ( 0.000000000000000000, 0.000000000000000000, -1.000000000000000000 ) ) ;
#10891 = AXIS2_PLACEMENT_3D ( 'NONE', #6386, #10387, #655 ) ;
#10892 = VECTOR ( 'NONE', #9293, 1000.000000000000000 ) ;
#10893 = LINE ( 'NONE', #901, #1047 ) ;
#10894 = VECTOR ( 'NONE', #6530, 1000.000000000000000 ) ;
#10895 = CYLINDRICAL_SURFACE ( 'NONE', #7246, 1.999999999999988010 ) ;
#10896 = ORIENTED_EDGE ( 'NONE', *, *, #8123, .F. ) ;
#10897 = ORIENTED_EDGE ( 'NONE', *, *, #7036, .T. ) ;
#10898 = DIRECTION ( 'NONE',  ( -0.000000000000000000, -0.000000000000000000, -1.000000000000000000 ) ) ;
#10899 = DIRECTION ( 'NONE',  ( 0.000000000000000000, 0.000000000000000000, -1.000000000000000000 ) ) ;
#10900 = EDGE_CURVE ( 'NONE', #10714, #5771, #5657, .T. ) ;
#10901 = DIRECTION ( 'NONE',  ( 0.000000000000000000, 0.000000000000000000, -1.000000000000000000 ) ) ;
#10902 = ORIENTED_EDGE ( 'NONE', *, *, #4031, .T. ) ;
#10903 = DIRECTION ( 'NONE',  ( -0.000000000000000000, -0.000000000000000000, 1.000000000000000000 ) ) ;
#10904 = AXIS2_PLACEMENT_3D ( 'NONE', #6189, #10399, #5210 ) ;
#10905 = CARTESIAN_POINT ( 'NONE',  ( -26.99999999999999645, 73.09999999999999432, -70.00000000000000000 ) ) ;
#10906 = EDGE_LOOP ( 'NONE', ( #7454, #8268, #6513, #5747 ) ) ;
#10907 = DIRECTION ( 'NONE',  ( -1.000000000000000000, 0.000000000000000000, 0.000000000000000000 ) ) ;
#10908 = AXIS2_PLACEMENT_3D ( 'NONE', #10601, #1474, #4479 ) ;
#10909 = CARTESIAN_POINT ( 'NONE',  ( 0.000000000000000000, 114.0000000000000000, -8.500000000000003553 ) ) ;
#10910 = VECTOR ( 'NONE', #1539, 1000.000000000000000 ) ;
#10911 = CARTESIAN_POINT ( 'NONE',  ( 4.000000000000000888, 125.8427192823270104, -79.00000000000000000 ) ) ;
#10912 = ORIENTED_EDGE ( 'NONE', *, *, #11220, .F. ) ;
#10913 = CARTESIAN_POINT ( 'NONE',  ( -28.43660512957058017, 65.99999999995799271, 6.499999999999996447 ) ) ;
#10914 = ADVANCED_FACE ( 'NONE', ( #8224 ), #4139, .T. ) ;
#10915 = DIRECTION ( 'NONE',  ( -0.000000000000000000, 0.000000000000000000, -1.000000000000000000 ) ) ;
#10916 = EDGE_CURVE ( 'NONE', #776, #3581, #8547, .T. ) ;
#10917 = ORIENTED_EDGE ( 'NONE', *, *, #10083, .F. ) ;
#10918 = ORIENTED_EDGE ( 'NONE', *, *, #664, .F. ) ;
#10919 = DIRECTION ( 'NONE',  ( 1.000000000000000000, 0.000000000000000000, 0.000000000000000000 ) ) ;
#10920 = VERTEX_POINT ( 'NONE', #999 ) ;
#10921 = ORIENTED_EDGE ( 'NONE', *, *, #882, .F. ) ;
#10922 = VECTOR ( 'NONE', #9683, 1000.000000000000000 ) ;
#10923 = CARTESIAN_POINT ( 'NONE',  ( 0.000000000000000000, 114.0000000000000000, 14.20569654897112244 ) ) ;
#10924 = CARTESIAN_POINT ( 'NONE',  ( -28.87693130457876478, -39.12398950069061954, 53.29999999999997584 ) ) ;
#10925 = DIRECTION ( 'NONE',  ( -0.000000000000000000, -0.000000000000000000, 1.000000000000000000 ) ) ;
#10926 = DIRECTION ( 'NONE',  ( -1.000000000000000000, 0.000000000000000000, 0.000000000000000000 ) ) ;
#10927 = VECTOR ( 'NONE', #9121, 1000.000000000000000 ) ;
#10928 = VECTOR ( 'NONE', #2247, 1000.000000000000000 ) ;
#10929 = DIRECTION ( 'NONE',  ( -0.000000000000000000, -0.000000000000000000, 1.000000000000000000 ) ) ;
#10930 = ADVANCED_FACE ( 'NONE', ( #6063 ), #10220, .T. ) ;
#10931 = ORIENTED_EDGE ( 'NONE', *, *, #3354, .T. ) ;
#10932 = DIRECTION ( 'NONE',  ( -1.000000000000000000, 0.000000000000000000, 0.000000000000000000 ) ) ;
#10933 = DIRECTION ( 'NONE',  ( -0.9907251918498203302, -0.1358808089250893303, 0.000000000000000000 ) ) ;
#10934 = EDGE_CURVE ( 'NONE', #8902, #2727, #9145, .T. ) ;
#10935 = ORIENTED_EDGE ( 'NONE', *, *, #1536, .T. ) ;
#10936 = CARTESIAN_POINT ( 'NONE',  ( -47.25000000001955414, -291415.8694450773764, 11.49999999999999645 ) ) ;
#10937 = ORIENTED_EDGE ( 'NONE', *, *, #10805, .T. ) ;
#10938 = DIRECTION ( 'NONE',  ( -0.000000000000000000, -0.000000000000000000, 1.000000000000000000 ) ) ;
#10939 = ADVANCED_FACE ( 'NONE', ( #7109 ), #11460, .T. ) ;
#10940 = VECTOR ( 'NONE', #4277, 1000.000000000000000 ) ;
#10941 = AXIS2_PLACEMENT_3D ( 'NONE', #5522, #2543, #10377 ) ;
#10942 = CARTESIAN_POINT ( 'NONE',  ( 0.000000000000000000, 114.0000000000000000, -1.500000000000004885 ) ) ;
#10943 = LINE ( 'NONE', #9949, #9153 ) ;
#10944 = VERTEX_POINT ( 'NONE', #11183 ) ;
#10945 = EDGE_LOOP ( 'NONE', ( #3, #12650 ) ) ;
#10946 = ADVANCED_FACE ( 'NONE', ( #12558 ), #10261, .F. ) ;
#10947 = LINE ( 'NONE', #7986, #4732 ) ;
#10948 = DIRECTION ( 'NONE',  ( -1.000000000000000000, 0.000000000000000000, 0.000000000000000000 ) ) ;
#10949 = ADVANCED_FACE ( 'NONE', ( #10530 ), #11577, .F. ) ;
#10950 = CIRCLE ( 'NONE', #10533, 6.800000000000007816 ) ;
#10951 = AXIS2_PLACEMENT_3D ( 'NONE', #6553, #12590, #9496 ) ;
#10952 = ORIENTED_EDGE ( 'NONE', *, *, #170, .T. ) ;
#10953 = CYLINDRICAL_SURFACE ( 'NONE', #10657, 26.75000000000000000 ) ;
#10954 = AXIS2_PLACEMENT_3D ( 'NONE', #10025, #4168, #6210 ) ;
#10955 = ORIENTED_EDGE ( 'NONE', *, *, #7773, .F. ) ;
#10956 = DIRECTION ( 'NONE',  ( 1.000000000000000000, 0.000000000000000000, 0.000000000000000000 ) ) ;
#10957 = ORIENTED_EDGE ( 'NONE', *, *, #9854, .T. ) ;
#10958 = ORIENTED_EDGE ( 'NONE', *, *, #5501, .T. ) ;
#10959 = VERTEX_POINT ( 'NONE', #402 ) ;
#10960 = CARTESIAN_POINT ( 'NONE',  ( 30.17016143302161879, 150.9605291273451542, 62.93607486307095655 ) ) ;
#10961 = FACE_OUTER_BOUND ( 'NONE', #3219, .T. ) ;
#10962 = CIRCLE ( 'NONE', #5300, 22.50000000000000000 ) ;
#10963 = FACE_OUTER_BOUND ( 'NONE', #10646, .T. ) ;
#10964 = AXIS2_PLACEMENT_3D ( 'NONE', #10507, #3466, #9510 ) ;
#10965 = DIRECTION ( 'NONE',  ( 1.000000000000000000, 0.000000000000000000, 0.000000000000000000 ) ) ;
#10966 = DIRECTION ( 'NONE',  ( -1.000000000000000000, 0.000000000000000000, 0.000000000000000000 ) ) ;
#10967 = ORIENTED_EDGE ( 'NONE', *, *, #9255, .F. ) ;
#10968 = DIRECTION ( 'NONE',  ( 1.000000000000000000, 0.000000000000000000, 0.000000000000000000 ) ) ;
#10969 = DIRECTION ( 'NONE',  ( -1.000000000000000000, 0.000000000000000000, 0.000000000000000000 ) ) ;
#10970 = DIRECTION ( 'NONE',  ( -0.000000000000000000, -0.000000000000000000, 1.000000000000000000 ) ) ;
#10972 = EDGE_LOOP ( 'NONE', ( #3045, #10616, #6877, #3619 ) ) ;
#10971 = CIRCLE ( 'NONE', #11606, 7.499999999999985789 ) ;
#10973 = DIRECTION ( 'NONE',  ( -0.000000000000000000, 0.000000000000000000, -1.000000000000000000 ) ) ;
#10974 = CARTESIAN_POINT ( 'NONE',  ( -27.03999999999999559, 73.14000000000000057, -69.99999999999998579 ) ) ;
#10975 = CARTESIAN_POINT ( 'NONE',  ( 28.43660512957057662, 66.00000000000000000, 6.499999999999996447 ) ) ;
#10976 = VECTOR ( 'NONE', #7950, 1000.000000000000000 ) ;
#10977 = ADVANCED_FACE ( 'NONE', ( #7442 ), #4476, .F. ) ;
#10978 = CARTESIAN_POINT ( 'NONE',  ( 29.33956106112634643, -35.75089393306192420, 112.0000000000000000 ) ) ;
#10979 = AXIS2_PLACEMENT_3D ( 'NONE', #4832, #4905, #8856 ) ;
#10980 = DIRECTION ( 'NONE',  ( 0.000000000000000000, 0.000000000000000000, 1.000000000000000000 ) ) ;
#10981 = CYLINDRICAL_SURFACE ( 'NONE', #8417, 6.800000000000007816 ) ;
#10982 = CARTESIAN_POINT ( 'NONE',  ( -45.50000000000000711, 0.000000000000000000, 71.04999999999996874 ) ) ;
#10983 = EDGE_CURVE ( 'NONE', #11210, #11810, #6874, .T. ) ;
#10984 = CARTESIAN_POINT ( 'NONE',  ( 42.42640687119276777, -42.42640687119292409, -18.00000000000000355 ) ) ;
#10985 = EDGE_CURVE ( 'NONE', #12842, #3226, #3425, .T. ) ;
#10986 = ORIENTED_EDGE ( 'NONE', *, *, #9902, .F. ) ;
#10987 = DIRECTION ( 'NONE',  ( -1.156482317317871478E-16, -0.000000000000000000, 1.000000000000000000 ) ) ;
#10988 = VECTOR ( 'NONE', #11286, 1000.000000000000000 ) ;
#10989 = EDGE_LOOP ( 'NONE', ( #12608, #9756, #6070, #2480 ) ) ;
#10990 = VERTEX_POINT ( 'NONE', #7309 ) ;
#10991 = AXIS2_PLACEMENT_3D ( 'NONE', #5092, #7125, #3178 ) ;
#10992 = CARTESIAN_POINT ( 'NONE',  ( 0.000000000000000000, 114.0000000000000000, 0.5000000000000004441 ) ) ;
#10993 = EDGE_CURVE ( 'NONE', #12270, #5485, #11448, .T. ) ;
#10994 = CARTESIAN_POINT ( 'NONE',  ( -45.82640687119306477, 42.42640687119262566, 0.000000000000000000 ) ) ;
#10995 = EDGE_CURVE ( 'NONE', #7696, #7363, #10829, .T. ) ;
#10996 = CIRCLE ( 'NONE', #3231, 47.00000000000000000 ) ;
#10997 = CARTESIAN_POINT ( 'NONE',  ( 0.000000000000000000, 114.0000000000000000, 14.20569654897112244 ) ) ;
#10998 = DIRECTION ( 'NONE',  ( 0.000000000000000000, 0.000000000000000000, -1.000000000000000000 ) ) ;
#10999 = AXIS2_PLACEMENT_3D ( 'NONE', #1375, #7541, #10500 ) ;
#11000 = FACE_OUTER_BOUND ( 'NONE', #3188, .T. ) ;
#11001 = EDGE_LOOP ( 'NONE', ( #12530, #12808 ) ) ;
#11002 = CARTESIAN_POINT ( 'NONE',  ( -38.17640687119307330, 71.57359312880737434, -77.00000000000000000 ) ) ;
#11003 = DIRECTION ( 'NONE',  ( 0.1358808089250893303, -0.9907251918498203302, 0.000000000000000000 ) ) ;
#11004 = VERTEX_POINT ( 'NONE', #6457 ) ;
#11005 = DIRECTION ( 'NONE',  ( -0.000000000000000000, -0.000000000000000000, 1.000000000000000000 ) ) ;
#11006 = CLOSED_SHELL ( 'NONE', ( #3173, #2621, #6523, #11487 ) ) ;
#11007 = ORIENTED_EDGE ( 'NONE', *, *, #4490, .F. ) ;
#11008 = DIRECTION ( 'NONE',  ( -0.000000000000000000, -0.000000000000000000, -1.000000000000000000 ) ) ;
#11009 = EDGE_CURVE ( 'NONE', #5759, #2231, #988, .T. ) ;
#11010 = FACE_OUTER_BOUND ( 'NONE', #7629, .T. ) ;
#11011 = EDGE_CURVE ( 'NONE', #12813, #1222, #8754, .T. ) ;
#11012 = FACE_OUTER_BOUND ( 'NONE', #10818, .T. ) ;
#11013 = VERTEX_POINT ( 'NONE', #8360 ) ;
#11014 = DIRECTION ( 'NONE',  ( 0.000000000000000000, 0.000000000000000000, -1.000000000000000000 ) ) ;
#11015 = CARTESIAN_POINT ( 'NONE',  ( 0.000000000000000000, 114.0000000000000000, -69.99999999999998579 ) ) ;
#11016 = ORIENTED_EDGE ( 'NONE', *, *, #10699, .F. ) ;
#11017 = DIRECTION ( 'NONE',  ( 0.000000000000000000, 1.000000000000000000, 0.000000000000000000 ) ) ;
#11018 = VERTEX_POINT ( 'NONE', #6257 ) ;
#11019 = CARTESIAN_POINT ( 'NONE',  ( -400000.0000000000582, 61.99999999995498001, -72.00000000000001421 ) ) ;
#11020 = ORIENTED_EDGE ( 'NONE', *, *, #6043, .T. ) ;
#11021 = ORIENTED_EDGE ( 'NONE', *, *, #934, .F. ) ;
#11022 = DIRECTION ( 'NONE',  ( -0.000000000000000000, 0.000000000000000000, -1.000000000000000000 ) ) ;
#11023 = CARTESIAN_POINT ( 'NONE',  ( -30.85709361942888407, 78.54806389826077861, 62.93607486307095655 ) ) ;
#11024 = EDGE_CURVE ( 'NONE', #10990, #1126, #1429, .T. ) ;
#11025 = DIRECTION ( 'NONE',  ( -1.000000000000000000, 0.000000000000000000, 0.000000000000000000 ) ) ;
#11026 = CYLINDRICAL_SURFACE ( 'NONE', #2303, 6.499999999999999112 ) ;
#11027 = LINE ( 'NONE', #12080, #7229 ) ;
#11028 = ORIENTED_EDGE ( 'NONE', *, *, #3717, .F. ) ;
#11029 = DIRECTION ( 'NONE',  ( 0.000000000000000000, 1.000000000000000000, 0.000000000000000000 ) ) ;
#11030 = DIRECTION ( 'NONE',  ( 1.000000000000000000, 0.000000000000000000, -0.000000000000000000 ) ) ;
#11031 = CARTESIAN_POINT ( 'NONE',  ( 26.17625000000000313, 114.0000000000000000, -57.50000000000000000 ) ) ;
#11032 = CARTESIAN_POINT ( 'NONE',  ( -51.50000000000000711, 1.561251128379126385E-14, 25.29999999999998295 ) ) ;
#11033 = DIRECTION ( 'NONE',  ( -0.000000000000000000, -0.000000000000000000, 1.000000000000000000 ) ) ;
#11034 = ORIENTED_EDGE ( 'NONE', *, *, #8002, .F. ) ;
#11035 = DIRECTION ( 'NONE',  ( 1.000000000000000000, 0.000000000000000000, 0.000000000000000000 ) ) ;
#11036 = ADVANCED_FACE ( 'NONE', ( #9532 ), #1337, .F. ) ;
#11037 = CARTESIAN_POINT ( 'NONE',  ( -22.39999999999999858, 114.0000000000000000, -50.32679491924312032 ) ) ;
#11038 = DIRECTION ( 'NONE',  ( 2.001604010742470009E-16, -1.000000000000000000, 0.000000000000000000 ) ) ;
#11039 = EDGE_LOOP ( 'NONE', ( #7024, #12000, #929, #5887 ) ) ;
#11040 = EDGE_CURVE ( 'NONE', #4135, #11331, #10858, .T. ) ;
#11041 = EDGE_LOOP ( 'NONE', ( #5301, #8966, #6483, #6695 ) ) ;
#11042 = DIRECTION ( 'NONE',  ( 1.000000000000000000, 0.000000000000000000, 0.000000000000000000 ) ) ;
#11043 = CARTESIAN_POINT ( 'NONE',  ( 4.000000000000006217, 114.0000000000000000, -49.00000000000000000 ) ) ;
#11044 = ORIENTED_EDGE ( 'NONE', *, *, #9219, .F. ) ;
#11045 = AXIS2_PLACEMENT_3D ( 'NONE', #4439, #2656, #8584 ) ;
#11046 = DIRECTION ( 'NONE',  ( -0.000000000000000000, -0.000000000000000000, -1.000000000000000000 ) ) ;
#11047 = EDGE_LOOP ( 'NONE', ( #9818, #12677, #9303, #3515 ) ) ;
#11048 = VERTEX_POINT ( 'NONE', #11380 ) ;
#11049 = AXIS2_PLACEMENT_3D ( 'NONE', #3715, #10692, #758 ) ;
#11050 = FACE_OUTER_BOUND ( 'NONE', #2859, .T. ) ;
#11051 = CARTESIAN_POINT ( 'NONE',  ( 0.000000000000000000, 114.0000000000000000, -61.23237503977025398 ) ) ;
#11052 = EDGE_CURVE ( 'NONE', #9620, #5463, #5414, .T. ) ;
#11053 = EDGE_CURVE ( 'NONE', #12991, #9210, #4755, .T. ) ;
#11054 = PLANE ( 'NONE',  #8555 ) ;
#11055 = VECTOR ( 'NONE', #3819, 1000.000000000000000 ) ;
#11056 = AXIS2_PLACEMENT_3D ( 'NONE', #3880, #6732, #9671 ) ;
#11057 = FACE_OUTER_BOUND ( 'NONE', #514, .T. ) ;
#11058 = CARTESIAN_POINT ( 'NONE',  ( 0.000000000000000000, 114.0000000000000000, 0.5000000000000004441 ) ) ;
#11059 = ORIENTED_EDGE ( 'NONE', *, *, #10080, .T. ) ;
#11060 = DIRECTION ( 'NONE',  ( -1.000000000000000000, 0.000000000000000000, 0.000000000000000000 ) ) ;
#11061 = CARTESIAN_POINT ( 'NONE',  ( -51.50000000000000711, -6.301806461634196665, 39.29999999999996874 ) ) ;
#11062 = ADVANCED_FACE ( 'NONE', ( #12296, #6394 ), #10324, .F. ) ;
#11063 = ORIENTED_EDGE ( 'NONE', *, *, #9946, .F. ) ;
#11064 = FACE_OUTER_BOUND ( 'NONE', #2536, .T. ) ;
#11065 = CIRCLE ( 'NONE', #12115, 4.250000000000003553 ) ;
#11066 = B_SPLINE_CURVE_WITH_KNOTS ( 'NONE', 3,
 ( #3883, #12774, #5811, #4873 ),
 .UNSPECIFIED., .F., .F.,
 ( 4, 4 ),
 ( 0.000000000000000000, 0.1032883562482993511 ),
 .UNSPECIFIED. ) ;
#11067 = VECTOR ( 'NONE', #9966, 1000.000000000000000 ) ;
#11068 = ORIENTED_EDGE ( 'NONE', *, *, #4577, .T. ) ;
#11069 = EDGE_CURVE ( 'NONE', #9210, #11662, #146, .T. ) ;
#11070 = CARTESIAN_POINT ( 'NONE',  ( 30.77624999999999744, 114.0000000000000000, -57.50000000000000000 ) ) ;
#11071 = ADVANCED_FACE ( 'NONE', ( #12012 ), #358, .F. ) ;
#11072 = LINE ( 'NONE', #2063, #6448 ) ;
#11073 = VERTEX_POINT ( 'NONE', #2566 ) ;
#11074 = ORIENTED_EDGE ( 'NONE', *, *, #5607, .T. ) ;
#11075 = LINE ( 'NONE', #1084, #4952 ) ;
#11076 = DIRECTION ( 'NONE',  ( -0.000000000000000000, -0.000000000000000000, 1.000000000000000000 ) ) ;
#11077 = ORIENTED_EDGE ( 'NONE', *, *, #9219, .T. ) ;
#11078 = ORIENTED_EDGE ( 'NONE', *, *, #8485, .F. ) ;
#11079 = FACE_OUTER_BOUND ( 'NONE', #2909, .T. ) ;
#11080 = EDGE_CURVE ( 'NONE', #9225, #83, #8925, .T. ) ;
#11081 = ORIENTED_EDGE ( 'NONE', *, *, #12025, .F. ) ;
#11082 = DIRECTION ( 'NONE',  ( 1.000000000000000000, 1.334402673828311121E-16, -0.000000000000000000 ) ) ;
#11083 = EDGE_LOOP ( 'NONE', ( #6955, #1576, #940, #7492 ) ) ;
#11084 = DIRECTION ( 'NONE',  ( 1.000000000000000000, 0.000000000000000000, 0.000000000000000000 ) ) ;
#11085 = CARTESIAN_POINT ( 'NONE',  ( -35.75089393306191710, -29.33956106112635354, 10.00000000000000000 ) ) ;
#11086 = FACE_OUTER_BOUND ( 'NONE', #12285, .T. ) ;
#11087 = PLANE ( 'NONE',  #5392 ) ;
#11088 = CIRCLE ( 'NONE', #11921, 37.49999999999999289 ) ;
#11089 = AXIS2_PLACEMENT_3D ( 'NONE', #8933, #4671, #10665 ) ;
#11090 = PLANE ( 'NONE',  #527 ) ;
#11091 = CARTESIAN_POINT ( 'NONE',  ( 42.42640687119285303, 42.42640687119286724, 10.00099999999999945 ) ) ;
#11092 = DIRECTION ( 'NONE',  ( 0.000000000000000000, 0.000000000000000000, 1.000000000000000000 ) ) ;
#11093 = EDGE_CURVE ( 'NONE', #442, #9332, #7715, .T. ) ;
#11094 = LINE ( 'NONE', #3267, #603 ) ;
#11095 = DIRECTION ( 'NONE',  ( -0.000000000000000000, -0.000000000000000000, 1.000000000000000000 ) ) ;
#11096 = EDGE_CURVE ( 'NONE', #9078, #3658, #3855, .T. ) ;
#11097 = FACE_OUTER_BOUND ( 'NONE', #5665, .T. ) ;
#11098 = ORIENTED_EDGE ( 'NONE', *, *, #424, .F. ) ;
#11099 = AXIS2_PLACEMENT_3D ( 'NONE', #10713, #12812, #4772 ) ;
#11100 = VECTOR ( 'NONE', #8110, 1000.000000000000000 ) ;
#11101 = CARTESIAN_POINT ( 'NONE',  ( 0.000000000000000000, 114.0000000000000000, 10.49999999999999467 ) ) ;
#11102 = CIRCLE ( 'NONE', #7112, 9.500000000000001776 ) ;
#11103 = DIRECTION ( 'NONE',  ( 0.000000000000000000, 0.000000000000000000, -1.000000000000000000 ) ) ;
#11104 = FACE_OUTER_BOUND ( 'NONE', #7931, .T. ) ;
#11105 = ORIENTED_EDGE ( 'NONE', *, *, #7018, .F. ) ;
#11106 = AXIS2_PLACEMENT_3D ( 'NONE', #5885, #4808, #3042 ) ;
#11107 = DIRECTION ( 'NONE',  ( 0.9907251918498221066, -0.1358808089250767570, 0.000000000000000000 ) ) ;
#11108 = CARTESIAN_POINT ( 'NONE',  ( 0.000000000000000000, 114.0000000000000000, -24.00000000000000711 ) ) ;
#11109 = EDGE_CURVE ( 'NONE', #3435, #9925, #7870, .T. ) ;
#11110 = ORIENTED_EDGE ( 'NONE', *, *, #7875, .F. ) ;
#11111 = CARTESIAN_POINT ( 'NONE',  ( -36.77000000000001023, 36.76999999999996049, 112.0000000000000000 ) ) ;
#11112 = ORIENTED_EDGE ( 'NONE', *, *, #8123, .T. ) ;
#11113 = ORIENTED_EDGE ( 'NONE', *, *, #12805, .T. ) ;
#11114 = DIRECTION ( 'NONE',  ( 0.8571673007021114454, 0.000000000000000000, 0.5150380749100555988 ) ) ;
#11115 = VECTOR ( 'NONE', #11392, 1000.000000000000000 ) ;
#11116 = DIRECTION ( 'NONE',  ( 0.000000000000000000, 0.000000000000000000, -1.000000000000000000 ) ) ;
#11117 = CARTESIAN_POINT ( 'NONE',  ( -4.000000000000000888, 125.8427192823270104, -79.00000000000000000 ) ) ;
#11118 = CARTESIAN_POINT ( 'NONE',  ( -29.33956106112634288, 35.75089393306190289, 73.39999999999997726 ) ) ;
#11119 = FACE_OUTER_BOUND ( 'NONE', #9350, .T. ) ;
#11120 = AXIS2_PLACEMENT_3D ( 'NONE', #5111, #8926, #10965 ) ;
#11121 = EDGE_LOOP ( 'NONE', ( #12292, #11028 ) ) ;
#11122 = AXIS2_PLACEMENT_3D ( 'NONE', #1491, #7406, #8577 ) ;
#11123 = DIRECTION ( 'NONE',  ( -1.224646799147353207E-16, 1.000000000000000000, 0.000000000000000000 ) ) ;
#11124 = EDGE_CURVE ( 'NONE', #4523, #5803, #966, .T. ) ;
#11125 = VERTEX_POINT ( 'NONE', #11874 ) ;
#11126 = DIRECTION ( 'NONE',  ( 0.000000000000000000, 0.000000000000000000, -1.000000000000000000 ) ) ;
#11127 = VERTEX_POINT ( 'NONE', #6035 ) ;
#11128 = EDGE_LOOP ( 'NONE', ( #11791, #6691, #6914, #8168, #9618, #3690, #5906, #4564 ) ) ;
#11129 = CARTESIAN_POINT ( 'NONE',  ( -42.42640687119306619, 42.42640687119262566, -1.102182119232617788E-16 ) ) ;
#11130 = ORIENTED_EDGE ( 'NONE', *, *, #13011, .F. ) ;
#11131 = PLANE ( 'NONE',  #2849 ) ;
#11132 = VECTOR ( 'NONE', #81, 1000.000000000000000 ) ;
#11133 = EDGE_CURVE ( 'NONE', #11866, #3023, #7809, .T. ) ;
#11134 = ORIENTED_EDGE ( 'NONE', *, *, #5072, .F. ) ;
#11135 = ORIENTED_EDGE ( 'NONE', *, *, #9708, .T. ) ;
#11136 = FACE_BOUND ( 'NONE', #2843, .T. ) ;
#11137 = DIRECTION ( 'NONE',  ( 0.000000000000000000, 0.000000000000000000, -1.000000000000000000 ) ) ;
#11138 = CIRCLE ( 'NONE', #6539, 6.499999999999999112 ) ;
#11139 = ORIENTED_EDGE ( 'NONE', *, *, #13001, .T. ) ;
#11140 = CARTESIAN_POINT ( 'NONE',  ( 0.000000000000000000, 114.0000000000000000, -66.32679491924312742 ) ) ;
#11141 = EDGE_CURVE ( 'NONE', #1555, #4090, #5802, .T. ) ;
#11142 = ORIENTED_EDGE ( 'NONE', *, *, #9474, .T. ) ;
#11143 = DIRECTION ( 'NONE',  ( -0.000000000000000000, -0.000000000000000000, 1.000000000000000000 ) ) ;
#11144 = AXIS2_PLACEMENT_3D ( 'NONE', #466, #11641, #2623 ) ;
#11145 = ORIENTED_EDGE ( 'NONE', *, *, #12075, .T. ) ;
#11146 = ORIENTED_EDGE ( 'NONE', *, *, #10016, .F. ) ;
#11147 = DIRECTION ( 'NONE',  ( 1.000000000000000000, 4.383625018638762535E-16, 0.000000000000000000 ) ) ;
#11148 = DIRECTION ( 'NONE',  ( 0.000000000000000000, -1.000000000000000000, 0.000000000000000000 ) ) ;
#11149 = FACE_BOUND ( 'NONE', #10945, .T. ) ;
#11150 = LINE ( 'NONE', #2145, #11498 ) ;
#11151 = EDGE_CURVE ( 'NONE', #6680, #7816, #115, .T. ) ;
#11152 = ADVANCED_FACE ( 'NONE', ( #5044 ), #12804, .T. ) ;
#11153 = AXIS2_PLACEMENT_3D ( 'NONE', #840, #7878, #9771 ) ;
#11154 = APPLICATION_PROTOCOL_DEFINITION ( 'international standard', 'config_control_design', 1994, #10838 ) ;
#11155 = CIRCLE ( 'NONE', #3391, 1.249999999999997558 ) ;
#11156 = DIRECTION ( 'NONE',  ( -3.265361837132810431E-15, 1.000000000000000000, 0.000000000000000000 ) ) ;
#11157 = VERTEX_POINT ( 'NONE', #6951 ) ;
#11158 = DIRECTION ( 'NONE',  ( 0.000000000000000000, 0.000000000000000000, -1.000000000000000000 ) ) ;
#11159 = VERTEX_POINT ( 'NONE', #5910 ) ;
#11160 = CARTESIAN_POINT ( 'NONE',  ( -4.000000000000000888, 126.4505859325203687, 10.49999999999999467 ) ) ;
#11161 = CARTESIAN_POINT ( 'NONE',  ( 29.33956106112634643, -35.75089393306192420, 112.0000000000000000 ) ) ;
#11162 = DIRECTION ( 'NONE',  ( 0.000000000000000000, 0.000000000000000000, -1.000000000000000000 ) ) ;
#11163 = DIRECTION ( 'NONE',  ( 0.000000000000000000, 0.000000000000000000, -1.000000000000000000 ) ) ;
#11164 = AXIS2_PLACEMENT_3D ( 'NONE', #7204, #6212, #5235 ) ;
#11165 = AXIS2_PLACEMENT_3D ( 'NONE', #4336, #11989, #10192 ) ;
#11166 = VERTEX_POINT ( 'NONE', #1829 ) ;
#11167 = CARTESIAN_POINT ( 'NONE',  ( -23.50000000000000000, 114.0000000000000000, -50.50000000000000000 ) ) ;
#11168 = ADVANCED_FACE ( 'NONE', ( #41, #10963 ), #9901, .F. ) ;
#11169 = EDGE_CURVE ( 'NONE', #2632, #6486, #4050, .T. ) ;
#11170 = CARTESIAN_POINT ( 'NONE',  ( -52.00000000002091838, 68.50000000002864908, -67.00000000000000000 ) ) ;
#11171 = FACE_OUTER_BOUND ( 'NONE', #8206, .T. ) ;
#11172 = ORIENTED_EDGE ( 'NONE', *, *, #6584, .F. ) ;
#11173 = CIRCLE ( 'NONE', #7817, 20.00000000000000000 ) ;
#11174 = CIRCLE ( 'NONE', #5527, 12.50000000000000000 ) ;
#11175 = CARTESIAN_POINT ( 'NONE',  ( -30.85709361942888407, 78.54806389826077861, -72.00000000000001421 ) ) ;
#11176 = DIRECTION ( 'NONE',  ( 1.000000000000000000, 0.000000000000000000, 0.000000000000000000 ) ) ;
#11177 = ORIENTED_EDGE ( 'NONE', *, *, #10371, .F. ) ;
#11178 = FACE_OUTER_BOUND ( 'NONE', #6556, .T. ) ;
#11179 = ORIENTED_EDGE ( 'NONE', *, *, #5393, .F. ) ;
#11180 = ORIENTED_EDGE ( 'NONE', *, *, #7003, .T. ) ;
#11181 = DIRECTION ( 'NONE',  ( 0.000000000000000000, 0.000000000000000000, -1.000000000000000000 ) ) ;
#11182 = AXIS2_PLACEMENT_3D ( 'NONE', #451, #1510, #645 ) ;
#11183 = CARTESIAN_POINT ( 'NONE',  ( -51.50000000000000711, 12.81007243446770438, 54.53947840943259706 ) ) ;
#11184 = ADVANCED_FACE ( 'NONE', ( #5841 ), #2802, .F. ) ;
#11185 = CARTESIAN_POINT ( 'NONE',  ( 26.75000000000000355, 114.0000000000000000, -44.90443948822942843 ) ) ;
#11186 = DIRECTION ( 'NONE',  ( 1.000000000000000000, 0.000000000000000000, 0.000000000000000000 ) ) ;
#11187 = CIRCLE ( 'NONE', #1556, 5.000000000000000000 ) ;
#11188 = PLANE ( 'NONE',  #4799 ) ;
#11189 = AXIS2_PLACEMENT_3D ( 'NONE', #2936, #6102, #7025 ) ;
#11190 = AXIS2_PLACEMENT_3D ( 'NONE', #3327, #9114, #4049 ) ;
#11191 = EDGE_LOOP ( 'NONE', ( #6150, #12123 ) ) ;
#11192 = CYLINDRICAL_SURFACE ( 'NONE', #7530, 6.499999999999999112 ) ;
#11193 = LINE ( 'NONE', #2181, #11115 ) ;
#11194 = ORIENTED_EDGE ( 'NONE', *, *, #6970, .T. ) ;
#11195 = CARTESIAN_POINT ( 'NONE',  ( -28.43660512956202169, 72.00000000000001421, 6.499999999999996447 ) ) ;
#11196 = ORIENTED_EDGE ( 'NONE', *, *, #9217, .T. ) ;
#11197 = ORIENTED_EDGE ( 'NONE', *, *, #9486, .T. ) ;
#11198 = CIRCLE ( 'NONE', #6797, 4.250000000000003553 ) ;
#11199 = DIRECTION ( 'NONE',  ( -0.000000000000000000, -0.000000000000000000, 1.000000000000000000 ) ) ;
#11200 = VECTOR ( 'NONE', #8350, 1000.000000000000000 ) ;
#11201 = DIRECTION ( 'NONE',  ( 0.9952960783230360153, -0.05006446461285145311, 0.08294133986024963823 ) ) ;
#11202 = CIRCLE ( 'NONE', #1765, 22.50000000000000355 ) ;
#11203 = ORIENTED_EDGE ( 'NONE', *, *, #2788, .T. ) ;
#11204 = DIRECTION ( 'NONE',  ( -0.000000000000000000, -0.000000000000000000, 1.000000000000000000 ) ) ;
#11205 = AXIS2_PLACEMENT_3D ( 'NONE', #8591, #9630, #2789 ) ;
#11206 = DIRECTION ( 'NONE',  ( 0.000000000000000000, 0.000000000000000000, -1.000000000000000000 ) ) ;
#11207 = CIRCLE ( 'NONE', #5557, 6.800000000000000711 ) ;
#11208 = VERTEX_POINT ( 'NONE', #12998 ) ;
#11209 = CARTESIAN_POINT ( 'NONE',  ( -42.42640687119276777, 156.4264068711929383, -72.00000000000001421 ) ) ;
#11210 = VERTEX_POINT ( 'NONE', #7020 ) ;
#11211 = ADVANCED_FACE ( 'NONE', ( #3985 ), #770, .T. ) ;
#11212 = CARTESIAN_POINT ( 'NONE',  ( 29.33956106112634643, -35.75089393306192420, 10.00000000000000000 ) ) ;
#11213 = VECTOR ( 'NONE', #7476, 1000.000000000000114 ) ;
#11214 = ORIENTED_EDGE ( 'NONE', *, *, #595, .T. ) ;
#11215 = DIRECTION ( 'NONE',  ( -0.000000000000000000, -0.000000000000000000, 1.000000000000000000 ) ) ;
#11216 = CARTESIAN_POINT ( 'NONE',  ( 52.00000000000002132, 52.00000000000002842, 10.00000000000000000 ) ) ;
#11217 = CARTESIAN_POINT ( 'NONE',  ( -59.00000000000000000, 8.540273170678133852, 68.75831212841542595 ) ) ;
#11218 = DIRECTION ( 'NONE',  ( 0.000000000000000000, 0.000000000000000000, -1.000000000000000000 ) ) ;
#11219 = ORIENTED_EDGE ( 'NONE', *, *, #2223, .F. ) ;
#11220 = EDGE_CURVE ( 'NONE', #1212, #5818, #4243, .T. ) ;
#11221 = DIRECTION ( 'NONE',  ( -0.000000000000000000, -0.000000000000000000, 1.000000000000000000 ) ) ;
#11222 = CARTESIAN_POINT ( 'NONE',  ( 42.42640687119285303, 46.67640687119287435, 10.00099999999999945 ) ) ;
#11223 = ORIENTED_EDGE ( 'NONE', *, *, #7875, .T. ) ;
#11224 = DIRECTION ( 'NONE',  ( -0.000000000000000000, -0.000000000000000000, -1.000000000000000000 ) ) ;
#11225 = ORIENTED_EDGE ( 'NONE', *, *, #8821, .F. ) ;
#11226 = FACE_OUTER_BOUND ( 'NONE', #1333, .T. ) ;
#11227 = CARTESIAN_POINT ( 'NONE',  ( -38.20000000000000995, 22.13999999999996859, 112.0000000000000000 ) ) ;
#11228 = CARTESIAN_POINT ( 'NONE',  ( -52.00000000000005684, 165.9999999999999716, 0.000000000000000000 ) ) ;
#11229 = EDGE_CURVE ( 'NONE', #6917, #5248, #9798, .T. ) ;
#11230 = EDGE_CURVE ( 'NONE', #11819, #671, #10008, .T. ) ;
#11231 = FACE_OUTER_BOUND ( 'NONE', #10742, .T. ) ;
#11232 = DIRECTION ( 'NONE',  ( -1.000000000000000000, 0.000000000000000000, 0.000000000000000000 ) ) ;
#11233 = EDGE_LOOP ( 'NONE', ( #12861, #6208, #11130, #6754 ) ) ;
#11234 = LINE ( 'NONE', #10978, #4984 ) ;
#11235 = CYLINDRICAL_SURFACE ( 'NONE', #241, 12.50000000000000000 ) ;
#11236 = ORIENTED_EDGE ( 'NONE', *, *, #10510, .T. ) ;
#11237 = CYLINDRICAL_SURFACE ( 'NONE', #4520, 4.250000000000003553 ) ;
#11238 = AXIS2_PLACEMENT_3D ( 'NONE', #10602, #8364, #602 ) ;
#11239 = DIRECTION ( 'NONE',  ( -1.000000000000000000, 0.000000000000000000, 0.000000000000000000 ) ) ;
#11240 = ORIENTED_EDGE ( 'NONE', *, *, #37, .T. ) ;
#11241 = CARTESIAN_POINT ( 'NONE',  ( 45.50000000000002842, 68.49999999999998579, -313.5367466867102166 ) ) ;
#11242 = ADVANCED_FACE ( 'NONE', ( #6095 ), #12076, .F. ) ;
#11243 = ORIENTED_EDGE ( 'NONE', *, *, #612, .F. ) ;
#11244 = ORIENTED_EDGE ( 'NONE', *, *, #6193, .F. ) ;
#11245 = DIRECTION ( 'NONE',  ( 1.000000000000000000, 0.000000000000000000, 0.000000000000000000 ) ) ;
#11246 = CARTESIAN_POINT ( 'NONE',  ( 0.000000000000000000, 0.000000000000000000, -2.000000000000001776 ) ) ;
#11247 = CIRCLE ( 'NONE', #12086, 28.08750000000000213 ) ;
#11248 = CARTESIAN_POINT ( 'NONE',  ( 45.49999999999994316, 165.9999999999999716, 11.50000000000001066 ) ) ;
#11249 = LINE ( 'NONE', #6002, #986 ) ;
#11250 = VECTOR ( 'NONE', #8322, 1000.000000000000000 ) ;
#11251 = DIRECTION ( 'NONE',  ( -1.000000000000000000, 0.000000000000000000, 0.000000000000000000 ) ) ;
#11252 = ORIENTED_EDGE ( 'NONE', *, *, #10995, .T. ) ;
#11253 = CARTESIAN_POINT ( 'NONE',  ( -45.00000000000000711, 45.00000000000000000, 10.00000000000000000 ) ) ;
#11254 = CARTESIAN_POINT ( 'NONE',  ( -51.49999999999993605, -11.83595217003050060, 65.35802719681957740 ) ) ;
#11255 = EDGE_CURVE ( 'NONE', #5159, #5340, #7146, .T. ) ;
#11256 = ORIENTED_EDGE ( 'NONE', *, *, #7538, .F. ) ;
#11257 = CARTESIAN_POINT ( 'NONE',  ( -34.50000000000000711, 114.0000000000000000, -63.50000000000000000 ) ) ;
#11258 = VECTOR ( 'NONE', #6751, 1000.000000000000000 ) ;
#11259 = CARTESIAN_POINT ( 'NONE',  ( -29.33956106112635354, 35.75089393306190289, 19.59999999999999076 ) ) ;
#11260 = CARTESIAN_POINT ( 'NONE',  ( 0.000000000000000000, 114.0000000000000000, 14.20569654897112244 ) ) ;
#11261 = ORIENTED_EDGE ( 'NONE', *, *, #4229, .T. ) ;
#11262 = AXIS2_PLACEMENT_3D ( 'NONE', #686, #5813, #8701 ) ;
#11263 = FACE_OUTER_BOUND ( 'NONE', #20, .T. ) ;
#11264 = PLANE ( 'NONE',  #10475 ) ;
#11265 = AXIS2_PLACEMENT_3D ( 'NONE', #3036, #1270, #4140 ) ;
#11266 = ORIENTED_EDGE ( 'NONE', *, *, #1008, .F. ) ;
#11267 = DIRECTION ( 'NONE',  ( -1.541976423090494894E-16, -0.000000000000000000, 1.000000000000000000 ) ) ;
#11268 = AXIS2_PLACEMENT_3D ( 'NONE', #7972, #10998, #10926 ) ;
#11269 = AXIS2_PLACEMENT_3D ( 'NONE', #11719, #8755, #5687 ) ;
#11270 = EDGE_CURVE ( 'NONE', #11127, #10484, #11150, .T. ) ;
#11271 = ORIENTED_EDGE ( 'NONE', *, *, #5410, .F. ) ;
#11272 = EDGE_LOOP ( 'NONE', ( #5242, #12588, #9294, #11303 ) ) ;
#11273 = CARTESIAN_POINT ( 'NONE',  ( -19.90000000000000213, 114.0000000000000000, -65.50000000000000000 ) ) ;
#11274 = AXIS2_PLACEMENT_3D ( 'NONE', #8657, #5902, #5832 ) ;
#11275 = LINE ( 'NONE', #3393, #9068 ) ;
#11276 = CYLINDRICAL_SURFACE ( 'NONE', #11279, 6.499999999999999112 ) ;
#11277 = VERTEX_POINT ( 'NONE', #8261 ) ;
#11278 = LINE ( 'NONE', #8260, #1966 ) ;
#11279 = AXIS2_PLACEMENT_3D ( 'NONE', #7141, #5236, #12261 ) ;
#11280 = CARTESIAN_POINT ( 'NONE',  ( 0.000000000000000000, 114.0000000000000000, -21.09556051177057867 ) ) ;
#11281 = AXIS2_PLACEMENT_3D ( 'NONE', #12376, #1279, #6268 ) ;
#11282 = ORIENTED_EDGE ( 'NONE', *, *, #9235, .T. ) ;
#11283 = DIRECTION ( 'NONE',  ( -0.1358808089250893303, 0.9907251918498203302, 0.000000000000000000 ) ) ;
#11284 = CARTESIAN_POINT ( 'NONE',  ( -33.46500000000000341, 114.0000000000000000, -63.50000000000000000 ) ) ;
#11285 = ORIENTED_EDGE ( 'NONE', *, *, #2111, .F. ) ;
#11286 = DIRECTION ( 'NONE',  ( -0.000000000000000000, -0.000000000000000000, 1.000000000000000000 ) ) ;
#11287 = ORIENTED_EDGE ( 'NONE', *, *, #424, .T. ) ;
#11288 = DIRECTION ( 'NONE',  ( 1.334402673828310381E-16, -1.000000000000000000, 0.000000000000000000 ) ) ;
#11289 = PLANE ( 'NONE',  #9619 ) ;
#11290 = CARTESIAN_POINT ( 'NONE',  ( 35.75089393306191710, 29.33956106112633933, 53.29999999999999005 ) ) ;
#11291 = EDGE_CURVE ( 'NONE', #6758, #1234, #7507, .T. ) ;
#11292 = CARTESIAN_POINT ( 'NONE',  ( 0.000000000000000000, 114.0000000000000000, -1.500000000000011768 ) ) ;
#11293 = EDGE_CURVE ( 'NONE', #5913, #124, #1809, .T. ) ;
#11294 = DIRECTION ( 'NONE',  ( -0.000000000000000000, -0.000000000000000000, 1.000000000000000000 ) ) ;
#11295 = ORIENTED_EDGE ( 'NONE', *, *, #3749, .T. ) ;
#11296 = CIRCLE ( 'NONE', #7103, 26.75000000000000000 ) ;
#11297 = CARTESIAN_POINT ( 'NONE',  ( 1.279532035880491966E-14, 113.9999999999999432, -74.50000000000000000 ) ) ;
#11298 = ADVANCED_FACE ( 'NONE', ( #8191 ), #2642, .F. ) ;
#11299 = CARTESIAN_POINT ( 'NONE',  ( -28.08750000000000213, 114.0000000000000000, -44.90443948822942843 ) ) ;
#11300 = ORIENTED_EDGE ( 'NONE', *, *, #6828, .T. ) ;
#11301 = DIRECTION ( 'NONE',  ( 0.000000000000000000, 1.000000000000000000, 0.000000000000000000 ) ) ;
#11302 = CARTESIAN_POINT ( 'NONE',  ( -12.50000000000000000, 114.0000000000000000, 14.20569654897112244 ) ) ;
#11303 = ORIENTED_EDGE ( 'NONE', *, *, #9750, .T. ) ;
#11304 = AXIS2_PLACEMENT_3D ( 'NONE', #8481, #12550, #6519 ) ;
#11305 = DIRECTION ( 'NONE',  ( -1.156482317317871478E-16, -0.000000000000000000, 1.000000000000000000 ) ) ;
#11306 = CIRCLE ( 'NONE', #5659, 7.499999999999985789 ) ;
#11307 = EDGE_CURVE ( 'NONE', #3244, #6349, #10098, .T. ) ;
#11308 = ORIENTED_EDGE ( 'NONE', *, *, #3934, .T. ) ;
#11309 = ORIENTED_EDGE ( 'NONE', *, *, #3339, .F. ) ;
#11310 = CYLINDRICAL_SURFACE ( 'NONE', #11572, 28.08750000000000213 ) ;
#11311 = DIRECTION ( 'NONE',  ( -1.000000000000000000, 0.000000000000000000, 0.000000000000000000 ) ) ;
#11312 = DIRECTION ( 'NONE',  ( 0.000000000000000000, 0.000000000000000000, -1.000000000000000000 ) ) ;
#11313 = DIRECTION ( 'NONE',  ( -0.000000000000000000, -0.000000000000000000, 1.000000000000000000 ) ) ;
#11314 = AXIS2_PLACEMENT_3D ( 'NONE', #5083, #11003, #11984 ) ;
#11315 = ADVANCED_FACE ( 'NONE', ( #5374 ), #11087, .T. ) ;
#11316 = AXIS2_PLACEMENT_3D ( 'NONE', #11467, #7721, #8636 ) ;
#11317 = EDGE_CURVE ( 'NONE', #12891, #3151, #12197, .T. ) ;
#11318 = CARTESIAN_POINT ( 'NONE',  ( -57.49999999999998579, -11.47895871728106876, 65.17572006907404614 ) ) ;
#11319 = CARTESIAN_POINT ( 'NONE',  ( -36.77000000000001023, 36.76999999999996049, 112.0000000000000000 ) ) ;
#11320 = CARTESIAN_POINT ( 'NONE',  ( 22.39999999999999858, 114.0000000000000000, -49.50000000000000000 ) ) ;
#11321 = ORIENTED_EDGE ( 'NONE', *, *, #7838, .F. ) ;
#11322 = CARTESIAN_POINT ( 'NONE',  ( 29.33956106112634643, -35.75089393306192420, 73.39999999999999147 ) ) ;
#11323 = CARTESIAN_POINT ( 'NONE',  ( -45.49999999999995737, 11.01017621455066120, 50.88369923439370268 ) ) ;
#11324 = ORIENTED_EDGE ( 'NONE', *, *, #4619, .T. ) ;
#11325 = CARTESIAN_POINT ( 'NONE',  ( 42.42640687119285303, 46.67640687119287435, 10.00000000000000000 ) ) ;
#11326 = AXIS2_PLACEMENT_3D ( 'NONE', #12503, #3693, #11588 ) ;
#11327 = VECTOR ( 'NONE', #2506, 1000.000000000000000 ) ;
#11328 = CYLINDRICAL_SURFACE ( 'NONE', #9584, 6.800000000000004263 ) ;
#11329 = EDGE_CURVE ( 'NONE', #11331, #858, #3067, .T. ) ;
#11330 = CARTESIAN_POINT ( 'NONE',  ( -29.33956106112633933, -35.75089393306184604, 112.0000000000000000 ) ) ;
#11331 = VERTEX_POINT ( 'NONE', #7274 ) ;
#11332 = EDGE_CURVE ( 'NONE', #7768, #9716, #4948, .T. ) ;
#11333 = AXIS2_PLACEMENT_3D ( 'NONE', #12451, #12576, #7459 ) ;
#11334 = CARTESIAN_POINT ( 'NONE',  ( 0.000000000000000000, 137.5000000000000000, -16.50000000000000355 ) ) ;
#11335 = CIRCLE ( 'NONE', #9648, 6.499999999999999112 ) ;
#11336 = EDGE_CURVE ( 'NONE', #12281, #11584, #8736, .T. ) ;
#11337 = FACE_OUTER_BOUND ( 'NONE', #11725, .T. ) ;
#11338 = ORIENTED_EDGE ( 'NONE', *, *, #8773, .T. ) ;
#11339 = CARTESIAN_POINT ( 'NONE',  ( -45.50000000000009237, -45.49999999999998579, -313.5367466867102166 ) ) ;
#11340 = ORIENTED_EDGE ( 'NONE', *, *, #11735, .F. ) ;
#11341 = EDGE_LOOP ( 'NONE', ( #593, #6077, #11078, #2526 ) ) ;
#11342 = DIRECTION ( 'NONE',  ( 1.000000000000000000, 5.153149149225215098E-14, 0.000000000000000000 ) ) ;
#11343 = ORIENTED_EDGE ( 'NONE', *, *, #5362, .T. ) ;
#11344 = VERTEX_POINT ( 'NONE', #2203 ) ;
#11345 = CARTESIAN_POINT ( 'NONE',  ( -35.92640687119284593, -42.42640687119285303, 9.999999999999992895 ) ) ;
#11346 = DIRECTION ( 'NONE',  ( 0.000000000000000000, 0.000000000000000000, 1.000000000000000000 ) ) ;
#11347 = CARTESIAN_POINT ( 'NONE',  ( -30.77624999999999744, 114.0000000000000000, -8.500000000000003553 ) ) ;
#11348 = EDGE_CURVE ( 'NONE', #8411, #687, #9305, .T. ) ;
#11349 = DIRECTION ( 'NONE',  ( -1.000000000000000000, 0.000000000000000000, 0.000000000000000000 ) ) ;
#11350 = ADVANCED_FACE ( 'NONE', ( #104 ), #2024, .T. ) ;
#11351 = VERTEX_POINT ( 'NONE', #303 ) ;
#11352 = CARTESIAN_POINT ( 'NONE',  ( -18.99999999999998934, 114.0000000000000000, -79.00000000000000000 ) ) ;
#11353 = LINE ( 'NONE', #2405, #7574 ) ;
#11354 = CIRCLE ( 'NONE', #648, 4.499999999999997335 ) ;
#11355 = DIRECTION ( 'NONE',  ( -0.000000000000000000, -0.000000000000000000, -1.000000000000000000 ) ) ;
#11356 = DIRECTION ( 'NONE',  ( -0.000000000000000000, -0.000000000000000000, -1.000000000000000000 ) ) ;
#11357 = CARTESIAN_POINT ( 'NONE',  ( -29.33956106112635354, 35.75089393306190289, 112.0000000000000000 ) ) ;
#11358 = CARTESIAN_POINT ( 'NONE',  ( 27.03999999999999559, 154.8599999999999852, -69.99999999999998579 ) ) ;
#11359 = CARTESIAN_POINT ( 'NONE',  ( -57.49999999999997868, 0.000000000000000000, 58.79999999999997584 ) ) ;
#11360 = EDGE_LOOP ( 'NONE', ( #10056, #3939, #11667, #11969 ) ) ;
#11361 = DIRECTION ( 'NONE',  ( 1.000000000000000000, 0.000000000000000000, 0.000000000000000000 ) ) ;
#11362 = VERTEX_POINT ( 'NONE', #3130 ) ;
#11363 = AXIS2_PLACEMENT_3D ( 'NONE', #2107, #6124, #6254 ) ;
#11364 = CIRCLE ( 'NONE', #6119, 13.09999999999999964 ) ;
#11365 = FACE_OUTER_BOUND ( 'NONE', #1812, .T. ) ;
#11366 = LINE ( 'NONE', #7362, #9957 ) ;
#11367 = ADVANCED_FACE ( 'NONE', ( #8646 ), #7600, .F. ) ;
#11368 = ORIENTED_EDGE ( 'NONE', *, *, #186, .T. ) ;
#11369 = FACE_OUTER_BOUND ( 'NONE', #1256, .T. ) ;
#11370 = CARTESIAN_POINT ( 'NONE',  ( 0.000000000000000000, 114.0000000000000000, 8.500000000000010658 ) ) ;
#11371 = CIRCLE ( 'NONE', #6962, 33.46499999999999631 ) ;
#11373 = EDGE_LOOP ( 'NONE', ( #8311, #10468, #68, #9028 ) ) ;
#11372 = VECTOR ( 'NONE', #753, 1000.000000000000000 ) ;
#11374 = CARTESIAN_POINT ( 'NONE',  ( 0.000000000000000000, 114.0000000000000000, -69.99999999999998579 ) ) ;
#11375 = AXIS2_PLACEMENT_3D ( 'NONE', #8718, #8920, #4762 ) ;
#11376 = VERTEX_POINT ( 'NONE', #10496 ) ;
#11377 = ORIENTED_EDGE ( 'NONE', *, *, #1976, .F. ) ;
#11378 = DIRECTION ( 'NONE',  ( 0.000000000000000000, 0.000000000000000000, -1.000000000000000000 ) ) ;
#11379 = CARTESIAN_POINT ( 'NONE',  ( 47.24999999999998579, 142.4311571906855534, 6.499999999999996447 ) ) ;
#11380 = CARTESIAN_POINT ( 'NONE',  ( -45.50000000000000711, -1.500192328955508129E-15, 46.54999999999998295 ) ) ;
#11381 = DIRECTION ( 'NONE',  ( 1.000000000000000000, 0.000000000000000000, 0.000000000000000000 ) ) ;
#11382 = VECTOR ( 'NONE', #7408, 1000.000000000000000 ) ;
#11383 = AXIS2_PLACEMENT_3D ( 'NONE', #2815, #3800, #11035 ) ;
#11384 = CIRCLE ( 'NONE', #5734, 6.800000000000000711 ) ;
#11385 = EDGE_CURVE ( 'NONE', #556, #5002, #5702, .T. ) ;
#11386 = EDGE_CURVE ( 'NONE', #6024, #9925, #6424, .T. ) ;
#11387 = CARTESIAN_POINT ( 'NONE',  ( -22.14000000000005031, 44.99999999999997868, 112.0000000000000000 ) ) ;
#11388 = DIRECTION ( 'NONE',  ( -0.9907251918498203302, -0.1358808089250893303, 0.000000000000000000 ) ) ;
#11389 = LINE ( 'NONE', #7114, #6722 ) ;
#11390 = ORIENTED_EDGE ( 'NONE', *, *, #9632, .T. ) ;
#11391 = CARTESIAN_POINT ( 'NONE',  ( 45.82640687119307188, 42.42640687119262566, -1.102182119232617788E-16 ) ) ;
#11392 = DIRECTION ( 'NONE',  ( 0.000000000000000000, 0.000000000000000000, -1.000000000000000000 ) ) ;
#11393 = ORIENTED_EDGE ( 'NONE', *, *, #114, .T. ) ;
#11394 = CIRCLE ( 'NONE', #897, 6.499999999999999112 ) ;
#11395 = EDGE_CURVE ( 'NONE', #12344, #4884, #11675, .T. ) ;
#11396 = EDGE_CURVE ( 'NONE', #5630, #10210, #6490, .T. ) ;
#11397 = CARTESIAN_POINT ( 'NONE',  ( -45.50000000000008527, 8.540273170678116088, 68.75831212841544016 ) ) ;
#11398 = AXIS2_PLACEMENT_3D ( 'NONE', #10974, #1174, #251 ) ;
#11399 = DIRECTION ( 'NONE',  ( -0.000000000000000000, -0.000000000000000000, 1.000000000000000000 ) ) ;
#11400 = EDGE_LOOP ( 'NONE', ( #10541, #7511 ) ) ;
#11401 = PERSON_AND_ORGANIZATION ( #9444, #9646 ) ;
#11402 = DIRECTION ( 'NONE',  ( -1.000000000000000000, 0.000000000000000000, 0.000000000000000000 ) ) ;
#11403 = VECTOR ( 'NONE', #3895, 1000.000000000000000 ) ;
#11404 = LINE ( 'NONE', #7262, #4595 ) ;
#11405 = ORIENTED_EDGE ( 'NONE', *, *, #11924, .F. ) ;
#11406 = CARTESIAN_POINT ( 'NONE',  ( 26.75000000000000000, 114.0000000000000000, -44.90443948822942843 ) ) ;
#11407 = VERTEX_POINT ( 'NONE', #6622 ) ;
#11408 = DIRECTION ( 'NONE',  ( 1.000000000000000000, 0.000000000000000000, 0.000000000000000000 ) ) ;
#11409 = ORIENTED_EDGE ( 'NONE', *, *, #11053, .F. ) ;
#11410 = EDGE_CURVE ( 'NONE', #8230, #10881, #5574, .T. ) ;
#11411 = AXIS2_PLACEMENT_3D ( 'NONE', #10578, #4580, #8598 ) ;
#11412 = VECTOR ( 'NONE', #12533, 1000.000000000000000 ) ;
#11413 = EDGE_CURVE ( 'NONE', #7363, #7696, #3274, .T. ) ;
#11414 = ORIENTED_EDGE ( 'NONE', *, *, #2002, .T. ) ;
#11415 = FACE_OUTER_BOUND ( 'NONE', #12510, .T. ) ;
#11416 = CARTESIAN_POINT ( 'NONE',  ( -42.42640687119284593, 42.42640687119283172, 9.999999999999992895 ) ) ;
#11417 = CIRCLE ( 'NONE', #5755, 4.599999999999992539 ) ;
#11418 = LINE ( 'NONE', #4438, #10772 ) ;
#11419 = ADVANCED_FACE ( 'NONE', ( #7413 ), #5639, .F. ) ;
#11420 = CARTESIAN_POINT ( 'NONE',  ( -42.49999999999998579, 42.50000000000000000, 10.00000000000000000 ) ) ;
#11421 = CIRCLE ( 'NONE', #714, 6.000000000000001776 ) ;
#11422 = FACE_OUTER_BOUND ( 'NONE', #5201, .T. ) ;
#11423 = DIRECTION ( 'NONE',  ( -1.000000000000000000, -1.334402673828313339E-16, 0.000000000000000000 ) ) ;
#11424 = ORIENTED_EDGE ( 'NONE', *, *, #6158, .F. ) ;
#11425 = DIRECTION ( 'NONE',  ( -8.912340794009285204E-16, 1.000000000000000000, 0.000000000000000000 ) ) ;
#11426 = CARTESIAN_POINT ( 'NONE',  ( -45.50000000000009237, -52.00000000000000000, -313.5367466867102166 ) ) ;
#11427 = CARTESIAN_POINT ( 'NONE',  ( -45.50000000000000711, 12.33562530726521800, 54.69727550537960781 ) ) ;
#11428 = DIRECTION ( 'NONE',  ( -1.000000000000000000, 0.000000000000000000, 0.000000000000000000 ) ) ;
#11429 = EDGE_CURVE ( 'NONE', #7645, #12661, #2596, .T. ) ;
#11430 = CARTESIAN_POINT ( 'NONE',  ( 0.000000000000000000, 114.0000000000000000, -63.50000000000000000 ) ) ;
#11431 = VERTEX_POINT ( 'NONE', #10564 ) ;
#11432 = PLANE ( 'NONE',  #10763 ) ;
#11433 = ADVANCED_FACE ( 'NONE', ( #3587 ), #12522, .T. ) ;
#11434 = ORIENTED_EDGE ( 'NONE', *, *, #3210, .T. ) ;
#11435 = AXIS2_PLACEMENT_3D ( 'NONE', #8861, #10768, #6766 ) ;
#11436 = CARTESIAN_POINT ( 'NONE',  ( -45.50000000000009237, -45.49999999999998579, -313.5367466867102166 ) ) ;
#11437 = ORIENTED_EDGE ( 'NONE', *, *, #11410, .F. ) ;
#11438 = ORIENTED_EDGE ( 'NONE', *, *, #8429, .T. ) ;
#11439 = DIRECTION ( 'NONE',  ( -0.000000000000000000, -0.000000000000000000, 1.000000000000000000 ) ) ;
#11440 = DIRECTION ( 'NONE',  ( -0.000000000000000000, -0.000000000000000000, 1.000000000000000000 ) ) ;
#11441 = ORIENTED_EDGE ( 'NONE', *, *, #486, .T. ) ;
#11442 = DIRECTION ( 'NONE',  ( 1.000000000000000000, 0.000000000000000000, 0.000000000000000000 ) ) ;
#11443 = EDGE_CURVE ( 'NONE', #6774, #1344, #8947, .T. ) ;
#11444 = ORIENTED_EDGE ( 'NONE', *, *, #10342, .F. ) ;
#11445 = ORIENTED_EDGE ( 'NONE', *, *, #11093, .F. ) ;
#11446 = FACE_OUTER_BOUND ( 'NONE', #5597, .T. ) ;
#11447 = DIRECTION ( 'NONE',  ( 1.000000000000000000, 0.000000000000000000, 0.000000000000000000 ) ) ;
#11448 = LINE ( 'NONE', #3361, #3485 ) ;
#11449 = CIRCLE ( 'NONE', #12916, 36.50000000000000711 ) ;
#11450 = DIRECTION ( 'NONE',  ( -0.000000000000000000, -0.000000000000000000, 1.000000000000000000 ) ) ;
#11451 = CARTESIAN_POINT ( 'NONE',  ( 7.000000000000000000, 0.000000000000000000, 4.014523375354076329 ) ) ;
#11452 = CARTESIAN_POINT ( 'NONE',  ( 0.000000000000000000, 114.0000000000000000, -50.32679491924312032 ) ) ;
#11453 = VERTEX_POINT ( 'NONE', #10688 ) ;
#11454 = DIRECTION ( 'NONE',  ( -0.000000000000000000, -0.000000000000000000, 1.000000000000000000 ) ) ;
#11455 = CARTESIAN_POINT ( 'NONE',  ( -45.50000000000007105, 61.99999999999998579, -1.000000000000000888 ) ) ;
#11456 = VERTEX_POINT ( 'NONE', #11607 ) ;
#11457 = VERTEX_POINT ( 'NONE', #9690 ) ;
#11458 = PLANE ( 'NONE',  #10069 ) ;
#11459 = FACE_OUTER_BOUND ( 'NONE', #9790, .T. ) ;
#11460 = TOROIDAL_SURFACE ( 'NONE', #12750, 23.50000000000000000, 1.000000000000000666 ) ;
#11461 = DATE_AND_TIME ( #7588, #10279 ) ;
#11462 = ADVANCED_FACE ( 'NONE', ( #12659 ), #695, .F. ) ;
#11463 = DIRECTION ( 'NONE',  ( -1.000000000000000000, 0.000000000000000000, 0.000000000000000000 ) ) ;
#11464 = ADVANCED_FACE ( 'NONE', ( #11545 ), #4570, .T. ) ;
#11465 = VECTOR ( 'NONE', #5829, 1000.000000000000000 ) ;
#11466 = EDGE_CURVE ( 'NONE', #12737, #11331, #11473, .T. ) ;
#11467 = CARTESIAN_POINT ( 'NONE',  ( -52.00000000002091838, 62.00000000000834888, -67.00000000000000000 ) ) ;
#11468 = EDGE_LOOP ( 'NONE', ( #77, #3091, #516, #3921 ) ) ;
#11469 = FACE_OUTER_BOUND ( 'NONE', #1044, .T. ) ;
#11470 = ORIENTED_EDGE ( 'NONE', *, *, #10083, .T. ) ;
#11471 = DIRECTION ( 'NONE',  ( -1.156482317317871478E-16, -0.000000000000000000, 1.000000000000000000 ) ) ;
#11472 = VERTEX_POINT ( 'NONE', #7669 ) ;
#11473 = CIRCLE ( 'NONE', #8316, 4.599999999999992539 ) ;
#11474 = ORIENTED_EDGE ( 'NONE', *, *, #9960, .T. ) ;
#11476 = ORIENTED_EDGE ( 'NONE', *, *, #9760, .T. ) ;
#11475 = ADVANCED_FACE ( 'NONE', ( #7473 ), #435, .T. ) ;
#11477 = CARTESIAN_POINT ( 'NONE',  ( -46.67640687119308041, 71.57359312880737434, -77.00000000000000000 ) ) ;
#11478 = DIRECTION ( 'NONE',  ( 1.000000000000000000, 0.000000000000000000, 0.000000000000000000 ) ) ;
#11479 = VECTOR ( 'NONE', #6465, 1000.000000000000000 ) ;
#11480 = CARTESIAN_POINT ( 'NONE',  ( -59.00000000000004974, -3.071098767656484707, 71.55450692620703990 ) ) ;
#11481 = CARTESIAN_POINT ( 'NONE',  ( -52.00000000000007105, 51.49999999999998579, -1.000000000000000000 ) ) ;
#11482 = ORIENTED_EDGE ( 'NONE', *, *, #7937, .F. ) ;
#11483 = VERTEX_POINT ( 'NONE', #11923 ) ;
#11484 = CIRCLE ( 'NONE', #6023, 21.00000000000000355 ) ;
#11485 = AXIS2_PLACEMENT_3D ( 'NONE', #10062, #5074, #1195 ) ;
#11486 = FACE_OUTER_BOUND ( 'NONE', #10449, .T. ) ;
#11487 = ADVANCED_FACE ( 'NONE', ( #11012 ), #4322, .T. ) ;
#11488 = DIRECTION ( 'NONE',  ( 0.000000000000000000, -1.000000000000000000, 0.000000000000000000 ) ) ;
#11489 = VERTEX_POINT ( 'NONE', #2007 ) ;
#11490 = CARTESIAN_POINT ( 'NONE',  ( -4.000000000000000888, 114.0000000000000000, -49.00000000000000000 ) ) ;
#11491 = LINE ( 'NONE', #12602, #1257 ) ;
#11492 = VECTOR ( 'NONE', #9231, 1000.000000000000227 ) ;
#11493 = DIRECTION ( 'NONE',  ( -0.000000000000000000, -0.000000000000000000, 1.000000000000000000 ) ) ;
#11494 = DIRECTION ( 'NONE',  ( -1.000000000000000000, 0.000000000000000000, 0.000000000000000000 ) ) ;
#11495 = FACE_OUTER_BOUND ( 'NONE', #7688, .T. ) ;
#11496 = VECTOR ( 'NONE', #1911, 1000.000000000000000 ) ;
#11497 = EDGE_LOOP ( 'NONE', ( #4235, #9357 ) ) ;
#11498 = VECTOR ( 'NONE', #6291, 1000.000000000000000 ) ;
#11499 = DIRECTION ( 'NONE',  ( 0.000000000000000000, 0.000000000000000000, 1.000000000000000000 ) ) ;
#11500 = ORIENTED_EDGE ( 'NONE', *, *, #2768, .T. ) ;
#11501 = DIRECTION ( 'NONE',  ( -0.000000000000000000, -0.000000000000000000, 1.000000000000000000 ) ) ;
#11502 = ADVANCED_FACE ( 'NONE', ( #11797 ), #3712, .T. ) ;
#11503 = EDGE_LOOP ( 'NONE', ( #3674, #6927 ) ) ;
#11504 = VECTOR ( 'NONE', #5331, 1000.000000000000000 ) ;
#11505 = CYLINDRICAL_SURFACE ( 'NONE', #11627, 6.800000000000007816 ) ;
#11506 = ADVANCED_FACE ( 'NONE', ( #7983 ), #4890, .F. ) ;
#11507 = FACE_OUTER_BOUND ( 'NONE', #10348, .T. ) ;
#11508 = ORIENTED_EDGE ( 'NONE', *, *, #147, .F. ) ;
#11509 = CARTESIAN_POINT ( 'NONE',  ( -26.75000000000000000, 114.0000000000000000, -49.50000000000000000 ) ) ;
#11510 = EDGE_LOOP ( 'NONE', ( #2473, #7054, #10221, #7171 ) ) ;
#11511 = ORIENTED_EDGE ( 'NONE', *, *, #12025, .T. ) ;
#11512 = DIRECTION ( 'NONE',  ( 1.000000000000000000, 0.000000000000000000, 0.000000000000000000 ) ) ;
#11513 = CARTESIAN_POINT ( 'NONE',  ( 0.000000000000000000, 114.0000000000000000, -74.50000000000000000 ) ) ;
#11514 = DIRECTION ( 'NONE',  ( 1.000000000000000000, 0.000000000000000000, 0.000000000000000000 ) ) ;
#11515 = CARTESIAN_POINT ( 'NONE',  ( -28.43660512956202169, 72.00000000000001421, 6.499999999999996447 ) ) ;
#11516 = ADVANCED_FACE ( 'NONE', ( #2721 ), #2783, .T. ) ;
#11517 = LINE ( 'NONE', #3429, #10894 ) ;
#11518 = AXIS2_PLACEMENT_3D ( 'NONE', #5993, #5799, #5930 ) ;
#11519 = DIRECTION ( 'NONE',  ( -1.541976423090495633E-16, -0.000000000000000000, 1.000000000000000000 ) ) ;
#11520 = CARTESIAN_POINT ( 'NONE',  ( 45.00000000000000000, -45.00000000000000000, 10.00000000000000000 ) ) ;
#11521 = ORIENTED_EDGE ( 'NONE', *, *, #1271, .F. ) ;
#11522 = ORIENTED_EDGE ( 'NONE', *, *, #8012, .T. ) ;
#11523 = FACE_OUTER_BOUND ( 'NONE', #430, .T. ) ;
#11524 = FACE_BOUND ( 'NONE', #12799, .T. ) ;
#11525 = VERTEX_POINT ( 'NONE', #2913 ) ;
#11526 = CONICAL_SURFACE ( 'NONE', #6907, 19.90000000000000213, 0.5235987755983080305 ) ;
#11527 = CARTESIAN_POINT ( 'NONE',  ( -43.43176079638895715, 71.61880906670245395, 6.499999999999996447 ) ) ;
#11528 = AXIS2_PLACEMENT_3D ( 'NONE', #2389, #7197, #1154 ) ;
#11529 = AXIS2_PLACEMENT_3D ( 'NONE', #12968, #2971, #6133 ) ;
#11530 = DIRECTION ( 'NONE',  ( -0.000000000000000000, -0.000000000000000000, 1.000000000000000000 ) ) ;
#11531 = CARTESIAN_POINT ( 'NONE',  ( 0.000000000000000000, 114.0000000000000000, -63.50000000000000000 ) ) ;
#11532 = FACE_OUTER_BOUND ( 'NONE', #1867, .T. ) ;
#11533 = ORIENTED_EDGE ( 'NONE', *, *, #3605, .F. ) ;
#11534 = VECTOR ( 'NONE', #4313, 1000.000000000000000 ) ;
#11535 = LINE ( 'NONE', #6415, #8538 ) ;
#11536 = CIRCLE ( 'NONE', #10704, 19.90000000000000213 ) ;
#11537 = ORIENTED_EDGE ( 'NONE', *, *, #12832, .T. ) ;
#11538 = CARTESIAN_POINT ( 'NONE',  ( -57.49999999999997868, 6.060361292326875038, 39.70000000000002416 ) ) ;
#11539 = ORIENTED_EDGE ( 'NONE', *, *, #8663, .F. ) ;
#11540 = EDGE_LOOP ( 'NONE', ( #7555, #9111 ) ) ;
#11541 = DIRECTION ( 'NONE',  ( -0.000000000000000000, -0.000000000000000000, 1.000000000000000000 ) ) ;
#11542 = FACE_OUTER_BOUND ( 'NONE', #2790, .T. ) ;
#11543 = CARTESIAN_POINT ( 'NONE',  ( -59.00000000000000711, -9.499682676886385124, 47.12041765112970637 ) ) ;
#11544 = CIRCLE ( 'NONE', #3139, 26.75000000000000355 ) ;
#11545 = FACE_OUTER_BOUND ( 'NONE', #874, .T. ) ;
#11546 = VECTOR ( 'NONE', #1731, 1000.000000000000000 ) ;
#11547 = EDGE_LOOP ( 'NONE', ( #11533, #5421, #889, #5287 ) ) ;
#11548 = CYLINDRICAL_SURFACE ( 'NONE', #11629, 12.50000000000000000 ) ;
#11549 = CARTESIAN_POINT ( 'NONE',  ( 35.75089393306190999, 29.33956106112633933, 112.0000000000000000 ) ) ;
#11550 = ADVANCED_FACE ( 'NONE', ( #12913 ), #950, .F. ) ;
#11551 = ORIENTED_EDGE ( 'NONE', *, *, #6112, .T. ) ;
#11552 = DIRECTION ( 'NONE',  ( 0.8571673007021108903, 0.000000000000000000, 0.5150380749100565980 ) ) ;
#11553 = DIRECTION ( 'NONE',  ( 1.000000000000000000, 0.000000000000000000, 0.000000000000000000 ) ) ;
#11554 = CARTESIAN_POINT ( 'NONE',  ( -29.00000000000001066, 114.0000000000000000, -69.99999999999998579 ) ) ;
#11555 = AXIS2_PLACEMENT_3D ( 'NONE', #10489, #5568, #9297 ) ;
#11556 = CARTESIAN_POINT ( 'NONE',  ( 0.000000000000000000, 114.0000000000000000, -51.50000000000000711 ) ) ;
#11557 = ORIENTED_EDGE ( 'NONE', *, *, #10551, .T. ) ;
#11558 = DIRECTION ( 'NONE',  ( -1.000000000000000000, 0.000000000000000000, 0.000000000000000000 ) ) ;
#11559 = EDGE_CURVE ( 'NONE', #8421, #11483, #9813, .T. ) ;
#11560 = CARTESIAN_POINT ( 'NONE',  ( -38.17640687119276777, 156.4264068711929383, -72.00000000000001421 ) ) ;
#11561 = EDGE_CURVE ( 'NONE', #3551, #6012, #10943, .T. ) ;
#11562 = VECTOR ( 'NONE', #10234, 1000.000000000000000 ) ;
#11563 = ORIENTED_EDGE ( 'NONE', *, *, #933, .F. ) ;
#11564 = AXIS2_PLACEMENT_3D ( 'NONE', #5598, #594, #11442 ) ;
#11565 = LINE ( 'NONE', #4264, #87 ) ;
#11566 = ORIENTED_EDGE ( 'NONE', *, *, #12047, .T. ) ;
#11567 = CARTESIAN_POINT ( 'NONE',  ( -4.000000000000000888, 114.0000000000000000, -19.50000000000000355 ) ) ;
#11568 = CARTESIAN_POINT ( 'NONE',  ( 38.19999999999997442, 22.14000000000005031, 73.39999999999999147 ) ) ;
#11569 = EDGE_LOOP ( 'NONE', ( #1523, #2776, #2190, #5259 ) ) ;
#11570 = LINE ( 'NONE', #6715, #6320 ) ;
#11571 = EDGE_LOOP ( 'NONE', ( #226, #11563 ) ) ;
#11572 = AXIS2_PLACEMENT_3D ( 'NONE', #130, #11181, #1335 ) ;
#11573 = AXIS2_PLACEMENT_3D ( 'NONE', #11556, #2606, #9565 ) ;
#11574 = CARTESIAN_POINT ( 'NONE',  ( -45.82640687119306477, -42.42640687119262566, 0.000000000000000000 ) ) ;
#11575 = LINE ( 'NONE', #6655, #9694 ) ;
#11576 = EDGE_CURVE ( 'NONE', #7429, #9745, #8971, .T. ) ;
#11577 = CYLINDRICAL_SURFACE ( 'NONE', #11906, 12.50000000000000000 ) ;
#11578 = PLANE ( 'NONE',  #9381 ) ;
#11579 = LINE ( 'NONE', #474, #8809 ) ;
#11580 = CIRCLE ( 'NONE', #666, 1.249999999999997558 ) ;
#11581 = AXIS2_PLACEMENT_3D ( 'NONE', #9334, #4208, #7306 ) ;
#11582 = PLANE ( 'NONE',  #2439 ) ;
#11583 = DIRECTION ( 'NONE',  ( 0.000000000000000000, 0.000000000000000000, -1.000000000000000000 ) ) ;
#11584 = VERTEX_POINT ( 'NONE', #5765 ) ;
#11585 = EDGE_LOOP ( 'NONE', ( #4704, #581, #1283, #4967, #8221, #749, #150, #1965 ) ) ;
#11586 = ORIENTED_EDGE ( 'NONE', *, *, #4835, .F. ) ;
#11587 = CYLINDRICAL_SURFACE ( 'NONE', #8781, 6.499999999999999112 ) ;
#11588 = DIRECTION ( 'NONE',  ( -1.000000000000000000, 0.000000000000000000, 0.000000000000000000 ) ) ;
#11589 = ORIENTED_EDGE ( 'NONE', *, *, #8696, .T. ) ;
#11590 = EDGE_CURVE ( 'NONE', #3813, #10757, #5957, .T. ) ;
#11591 = AXIS2_PLACEMENT_3D ( 'NONE', #1621, #9301, #9429 ) ;
#11592 = CONICAL_SURFACE ( 'NONE', #12426, 1.249999999999997558, 1.029744258676651647 ) ;
#11593 = DIRECTION ( 'NONE',  ( -0.1358808089250767570, -0.9907251918498221066, 0.000000000000000000 ) ) ;
#11594 = CARTESIAN_POINT ( 'NONE',  ( -51.50000000000000711, -11.83595217003048994, 65.35802719681963424 ) ) ;
#11595 = APPROVAL_ROLE ( '' ) ;
#11596 = CARTESIAN_POINT ( 'NONE',  ( 52.00000000002091838, 68.50000000002864908, -67.00000000000000000 ) ) ;
#11597 = CARTESIAN_POINT ( 'NONE',  ( 39.02640687119276919, -42.42640687119292409, 0.000000000000000000 ) ) ;
#11598 = AXIS2_PLACEMENT_3D ( 'NONE', #6840, #2755, #4988 ) ;
#11599 = ORIENTED_EDGE ( 'NONE', *, *, #3270, .T. ) ;
#11600 = DIRECTION ( 'NONE',  ( -0.000000000000000000, -0.000000000000000000, 1.000000000000000000 ) ) ;
#11601 = ORIENTED_EDGE ( 'NONE', *, *, #5635, .T. ) ;
#11602 = DIRECTION ( 'NONE',  ( -0.000000000000000000, -0.000000000000000000, 1.000000000000000000 ) ) ;
#11603 = ORIENTED_EDGE ( 'NONE', *, *, #12535, .F. ) ;
#11604 = CARTESIAN_POINT ( 'NONE',  ( 51.99999999999994316, 159.4999999999999716, -48.80000000000001137 ) ) ;
#11605 = CARTESIAN_POINT ( 'NONE',  ( -51.50000000000000711, -11.83595217003048994, 65.35802719681963424 ) ) ;
#11606 = AXIS2_PLACEMENT_3D ( 'NONE', #8601, #11499, #3604 ) ;
#11607 = CARTESIAN_POINT ( 'NONE',  ( -28.08750000000000213, 114.0000000000000000, -4.767624960229753128 ) ) ;
#11608 = ORIENTED_EDGE ( 'NONE', *, *, #12595, .T. ) ;
#11609 = DIRECTION ( 'NONE',  ( 0.000000000000000000, -1.000000000000000000, 0.000000000000000000 ) ) ;
#11610 = PLANE ( 'NONE',  #9519 ) ;
#11611 = ORIENTED_EDGE ( 'NONE', *, *, #1728, .F. ) ;
#11612 = ORIENTED_EDGE ( 'NONE', *, *, #4505, .F. ) ;
#11613 = CARTESIAN_POINT ( 'NONE',  ( 0.000000000000000000, 114.0000000000000000, -4.500000000000003553 ) ) ;
#11614 = DIRECTION ( 'NONE',  ( 1.541976423090495633E-16, 0.000000000000000000, -1.000000000000000000 ) ) ;
#11615 = AXIS2_PLACEMENT_3D ( 'NONE', #2027, #9250, #8129 ) ;
#11616 = DIRECTION ( 'NONE',  ( 0.000000000000000000, 1.000000000000000000, 0.000000000000000000 ) ) ;
#11617 = ORIENTED_EDGE ( 'NONE', *, *, #3214, .T. ) ;
#11618 = AXIS2_PLACEMENT_3D ( 'NONE', #4887, #948, #1749 ) ;
#11619 = DIRECTION ( 'NONE',  ( 1.000000000000000000, 0.000000000000000000, 0.000000000000000000 ) ) ;
#11620 = DIRECTION ( 'NONE',  ( 0.000000000000000000, 0.000000000000000000, -1.000000000000000000 ) ) ;
#11621 = ORIENTED_EDGE ( 'NONE', *, *, #3525, .T. ) ;
#11622 = LINE ( 'NONE', #9513, #10129 ) ;
#11623 = ADVANCED_FACE ( 'NONE', ( #4751 ), #11734, .F. ) ;
#11624 = EDGE_CURVE ( 'NONE', #2852, #9368, #9361, .T. ) ;
#11625 = AXIS2_PLACEMENT_3D ( 'NONE', #8923, #8785, #3725 ) ;
#11626 = VERTEX_POINT ( 'NONE', #10013 ) ;
#11627 = AXIS2_PLACEMENT_3D ( 'NONE', #5535, #5335, #4327 ) ;
#11628 = LINE ( 'NONE', #2804, #6689 ) ;
#11629 = AXIS2_PLACEMENT_3D ( 'NONE', #6626, #9753, #3775 ) ;
#11630 = DIRECTION ( 'NONE',  ( 0.000000000000000000, 0.000000000000000000, -1.000000000000000000 ) ) ;
#11631 = EDGE_CURVE ( 'NONE', #12839, #12906, #8101, .T. ) ;
#11632 = VERTEX_POINT ( 'NONE', #6869 ) ;
#11633 = DIRECTION ( 'NONE',  ( 0.1358808089250767570, 0.9907251918498221066, 0.000000000000000000 ) ) ;
#11634 = PRODUCT_RELATED_PRODUCT_CATEGORY ( 'detail', '', ( #5061 ) ) ;
#11635 = DIRECTION ( 'NONE',  ( 0.000000000000000000, -0.000000000000000000, 1.000000000000000000 ) ) ;
#11636 = EDGE_CURVE ( 'NONE', #4884, #12344, #7892, .T. ) ;
#11637 = ORIENTED_EDGE ( 'NONE', *, *, #1180, .T. ) ;
#11638 = FACE_OUTER_BOUND ( 'NONE', #4214, .T. ) ;
#11639 = ORIENTED_EDGE ( 'NONE', *, *, #6574, .F. ) ;
#11640 = ORIENTED_EDGE ( 'NONE', *, *, #10993, .F. ) ;
#11641 = DIRECTION ( 'NONE',  ( 0.000000000000000000, 1.000000000000000000, 0.000000000000000000 ) ) ;
#11642 = LINE ( 'NONE', #1469, #4028 ) ;
#11643 = ADVANCED_FACE ( 'NONE', ( #11859 ), #10198, .F. ) ;
#11644 = DIRECTION ( 'NONE',  ( 0.000000000000000000, 0.000000000000000000, -1.000000000000000000 ) ) ;
#11645 = DIRECTION ( 'NONE',  ( 1.000000000000000000, 0.000000000000000000, 0.000000000000000000 ) ) ;
#11646 = CYLINDRICAL_SURFACE ( 'NONE', #7491, 12.50000000000000000 ) ;
#11647 = AXIS2_PLACEMENT_3D ( 'NONE', #9576, #11630, #2741 ) ;
#11648 = DIRECTION ( 'NONE',  ( 1.000000000000000000, 0.000000000000000000, 0.000000000000000000 ) ) ;
#11649 = EDGE_CURVE ( 'NONE', #7919, #12532, #9883, .T. ) ;
#11650 = VERTEX_POINT ( 'NONE', #289 ) ;
#11651 = ORIENTED_EDGE ( 'NONE', *, *, #2893, .F. ) ;
#11652 = CARTESIAN_POINT ( 'NONE',  ( -39.12398950069061954, 28.87693130457876123, 112.0000000000000000 ) ) ;
#11653 = DIRECTION ( 'NONE',  ( -0.000000000000000000, -0.000000000000000000, 1.000000000000000000 ) ) ;
#11654 = ORIENTED_EDGE ( 'NONE', *, *, #264, .T. ) ;
#11655 = DIRECTION ( 'NONE',  ( -1.000000000000000000, 0.000000000000000000, 0.000000000000000000 ) ) ;
#11656 = CARTESIAN_POINT ( 'NONE',  ( 22.50000000000000000, 114.0000000000000000, -24.00000000000000711 ) ) ;
#11657 = CALENDAR_DATE ( 2022, 13, 6 ) ;
#11658 = DIRECTION ( 'NONE',  ( 1.000000000000000000, 0.000000000000000000, 0.000000000000000000 ) ) ;
#11659 = FACE_OUTER_BOUND ( 'NONE', #6768, .T. ) ;
#11660 = EDGE_CURVE ( 'NONE', #5570, #1882, #9560, .T. ) ;
#11661 = B_SPLINE_CURVE_WITH_KNOTS ( 'NONE', 3,
 ( #10680, #1681, #6615, #5694 ),
 .UNSPECIFIED., .F., .F.,
 ( 4, 4 ),
 ( 0.002794600765247415731, 0.003964853578643142903 ),
 .UNSPECIFIED. ) ;
#11662 = VERTEX_POINT ( 'NONE', #10277 ) ;
#11663 = CARTESIAN_POINT ( 'NONE',  ( 35.92640687119283882, -42.42640687119285303, 9.999999999999992895 ) ) ;
#11664 = ADVANCED_FACE ( 'NONE', ( #12121 ), #5222, .T. ) ;
#11665 = EDGE_LOOP ( 'NONE', ( #2104, #3343, #2423, #5152 ) ) ;
#11666 = DIRECTION ( 'NONE',  ( -0.000000000000000000, -0.000000000000000000, 1.000000000000000000 ) ) ;
#11667 = ORIENTED_EDGE ( 'NONE', *, *, #8369, .F. ) ;
#11668 = DIRECTION ( 'NONE',  ( 1.000000000000000000, 0.000000000000000000, 0.000000000000000000 ) ) ;
#11669 = CARTESIAN_POINT ( 'NONE',  ( -21.00000000000000355, 114.0000000000000000, -74.50000000000000000 ) ) ;
#11670 = CARTESIAN_POINT ( 'NONE',  ( -400000.0000000000582, 61.99999999995498001, -67.00000000000000000 ) ) ;
#11671 = DIRECTION ( 'NONE',  ( 0.1358808089250767570, 0.9907251918498221066, 1.571437527846996570E-17 ) ) ;
#11672 = DIRECTION ( 'NONE',  ( 1.000000000000000000, 0.000000000000000000, 0.000000000000000000 ) ) ;
#11673 = EDGE_CURVE ( 'NONE', #8979, #1385, #9595, .T. ) ;
#11674 = VERTEX_POINT ( 'NONE', #2320 ) ;
#11675 = CIRCLE ( 'NONE', #3894, 4.249999999999996447 ) ;
#11676 = VERTEX_POINT ( 'NONE', #9155 ) ;
#11677 = DIRECTION ( 'NONE',  ( -0.000000000000000000, 0.000000000000000000, 1.000000000000000000 ) ) ;
#11678 = DIRECTION ( 'NONE',  ( -0.000000000000000000, -0.000000000000000000, 1.000000000000000000 ) ) ;
#11679 = ORIENTED_EDGE ( 'NONE', *, *, #2050, .F. ) ;
#11680 = AXIS2_PLACEMENT_3D ( 'NONE', #11319, #2310, #10331 ) ;
#11681 = VERTEX_POINT ( 'NONE', #4033 ) ;
#11682 = ORIENTED_EDGE ( 'NONE', *, *, #10011, .F. ) ;
#11683 = DIRECTION ( 'NONE',  ( -0.000000000000000000, -0.000000000000000000, 1.000000000000000000 ) ) ;
#11684 = CARTESIAN_POINT ( 'NONE',  ( -28.43660512956202169, 72.00000000000001421, 11.49999999999999645 ) ) ;
#11685 = CIRCLE ( 'NONE', #1828, 6.499999999999999112 ) ;
#11686 = AXIS2_PLACEMENT_3D ( 'NONE', #11051, #4209, #4936 ) ;
#11687 = CARTESIAN_POINT ( 'NONE',  ( 45.82640687119306477, 42.42640687119262566, -18.00000000000000355 ) ) ;
#11688 = LINE ( 'NONE', #837, #7237 ) ;
#11689 = AXIS2_PLACEMENT_3D ( 'NONE', #8575, #12713, #3704 ) ;
#11690 = EDGE_LOOP ( 'NONE', ( #8854, #10708 ) ) ;
#11691 = VERTEX_POINT ( 'NONE', #5023 ) ;
#11692 = DIRECTION ( 'NONE',  ( -0.000000000000000000, 0.000000000000000000, -1.000000000000000000 ) ) ;
#11693 = EDGE_CURVE ( 'NONE', #9216, #7371, #151, .T. ) ;
#11694 = CARTESIAN_POINT ( 'NONE',  ( -42.42640687119306619, -42.42640687119262566, -18.00000000000000355 ) ) ;
#11695 = ORIENTED_EDGE ( 'NONE', *, *, #9923, .F. ) ;
#11696 = CIRCLE ( 'NONE', #2874, 23.50000000000000355 ) ;
#11697 = DIRECTION ( 'NONE',  ( -1.000000000000000000, 0.000000000000000000, 0.000000000000000000 ) ) ;
#11698 = VECTOR ( 'NONE', #2309, 1000.000000000000000 ) ;
#11699 = AXIS2_PLACEMENT_3D ( 'NONE', #9467, #8553, #3556 ) ;
#11700 = ORIENTED_EDGE ( 'NONE', *, *, #10769, .T. ) ;
#11701 = FACE_OUTER_BOUND ( 'NONE', #7633, .T. ) ;
#11702 = DIRECTION ( 'NONE',  ( -0.000000000000000000, -0.000000000000000000, -1.000000000000000000 ) ) ;
#11703 = AXIS2_PLACEMENT_3D ( 'NONE', #6148, #8981, #4162 ) ;
#11704 = ADVANCED_FACE ( 'NONE', ( #3112 ), #10211, .T. ) ;
#11705 = LINE ( 'NONE', #9782, #6461 ) ;
#11706 = VECTOR ( 'NONE', #2355, 1000.000000000000000 ) ;
#11707 = CIRCLE ( 'NONE', #6873, 4.499999999999998224 ) ;
#11708 = CARTESIAN_POINT ( 'NONE',  ( 22.13999999999997215, 38.20000000000000995, 112.0000000000000000 ) ) ;
#11709 = DIRECTION ( 'NONE',  ( -0.7071067811865474617, 0.000000000000000000, -0.7071067811865474617 ) ) ;
#11710 = DIRECTION ( 'NONE',  ( 0.000000000000000000, 0.000000000000000000, 1.000000000000000000 ) ) ;
#11711 = ADVANCED_FACE ( 'NONE', ( #218 ), #11131, .T. ) ;
#11712 = ORIENTED_EDGE ( 'NONE', *, *, #7773, .T. ) ;
#11713 = ORIENTED_EDGE ( 'NONE', *, *, #11660, .T. ) ;
#11714 = ORIENTED_EDGE ( 'NONE', *, *, #10034, .T. ) ;
#11715 = DIRECTION ( 'NONE',  ( -0.000000000000000000, -0.000000000000000000, 1.000000000000000000 ) ) ;
#11716 = ORIENTED_EDGE ( 'NONE', *, *, #1717, .F. ) ;
#11717 = VECTOR ( 'NONE', #10706, 1000.000000000000000 ) ;
#11718 = EDGE_CURVE ( 'NONE', #1086, #5518, #3243, .T. ) ;
#11719 = CARTESIAN_POINT ( 'NONE',  ( 42.42640687119283882, 42.42640687119283882, 11.59999999999999254 ) ) ;
#11720 = ADVANCED_FACE ( 'NONE', ( #8048 ), #4156, .T. ) ;
#11721 = DIRECTION ( 'NONE',  ( 1.000000000000000000, 0.000000000000000000, 0.000000000000000000 ) ) ;
#11722 = VECTOR ( 'NONE', #10536, 1000.000000000000000 ) ;
#11723 = DIRECTION ( 'NONE',  ( 0.000000000000000000, 0.000000000000000000, -1.000000000000000000 ) ) ;
#11724 = DIRECTION ( 'NONE',  ( -0.000000000000000000, -0.000000000000000000, -1.000000000000000000 ) ) ;
#11725 = EDGE_LOOP ( 'NONE', ( #1182, #2890, #3962, #8465 ) ) ;
#11726 = DIRECTION ( 'NONE',  ( -0.1358808089250767570, -0.9907251918498221066, 0.000000000000000000 ) ) ;
#11727 = ORIENTED_EDGE ( 'NONE', *, *, #5358, .F. ) ;
#11728 = DIRECTION ( 'NONE',  ( 5.551115123125782702E-17, 1.386669559958809814E-32, 1.000000000000000000 ) ) ;
#11729 = EDGE_LOOP ( 'NONE', ( #6086, #9298, #1263, #7965 ) ) ;
#11730 = AXIS2_PLACEMENT_3D ( 'NONE', #7946, #6770, #4714 ) ;
#11731 = DIRECTION ( 'NONE',  ( 0.000000000000000000, 0.000000000000000000, -1.000000000000000000 ) ) ;
#11732 = DIRECTION ( 'NONE',  ( -0.000000000000000000, -0.000000000000000000, 1.000000000000000000 ) ) ;
#11733 = EDGE_CURVE ( 'NONE', #12532, #7645, #8544, .T. ) ;
#11734 = PLANE ( 'NONE',  #337 ) ;
#11735 = EDGE_CURVE ( 'NONE', #8230, #5630, #5294, .T. ) ;
#11736 = EDGE_LOOP ( 'NONE', ( #3317, #4244, #11482, #8561 ) ) ;
#11737 = CIRCLE ( 'NONE', #6508, 34.50000000000000711 ) ;
#11738 = AXIS2_PLACEMENT_3D ( 'NONE', #8497, #6598, #9597 ) ;
#11739 = CARTESIAN_POINT ( 'NONE',  ( 21.00000000000000355, 114.0000000000000000, 29.09545482057523813 ) ) ;
#11740 = CARTESIAN_POINT ( 'NONE',  ( -57.49999999999997868, 0.000000000000000000, 70.89807621135332738 ) ) ;
#11741 = EDGE_LOOP ( 'NONE', ( #7106, #1818 ) ) ;
#11742 = ORIENTED_EDGE ( 'NONE', *, *, #805, .F. ) ;
#11743 = DIRECTION ( 'NONE',  ( 1.000000000000000000, 0.000000000000000000, 0.000000000000000000 ) ) ;
#11744 = CARTESIAN_POINT ( 'NONE',  ( 32.17016143302159747, 150.9605291273451542, -72.00000000000001421 ) ) ;
#11745 = VERTEX_POINT ( 'NONE', #8306 ) ;
#11746 = CARTESIAN_POINT ( 'NONE',  ( 4.000000000000000888, 126.4743737317750885, 14.20569654897112244 ) ) ;
#11747 = VECTOR ( 'NONE', #7041, 1000.000000000000114 ) ;
#11748 = DIRECTION ( 'NONE',  ( -0.000000000000000000, -0.000000000000000000, -1.000000000000000000 ) ) ;
#11749 = EDGE_CURVE ( 'NONE', #83, #3860, #8742, .T. ) ;
#11750 = VERTEX_POINT ( 'NONE', #7327 ) ;
#11751 = DIRECTION ( 'NONE',  ( -0.000000000000000000, -0.000000000000000000, 1.000000000000000000 ) ) ;
#11752 = DIRECTION ( 'NONE',  ( 0.000000000000000000, -0.000000000000000000, 1.000000000000000000 ) ) ;
#11753 = ORIENTED_EDGE ( 'NONE', *, *, #7695, .F. ) ;
#11754 = LOCAL_TIME ( 11, 39, 17.00000000000000000, #1545 ) ;
#11755 = ORIENTED_EDGE ( 'NONE', *, *, #9455, .F. ) ;
#11756 = AXIS2_PLACEMENT_3D ( 'NONE', #5200, #8085, #3286 ) ;
#11757 = AXIS2_PLACEMENT_3D ( 'NONE', #12779, #11728, #6862 ) ;
#11758 = CARTESIAN_POINT ( 'NONE',  ( 34.50000000000000000, 114.0000000000000000, -49.50000000000000000 ) ) ;
#11759 = PLANE ( 'NONE',  #3330 ) ;
#11760 = ORIENTED_EDGE ( 'NONE', *, *, #12772, .T. ) ;
#11761 = VERTEX_POINT ( 'NONE', #11330 ) ;
#11762 = DIRECTION ( 'NONE',  ( 0.000000000000000000, 0.000000000000000000, -1.000000000000000000 ) ) ;
#11763 = DIRECTION ( 'NONE',  ( 1.000000000000000000, 0.000000000000000000, 0.000000000000000000 ) ) ;
#11764 = ORIENTED_EDGE ( 'NONE', *, *, #6001, .F. ) ;
#11765 = CARTESIAN_POINT ( 'NONE',  ( -47.24999999999998579, 85.56884280932308684, 6.499999999999996447 ) ) ;
#11766 = DIRECTION ( 'NONE',  ( 1.000000000000000000, 0.000000000000000000, 0.000000000000000000 ) ) ;
#11767 = VECTOR ( 'NONE', #11126, 1000.000000000000000 ) ;
#11768 = DIRECTION ( 'NONE',  ( 0.000000000000000000, 0.000000000000000000, 1.000000000000000000 ) ) ;
#11769 = AXIS2_PLACEMENT_3D ( 'NONE', #5317, #3404, #12470 ) ;
#11770 = DIRECTION ( 'NONE',  ( 0.000000000000000000, 0.000000000000000000, 1.000000000000000000 ) ) ;
#11771 = CARTESIAN_POINT ( 'NONE',  ( 0.000000000000000000, 114.0000000000000000, -0.5000000000000108802 ) ) ;
#11772 = DIRECTION ( 'NONE',  ( -1.000000000000000000, 0.000000000000000000, 0.000000000000000000 ) ) ;
#11774 = ORIENTED_EDGE ( 'NONE', *, *, #12035, .F. ) ;
#11773 = VECTOR ( 'NONE', #9844, 1000.000000000000000 ) ;
#11775 = DIRECTION ( 'NONE',  ( 0.000000000000000000, 1.000000000000000000, 0.000000000000000000 ) ) ;
#11776 = VERTEX_POINT ( 'NONE', #6342 ) ;
#11777 = DIRECTION ( 'NONE',  ( 1.224646799147353207E-16, 1.000000000000000000, 0.000000000000000000 ) ) ;
#11778 = CARTESIAN_POINT ( 'NONE',  ( -47.25000000001955414, -291415.8694450773764, 6.499999999999996447 ) ) ;
#11779 = EDGE_CURVE ( 'NONE', #9074, #11776, #3180, .T. ) ;
#11780 = CARTESIAN_POINT ( 'NONE',  ( 12.69999999999999929, 114.0000000000000000, 14.20569654897112244 ) ) ;
#11781 = VECTOR ( 'NONE', #8014, 1000.000000000000000 ) ;
#11782 = AXIS2_PLACEMENT_3D ( 'NONE', #12183, #3115, #4295 ) ;
#11783 = CARTESIAN_POINT ( 'NONE',  ( 45.00000000000000000, 45.00000000000000000, 73.39999999999999147 ) ) ;
#11784 = FACE_BOUND ( 'NONE', #2904, .T. ) ;
#11785 = EDGE_LOOP ( 'NONE', ( #10035, #5594, #11973, #11841 ) ) ;
#11786 = DIRECTION ( 'NONE',  ( 1.000000000000000000, 0.000000000000000000, 0.000000000000000000 ) ) ;
#11787 = APPROVAL ( #12383, 'UNSPECIFIED' ) ;
#11788 = EDGE_CURVE ( 'NONE', #6349, #10832, #3902, .T. ) ;
#11789 = EDGE_LOOP ( 'NONE', ( #8017, #7407, #2313, #9693 ) ) ;
#11790 = LINE ( 'NONE', #12652, #6309 ) ;
#11791 = ORIENTED_EDGE ( 'NONE', *, *, #8696, .F. ) ;
#11792 = CIRCLE ( 'NONE', #9479, 7.499999999999985789 ) ;
#11793 = VECTOR ( 'NONE', #2302, 1000.000000000000114 ) ;
#11794 = AXIS2_PLACEMENT_3D ( 'NONE', #11744, #10885, #6821 ) ;
#11795 = DIRECTION ( 'NONE',  ( -1.000000000000000000, 0.000000000000000000, 0.000000000000000000 ) ) ;
#11796 = CARTESIAN_POINT ( 'NONE',  ( 30.57934253055339724, 152.1726740112389109, -70.00000000000000000 ) ) ;
#11797 = FACE_OUTER_BOUND ( 'NONE', #10906, .T. ) ;
#11798 = EDGE_LOOP ( 'NONE', ( #1144, #6435, #6176, #9667 ) ) ;
#11799 = AXIS2_PLACEMENT_3D ( 'NONE', #3032, #9016, #11975 ) ;
#11800 = AXIS2_PLACEMENT_3D ( 'NONE', #12492, #4599, #5737 ) ;
#11801 = AXIS2_PLACEMENT_3D ( 'NONE', #3531, #1312, #11616 ) ;
#11802 = DIRECTION ( 'NONE',  ( 0.000000000000000000, 0.000000000000000000, -1.000000000000000000 ) ) ;
#11803 = LINE ( 'NONE', #1565, #8898 ) ;
#11804 = ORIENTED_EDGE ( 'NONE', *, *, #4736, .F. ) ;
#11805 = EDGE_CURVE ( 'NONE', #8418, #6400, #10208, .T. ) ;
#11806 = ORIENTED_EDGE ( 'NONE', *, *, #10856, .T. ) ;
#11807 = FACE_OUTER_BOUND ( 'NONE', #7035, .T. ) ;
#11808 = EDGE_CURVE ( 'NONE', #7944, #7816, #11072, .T. ) ;
#11809 = CARTESIAN_POINT ( 'NONE',  ( 45.00000000000000000, 45.00000000000000000, 112.0000000000000000 ) ) ;
#11810 = VERTEX_POINT ( 'NONE', #9607 ) ;
#11811 = ORIENTED_EDGE ( 'NONE', *, *, #779, .F. ) ;
#11812 = DIRECTION ( 'NONE',  ( -0.000000000000000000, -0.000000000000000000, 1.000000000000000000 ) ) ;
#11813 = CIRCLE ( 'NONE', #7412, 1.000000000000000888 ) ;
#11814 = DIRECTION ( 'NONE',  ( 0.000000000000000000, 1.000000000000000000, 0.000000000000000000 ) ) ;
#11815 = CARTESIAN_POINT ( 'NONE',  ( 22.50000000000000000, 114.0000000000000000, 14.20569654897112244 ) ) ;
#11816 = FACE_OUTER_BOUND ( 'NONE', #7340, .T. ) ;
#11817 = DIRECTION ( 'NONE',  ( -0.000000000000000000, -0.000000000000000000, -1.000000000000000000 ) ) ;
#11818 = ORIENTED_EDGE ( 'NONE', *, *, #7196, .F. ) ;
#11819 = VERTEX_POINT ( 'NONE', #6608 ) ;
#11820 = AXIS2_PLACEMENT_3D ( 'NONE', #1560, #1495, #563 ) ;
#11821 = DIRECTION ( 'NONE',  ( -1.000000000000000000, 0.000000000000000000, 0.000000000000000000 ) ) ;
#11822 = FACE_OUTER_BOUND ( 'NONE', #12734, .T. ) ;
#11823 = EDGE_CURVE ( 'NONE', #11344, #10944, #4097, .T. ) ;
#11824 = ORIENTED_EDGE ( 'NONE', *, *, #11808, .F. ) ;
#11825 = DIRECTION ( 'NONE',  ( 0.000000000000000000, 1.000000000000000000, 0.000000000000000000 ) ) ;
#11826 = PLANE ( 'NONE',  #4669 ) ;
#11827 = CIRCLE ( 'NONE', #10356, 28.08750000000000213 ) ;
#11828 = ORIENTED_EDGE ( 'NONE', *, *, #2111, .T. ) ;
#11829 = DIRECTION ( 'NONE',  ( -0.000000000000000000, -0.000000000000000000, 1.000000000000000000 ) ) ;
#11830 = CARTESIAN_POINT ( 'NONE',  ( -35.92640687119284593, 42.42640687119283172, 9.999999999999992895 ) ) ;
#11831 = DIRECTION ( 'NONE',  ( 0.000000000000000000, 0.000000000000000000, -1.000000000000000000 ) ) ;
#11832 = DIRECTION ( 'NONE',  ( 0.000000000000000000, 0.000000000000000000, -1.000000000000000000 ) ) ;
#11833 = CARTESIAN_POINT ( 'NONE',  ( 0.000000000000000000, 114.0000000000000000, -19.50000000000000355 ) ) ;
#11834 = VECTOR ( 'NONE', #7562, 1000.000000000000000 ) ;
#11835 = ADVANCED_FACE ( 'NONE', ( #5560 ), #3444, .T. ) ;
#11836 = ORIENTED_EDGE ( 'NONE', *, *, #4171, .F. ) ;
#11837 = ORIENTED_EDGE ( 'NONE', *, *, #654, .T. ) ;
#11838 = CIRCLE ( 'NONE', #6172, 1.249999999999997558 ) ;
#11839 = CARTESIAN_POINT ( 'NONE',  ( 0.000000000000000000, 114.0000000000000000, -51.50000000000000000 ) ) ;
#11840 = ADVANCED_FACE ( 'NONE', ( #4613 ), #978, .T. ) ;
#11841 = ORIENTED_EDGE ( 'NONE', *, *, #4006, .T. ) ;
#11842 = DIRECTION ( 'NONE',  ( -1.000000000000000000, 0.000000000000000000, 0.000000000000000000 ) ) ;
#11843 = DIRECTION ( 'NONE',  ( 1.224646799147353207E-16, 1.000000000000000000, 0.000000000000000000 ) ) ;
#11844 = CARTESIAN_POINT ( 'NONE',  ( 52.00000000000012079, -45.49999999999998579, -48.80000000000003979 ) ) ;
#11845 = DIRECTION ( 'NONE',  ( 0.000000000000000000, 0.000000000000000000, -1.000000000000000000 ) ) ;
#11846 = DIRECTION ( 'NONE',  ( 0.000000000000000000, 1.000000000000000000, 0.000000000000000000 ) ) ;
#11847 = ORIENTED_EDGE ( 'NONE', *, *, #10873, .F. ) ;
#11848 = CARTESIAN_POINT ( 'NONE',  ( 22.50000000000000000, 114.0000000000000000, 14.20569654897112244 ) ) ;
#11849 = CARTESIAN_POINT ( 'NONE',  ( -51.50000000000001421, -12.37139580705811603, 53.22051328909002166 ) ) ;
#11850 = EDGE_CURVE ( 'NONE', #11676, #10140, #11685, .T. ) ;
#11851 = EDGE_CURVE ( 'NONE', #5745, #12471, #12575, .T. ) ;
#11852 = ORIENTED_EDGE ( 'NONE', *, *, #1129, .T. ) ;
#11853 = DIRECTION ( 'NONE',  ( 1.000000000000000000, 0.000000000000000000, 0.000000000000000000 ) ) ;
#11854 = ORIENTED_EDGE ( 'NONE', *, *, #4246, .F. ) ;
#11855 = VERTEX_POINT ( 'NONE', #5357 ) ;
#11856 = CIRCLE ( 'NONE', #10176, 6.499999999999999112 ) ;
#11857 = DIRECTION ( 'NONE',  ( -1.000000000000000000, 0.000000000000000000, 0.000000000000000000 ) ) ;
#11858 = DIRECTION ( 'NONE',  ( -1.000000000000000000, 0.000000000000000000, 0.000000000000000000 ) ) ;
#11859 = FACE_OUTER_BOUND ( 'NONE', #8702, .T. ) ;
#11860 = EDGE_CURVE ( 'NONE', #3813, #556, #2384, .T. ) ;
#11861 = ORIENTED_EDGE ( 'NONE', *, *, #5770, .T. ) ;
#11862 = ORIENTED_EDGE ( 'NONE', *, *, #6319, .F. ) ;
#11863 = DIRECTION ( 'NONE',  ( 1.000000000000000000, 0.000000000000000000, 0.000000000000000000 ) ) ;
#11864 = FACE_BOUND ( 'NONE', #5565, .T. ) ;
#11865 = ORIENTED_EDGE ( 'NONE', *, *, #9923, .T. ) ;
#11866 = VERTEX_POINT ( 'NONE', #11656 ) ;
#11867 = CARTESIAN_POINT ( 'NONE',  ( 0.000000000000000000, 114.0000000000000000, -8.500000000000003553 ) ) ;
#11868 = EDGE_CURVE ( 'NONE', #1120, #5570, #12450, .T. ) ;
#11869 = DIRECTION ( 'NONE',  ( 0.000000000000000000, 1.000000000000000000, 0.000000000000000000 ) ) ;
#11870 = ORIENTED_EDGE ( 'NONE', *, *, #11788, .T. ) ;
#11871 = ORIENTED_EDGE ( 'NONE', *, *, #2202, .F. ) ;
#11872 = DIRECTION ( 'NONE',  ( -1.000000000000000000, 0.000000000000000000, 0.000000000000000000 ) ) ;
#11873 = CARTESIAN_POINT ( 'NONE',  ( -51.50000000000000711, 1.561251128379126385E-14, 40.29999999999998295 ) ) ;
#11874 = CARTESIAN_POINT ( 'NONE',  ( 19.90000000000000213, 114.0000000000000000, -66.32679491924312742 ) ) ;
#11875 = EDGE_CURVE ( 'NONE', #2297, #8688, #5493, .T. ) ;
#11876 = CARTESIAN_POINT ( 'NONE',  ( 0.000000000000000000, 114.0000000000000000, -77.99999999999998579 ) ) ;
#11877 = AXIS2_PLACEMENT_3D ( 'NONE', #10229, #1233, #8125 ) ;
#11878 = DIRECTION ( 'NONE',  ( -0.000000000000000000, -0.000000000000000000, 1.000000000000000000 ) ) ;
#11879 = VERTEX_POINT ( 'NONE', #12381 ) ;
#11880 = VERTEX_POINT ( 'NONE', #3377 ) ;
#11881 = CARTESIAN_POINT ( 'NONE',  ( -42.42640687119281750, 42.42640687119286014, 10.00000000000000000 ) ) ;
#11882 = CIRCLE ( 'NONE', #9989, 6.499999999999999112 ) ;
#11883 = DIRECTION ( 'NONE',  ( 1.000000000000000000, 0.000000000000000000, 0.000000000000000000 ) ) ;
#11884 = LINE ( 'NONE', #9539, #2062 ) ;
#11885 = ORIENTED_EDGE ( 'NONE', *, *, #7822, .T. ) ;
#11886 = CARTESIAN_POINT ( 'NONE',  ( 30.77624999999999744, 114.0000000000000000, -57.50000000000000000 ) ) ;
#11887 = DIRECTION ( 'NONE',  ( -0.000000000000000000, -0.000000000000000000, 1.000000000000000000 ) ) ;
#11888 = LINE ( 'NONE', #10975, #253 ) ;
#11889 = ADVANCED_FACE ( 'NONE', ( #11459 ), #3571, .T. ) ;
#11890 = AXIS2_PLACEMENT_3D ( 'NONE', #9356, #356, #4364 ) ;
#11891 = DIRECTION ( 'NONE',  ( 0.000000000000000000, 0.000000000000000000, 1.000000000000000000 ) ) ;
#11892 = EDGE_CURVE ( 'NONE', #8688, #963, #9784, .T. ) ;
#11893 = LINE ( 'NONE', #1723, #200 ) ;
#11894 = CIRCLE ( 'NONE', #9171, 4.599999999999996092 ) ;
#11895 = DIRECTION ( 'NONE',  ( -0.1358808089250767570, -0.9907251918498221066, -1.571437527846996570E-17 ) ) ;
#11896 = VECTOR ( 'NONE', #2234, 1000.000000000000000 ) ;
#11897 = CARTESIAN_POINT ( 'NONE',  ( 0.000000000000000000, 114.0000000000000000, -21.09556051177057867 ) ) ;
#11898 = ORIENTED_EDGE ( 'NONE', *, *, #1714, .T. ) ;
#11899 = PLANE ( 'NONE',  #6083 ) ;
#11900 = AXIS2_PLACEMENT_3D ( 'NONE', #4040, #9037, #5101 ) ;
#11901 = ORIENTED_EDGE ( 'NONE', *, *, #2701, .T. ) ;
#11902 = VERTEX_POINT ( 'NONE', #4491 ) ;
#11903 = PLANE ( 'NONE',  #9487 ) ;
#11904 = EDGE_CURVE ( 'NONE', #9074, #4744, #12506, .T. ) ;
#11905 = AXIS2_PLACEMENT_3D ( 'NONE', #9126, #12946, #1179 ) ;
#11906 = AXIS2_PLACEMENT_3D ( 'NONE', #1530, #7377, #12493 ) ;
#11907 = CARTESIAN_POINT ( 'NONE',  ( 0.000000000000000000, 114.0000000000000000, -14.50000000000000711 ) ) ;
#11908 = EDGE_CURVE ( 'NONE', #3564, #12382, #7497, .T. ) ;
#11909 = CARTESIAN_POINT ( 'NONE',  ( -42.42640687119284593, -42.42640687119285303, 9.999999999999992895 ) ) ;
#11910 = CARTESIAN_POINT ( 'NONE',  ( -57.49999999999994316, 11.47895871728104744, 65.17572006907401772 ) ) ;
#11911 = CYLINDRICAL_SURFACE ( 'NONE', #5027, 6.800000000000004263 ) ;
#11912 = AXIS2_PLACEMENT_3D ( 'NONE', #6288, #12993, #10027 ) ;
#11913 = VERTEX_POINT ( 'NONE', #9672 ) ;
#11914 = DIRECTION ( 'NONE',  ( 0.000000000000000000, 0.000000000000000000, 1.000000000000000000 ) ) ;
#11915 = DIRECTION ( 'NONE',  ( 1.000000000000000000, 0.000000000000000000, 0.000000000000000000 ) ) ;
#11916 = ORIENTED_EDGE ( 'NONE', *, *, #3637, .F. ) ;
#11917 = FACE_OUTER_BOUND ( 'NONE', #12934, .T. ) ;
#11918 = ORIENTED_EDGE ( 'NONE', *, *, #1783, .T. ) ;
#11919 = ORIENTED_EDGE ( 'NONE', *, *, #2969, .F. ) ;
#11920 = DIRECTION ( 'NONE',  ( 1.000000000000000000, 0.000000000000000000, 0.000000000000000000 ) ) ;
#11921 = AXIS2_PLACEMENT_3D ( 'NONE', #734, #4726, #4132 ) ;
#11922 = DIRECTION ( 'NONE',  ( -0.000000000000000000, -0.000000000000000000, -1.000000000000000000 ) ) ;
#11923 = CARTESIAN_POINT ( 'NONE',  ( -48.92640687119284593, -42.42640687119285303, 9.999999999999992895 ) ) ;
#11924 = EDGE_CURVE ( 'NONE', #1019, #11880, #8328, .T. ) ;
#11925 = ORIENTED_EDGE ( 'NONE', *, *, #9323, .F. ) ;
#11926 = PLANE ( 'NONE',  #1412 ) ;
#11927 = PLANE ( 'NONE',  #2283 ) ;
#11928 = ORIENTED_EDGE ( 'NONE', *, *, #11133, .F. ) ;
#11929 = ORIENTED_EDGE ( 'NONE', *, *, #304, .T. ) ;
#11930 = VECTOR ( 'NONE', #3677, 1000.000000000000000 ) ;
#11931 = CYLINDRICAL_SURFACE ( 'NONE', #11900, 6.499999999999999112 ) ;
#11932 = VECTOR ( 'NONE', #4608, 1000.000000000000000 ) ;
#11933 = ORIENTED_EDGE ( 'NONE', *, *, #3516, .F. ) ;
#11934 = LINE ( 'NONE', #11809, #4444 ) ;
#11935 = VERTEX_POINT ( 'NONE', #5752 ) ;
#11936 = VERTEX_POINT ( 'NONE', #11844 ) ;
#11937 = CARTESIAN_POINT ( 'NONE',  ( -45.50000000000409273, 68.50000000000835598, -67.00000000000000000 ) ) ;
#11938 = CARTESIAN_POINT ( 'NONE',  ( -33.46499999999999631, 114.0000000000000000, -61.23237503977025398 ) ) ;
#11939 = DIRECTION ( 'NONE',  ( 0.000000000000000000, 0.000000000000000000, -1.000000000000000000 ) ) ;
#11940 = AXIS2_PLACEMENT_3D ( 'NONE', #293, #5157, #8379 ) ;
#11941 = EDGE_CURVE ( 'NONE', #2322, #11456, #3501, .T. ) ;
#11942 = AXIS2_PLACEMENT_3D ( 'NONE', #9875, #4144, #1864 ) ;
#11943 = ADVANCED_FACE ( 'NONE', ( #5940 ), #4747, .T. ) ;
#11944 =( LENGTH_UNIT ( ) NAMED_UNIT ( * ) SI_UNIT ( .MILLI., .METRE. ) );
#11945 = FACE_OUTER_BOUND ( 'NONE', #6350, .T. ) ;
#11946 = VERTEX_POINT ( 'NONE', #6674 ) ;
#11947 = EDGE_LOOP ( 'NONE', ( #2351, #12514 ) ) ;
#11948 = CARTESIAN_POINT ( 'NONE',  ( -4.000000000000000888, 114.0000000000000000, -64.00000000000000000 ) ) ;
#11949 = DIRECTION ( 'NONE',  ( 0.000000000000000000, 0.000000000000000000, 1.000000000000000000 ) ) ;
#11950 = CYLINDRICAL_SURFACE ( 'NONE', #4154, 6.019999999999993356 ) ;
#11951 = ORIENTED_EDGE ( 'NONE', *, *, #5381, .F. ) ;
#11952 = AXIS2_PLACEMENT_3D ( 'NONE', #3465, #310, #8333 ) ;
#11953 = CARTESIAN_POINT ( 'NONE',  ( 12.50000000000000000, 114.0000000000000000, 14.20569654897112244 ) ) ;
#11954 = EDGE_CURVE ( 'NONE', #10352, #11662, #5807, .T. ) ;
#11955 = TOROIDAL_SURFACE ( 'NONE', #7553, 30.77624999999999744, 4.499999999999997335 ) ;
#11956 = EDGE_CURVE ( 'NONE', #11691, #6486, #11484, .T. ) ;
#11957 = DIRECTION ( 'NONE',  ( 0.000000000000000000, 0.000000000000000000, -1.000000000000000000 ) ) ;
#11958 = CARTESIAN_POINT ( 'NONE',  ( 0.000000000000000000, 114.0000000000000000, -65.50000000000000000 ) ) ;
#11959 = SECURITY_CLASSIFICATION ( '', '', #6475 ) ;
#11960 = PLANE ( 'NONE',  #8760 ) ;
#11961 = VECTOR ( 'NONE', #4672, 1000.000000000000000 ) ;
#11962 = CYLINDRICAL_SURFACE ( 'NONE', #6118, 6.499999999999999112 ) ;
#11963 = DIRECTION ( 'NONE',  ( 0.000000000000000000, 1.000000000000000000, 0.000000000000000000 ) ) ;
#11964 = VERTEX_POINT ( 'NONE', #9934 ) ;
#11965 = DIRECTION ( 'NONE',  ( 0.9907251918498221066, -0.1358808089250767570, 0.000000000000000000 ) ) ;
#11966 = DIRECTION ( 'NONE',  ( 1.000000000000000000, 0.000000000000000000, 0.000000000000000000 ) ) ;
#11967 = EDGE_CURVE ( 'NONE', #11125, #6443, #12708, .T. ) ;
#11968 = EDGE_CURVE ( 'NONE', #1216, #794, #1926, .T. ) ;
#11969 = ORIENTED_EDGE ( 'NONE', *, *, #8599, .F. ) ;
#11970 = CARTESIAN_POINT ( 'NONE',  ( 0.000000000000000000, 114.0000000000000000, -1.500000000000011768 ) ) ;
#11971 = EDGE_CURVE ( 'NONE', #412, #7930, #4870, .T. ) ;
#11972 = VERTEX_POINT ( 'NONE', #5876 ) ;
#11973 = ORIENTED_EDGE ( 'NONE', *, *, #6538, .T. ) ;
#11974 = CIRCLE ( 'NONE', #10720, 9.000000000000001776 ) ;
#11975 = DIRECTION ( 'NONE',  ( 1.000000000000000000, 0.000000000000000000, 0.000000000000000000 ) ) ;
#11976 = DIRECTION ( 'NONE',  ( -0.000000000000000000, -1.501203008056852691E-16, 1.000000000000000000 ) ) ;
#11977 = EDGE_CURVE ( 'NONE', #10231, #2105, #12942, .T. ) ;
#11978 = FACE_OUTER_BOUND ( 'NONE', #6222, .T. ) ;
#11979 = CYLINDRICAL_SURFACE ( 'NONE', #3914, 9.500000000000001776 ) ;
#11980 = AXIS2_PLACEMENT_3D ( 'NONE', #11032, #7949, #844 ) ;
#11981 = LINE ( 'NONE', #6004, #5241 ) ;
#11982 = ORIENTED_EDGE ( 'NONE', *, *, #9509, .F. ) ;
#11983 = FACE_OUTER_BOUND ( 'NONE', #9652, .T. ) ;
#11984 = DIRECTION ( 'NONE',  ( 0.9907251918498203302, 0.1358808089250893303, 0.000000000000000000 ) ) ;
#11985 = ADVANCED_FACE ( 'NONE', ( #10672 ), #6924, .T. ) ;
#11986 = ORIENTED_EDGE ( 'NONE', *, *, #12440, .F. ) ;
#11987 = PLANE ( 'NONE',  #3584 ) ;
#11988 = ORIENTED_EDGE ( 'NONE', *, *, #9606, .T. ) ;
#11989 = DIRECTION ( 'NONE',  ( 0.000000000000000000, 0.000000000000000000, 1.000000000000000000 ) ) ;
#11990 = CIRCLE ( 'NONE', #9463, 26.27625000000000099 ) ;
#11991 = AXIS2_PLACEMENT_3D ( 'NONE', #12476, #12605, #2478 ) ;
#11992 = DIRECTION ( 'NONE',  ( 0.000000000000000000, -1.000000000000000000, 0.000000000000000000 ) ) ;
#11993 = DIRECTION ( 'NONE',  ( -0.000000000000000000, -0.000000000000000000, -1.000000000000000000 ) ) ;
#11994 = ORIENTED_EDGE ( 'NONE', *, *, #1760, .T. ) ;
#11995 = VERTEX_POINT ( 'NONE', #866 ) ;
#11996 = CARTESIAN_POINT ( 'NONE',  ( 37.49999999999999289, 114.0000000000000000, -50.50000000000000000 ) ) ;
#11997 = CARTESIAN_POINT ( 'NONE',  ( -39.12398950069049874, -28.87693130457884649, 112.0000000000000000 ) ) ;
#11998 = EDGE_LOOP ( 'NONE', ( #12668, #9271 ) ) ;
#11999 = AXIS2_PLACEMENT_3D ( 'NONE', #4885, #6867, #879 ) ;
#12000 = ORIENTED_EDGE ( 'NONE', *, *, #973, .T. ) ;
#12001 = DIRECTION ( 'NONE',  ( -1.000000000000000000, 0.000000000000000000, 0.000000000000000000 ) ) ;
#12002 = ADVANCED_FACE ( 'NONE', ( #11978 ), #8893, .F. ) ;
#12003 = ORIENTED_EDGE ( 'NONE', *, *, #12370, .F. ) ;
#12004 = DIRECTION ( 'NONE',  ( -0.000000000000000000, -0.000000000000000000, 1.000000000000000000 ) ) ;
#12005 = ORIENTED_EDGE ( 'NONE', *, *, #545, .T. ) ;
#12006 = VERTEX_POINT ( 'NONE', #3758 ) ;
#12007 = DIRECTION ( 'NONE',  ( 0.000000000000000000, 0.000000000000000000, 1.000000000000000000 ) ) ;
#12008 = CARTESIAN_POINT ( 'NONE',  ( 0.000000000000000000, 114.0000000000000000, -49.50000000000000000 ) ) ;
#12009 = CARTESIAN_POINT ( 'NONE',  ( -34.50000000000000711, 114.0000000000000000, -44.90443948822942843 ) ) ;
#12010 = CIRCLE ( 'NONE', #5513, 4.250000000000003553 ) ;
#12011 = VECTOR ( 'NONE', #8490, 1000.000000000000000 ) ;
#12012 = FACE_OUTER_BOUND ( 'NONE', #11373, .T. ) ;
#12013 = AXIS2_PLACEMENT_3D ( 'NONE', #4116, #6044, #8132 ) ;
#12014 = ADVANCED_FACE ( 'NONE', ( #7779 ), #6863, .T. ) ;
#12015 = DIRECTION ( 'NONE',  ( 0.000000000000000000, -1.000000000000000000, 0.000000000000000000 ) ) ;
#12016 = DIRECTION ( 'NONE',  ( 1.000000000000000000, 0.000000000000000000, 0.000000000000000000 ) ) ;
#12017 = EDGE_LOOP ( 'NONE', ( #4805, #579, #360, #10586 ) ) ;
#12018 = DIRECTION ( 'NONE',  ( -0.9907251918498203302, -0.1358808089250893303, 0.000000000000000000 ) ) ;
#12019 = DIRECTION ( 'NONE',  ( 1.000000000000000000, 0.000000000000000000, 0.000000000000000000 ) ) ;
#12020 = CARTESIAN_POINT ( 'NONE',  ( 45.50000000000013500, -51.99999999999998579, -313.5367466867102166 ) ) ;
#12021 = CARTESIAN_POINT ( 'NONE',  ( 0.000000000000000000, 114.0000000000000000, -50.32679491924312032 ) ) ;
#12022 = EDGE_CURVE ( 'NONE', #4712, #4393, #7066, .T. ) ;
#12023 = CARTESIAN_POINT ( 'NONE',  ( 12.50000000000000000, 114.0000000000000000, -49.00000000000000000 ) ) ;
#12024 = DIRECTION ( 'NONE',  ( -4.383625018638762042E-16, 1.000000000000000000, 0.000000000000000000 ) ) ;
#12025 = EDGE_CURVE ( 'NONE', #672, #11483, #5182, .T. ) ;
#12026 = EDGE_CURVE ( 'NONE', #12241, #11626, #10734, .T. ) ;
#12027 = CARTESIAN_POINT ( 'NONE',  ( -42.67205742728176432, 80.58668790124114878, 6.499999999999996447 ) ) ;
#12028 = CIRCLE ( 'NONE', #278, 12.69999999999999929 ) ;
#12029 = ADVANCED_FACE ( 'NONE', ( #8153 ), #9082, .F. ) ;
#12030 = DIRECTION ( 'NONE',  ( -1.000000000000000000, 0.000000000000000000, 0.000000000000000000 ) ) ;
#12031 = DIRECTION ( 'NONE',  ( -0.000000000000000000, -0.000000000000000000, 1.000000000000000000 ) ) ;
#12032 = ORIENTED_EDGE ( 'NONE', *, *, #10860, .F. ) ;
#12033 = PLANE ( 'NONE',  #3478 ) ;
#12034 = DIRECTION ( 'NONE',  ( -0.000000000000000000, -0.000000000000000000, 1.000000000000000000 ) ) ;
#12035 = EDGE_CURVE ( 'NONE', #6447, #3972, #8225, .T. ) ;
#12036 = ORIENTED_EDGE ( 'NONE', *, *, #10351, .T. ) ;
#12037 = CARTESIAN_POINT ( 'NONE',  ( 28.87693130457876123, 39.12398950069061243, 112.0000000000000000 ) ) ;
#12038 = AXIS2_PLACEMENT_3D ( 'NONE', #7739, #12860, #9699 ) ;
#12039 = EDGE_CURVE ( 'NONE', #5783, #11456, #11894, .T. ) ;
#12040 = ORIENTED_EDGE ( 'NONE', *, *, #2690, .F. ) ;
#12041 = ORIENTED_EDGE ( 'NONE', *, *, #10591, .F. ) ;
#12042 = AXIS2_PLACEMENT_3D ( 'NONE', #9414, #3443, #4489 ) ;
#12043 = CARTESIAN_POINT ( 'NONE',  ( -35.92640687119284593, 42.42640687119283172, 11.59999999999999254 ) ) ;
#12044 = DIRECTION ( 'NONE',  ( -0.000000000000000000, -0.000000000000000000, 1.000000000000000000 ) ) ;
#12045 = DIRECTION ( 'NONE',  ( -0.000000000000000000, -0.000000000000000000, 1.000000000000000000 ) ) ;
#12046 = ADVANCED_FACE ( 'NONE', ( #10195 ), #11054, .F. ) ;
#12047 = EDGE_CURVE ( 'NONE', #4302, #11776, #3911, .T. ) ;
#12048 = DIRECTION ( 'NONE',  ( -1.000000000000000000, 0.000000000000000000, 0.000000000000000000 ) ) ;
#12049 = AXIS2_PLACEMENT_3D ( 'NONE', #3461, #8521, #7347 ) ;
#12050 = FACE_BOUND ( 'NONE', #5145, .T. ) ;
#12051 = ORIENTED_EDGE ( 'NONE', *, *, #8091, .T. ) ;
#12052 = DIRECTION ( 'NONE',  ( -0.000000000000000000, 0.000000000000000000, 1.000000000000000000 ) ) ;
#12053 = CARTESIAN_POINT ( 'NONE',  ( 0.000000000000000000, 114.0000000000000000, -57.50000000000000000 ) ) ;
#12054 = VERTEX_POINT ( 'NONE', #134 ) ;
#12055 = DIRECTION ( 'NONE',  ( -0.000000000000000000, 0.000000000000000000, -1.000000000000000000 ) ) ;
#12056 = ORIENTED_EDGE ( 'NONE', *, *, #2985, .F. ) ;
#12057 = ORIENTED_EDGE ( 'NONE', *, *, #5072, .T. ) ;
#12058 = DIRECTION ( 'NONE',  ( 0.000000000000000000, 0.000000000000000000, -1.000000000000000000 ) ) ;
#12059 = CIRCLE ( 'NONE', #1374, 26.75000000000000000 ) ;
#12060 = CARTESIAN_POINT ( 'NONE',  ( -45.50000000000000711, 82.55380013323630806, 86.25669469476747508 ) ) ;
#12061 = ORIENTED_EDGE ( 'NONE', *, *, #7659, .T. ) ;
#12062 = EDGE_CURVE ( 'NONE', #4848, #10392, #9142, .T. ) ;
#12063 = VERTEX_POINT ( 'NONE', #1136 ) ;
#12064 = ADVANCED_FACE ( 'NONE', ( #10063 ), #2965, .F. ) ;
#12065 = DIRECTION ( 'NONE',  ( 1.000000000000000000, 0.000000000000000000, 0.000000000000000000 ) ) ;
#12066 = DIRECTION ( 'NONE',  ( 0.000000000000000000, 0.000000000000000000, -1.000000000000000000 ) ) ;
#12067 = ORIENTED_EDGE ( 'NONE', *, *, #12346, .F. ) ;
#12068 = CARTESIAN_POINT ( 'NONE',  ( -58.99999999999998579, 0.000000000000000000, 58.79999999999997584 ) ) ;
#12069 = DIRECTION ( 'NONE',  ( 1.000000000000000000, 0.000000000000000000, 0.000000000000000000 ) ) ;
#12070 = VERTEX_POINT ( 'NONE', #9202 ) ;
#12071 = EDGE_LOOP ( 'NONE', ( #10798, #6249, #7275, #11177 ) ) ;
#12072 = FACE_OUTER_BOUND ( 'NONE', #217, .T. ) ;
#12073 = FACE_OUTER_BOUND ( 'NONE', #12958, .T. ) ;
#12074 = DIRECTION ( 'NONE',  ( -0.000000000000000000, -0.000000000000000000, 1.000000000000000000 ) ) ;
#12075 = EDGE_CURVE ( 'NONE', #10558, #12921, #781, .T. ) ;
#12076 = CYLINDRICAL_SURFACE ( 'NONE', #5828, 33.46499999999999631 ) ;
#12077 = AXIS2_PLACEMENT_3D ( 'NONE', #3871, #1725, #11965 ) ;
#12078 = EDGE_CURVE ( 'NONE', #11936, #12459, #7911, .T. ) ;
#12079 =( NAMED_UNIT ( * ) PLANE_ANGLE_UNIT ( ) SI_UNIT ( $, .RADIAN. ) );
#12080 = CARTESIAN_POINT ( 'NONE',  ( 20.00000000000000000, 114.0000000000000000, -77.99999999999998579 ) ) ;
#12081 = ORIENTED_EDGE ( 'NONE', *, *, #7124, .T. ) ;
#12082 = ORIENTED_EDGE ( 'NONE', *, *, #10415, .T. ) ;
#12083 = CARTESIAN_POINT ( 'NONE',  ( 13.07735026918962618, 114.0000000000000000, 10.49999999999999467 ) ) ;
#12084 = FACE_OUTER_BOUND ( 'NONE', #766, .T. ) ;
#12085 = DIRECTION ( 'NONE',  ( -1.000000000000000000, 0.000000000000000000, 0.000000000000000000 ) ) ;
#12086 = AXIS2_PLACEMENT_3D ( 'NONE', #4398, #2554, #12418 ) ;
#12087 = CARTESIAN_POINT ( 'NONE',  ( 0.000000000000000000, 114.0000000000000000, -65.35000000000000853 ) ) ;
#12088 = EDGE_LOOP ( 'NONE', ( #4501, #11539 ) ) ;
#12089 = CARTESIAN_POINT ( 'NONE',  ( 34.43466739629280937, 71.84752362668099579, 6.499999999999996447 ) ) ;
#12090 = LINE ( 'NONE', #7955, #9803 ) ;
#12091 = CIRCLE ( 'NONE', #8320, 6.800000000000000711 ) ;
#12092 = FACE_OUTER_BOUND ( 'NONE', #10766, .T. ) ;
#12093 = ORIENTED_EDGE ( 'NONE', *, *, #701, .F. ) ;
#12094 = EDGE_CURVE ( 'NONE', #3972, #1933, #4077, .T. ) ;
#12095 = ORIENTED_EDGE ( 'NONE', *, *, #10668, .T. ) ;
#12096 = DIRECTION ( 'NONE',  ( 0.000000000000000000, 0.000000000000000000, -1.000000000000000000 ) ) ;
#12097 = DIRECTION ( 'NONE',  ( 1.000000000000000000, 0.000000000000000000, 0.000000000000000000 ) ) ;
#12098 = ORIENTED_EDGE ( 'NONE', *, *, #2788, .F. ) ;
#12099 = CARTESIAN_POINT ( 'NONE',  ( -28.87693130457883939, 39.12398950069048453, 73.39999999999997726 ) ) ;
#12100 = EDGE_LOOP ( 'NONE', ( #5892, #452, #1009, #1105 ) ) ;
#12101 = ORIENTED_EDGE ( 'NONE', *, *, #10873, .T. ) ;
#12102 = FACE_BOUND ( 'NONE', #7625, .T. ) ;
#12103 = DIRECTION ( 'NONE',  ( 0.000000000000000000, 0.000000000000000000, -1.000000000000000000 ) ) ;
#12104 = DIRECTION ( 'NONE',  ( 1.000000000000000000, 0.000000000000000000, 0.000000000000000000 ) ) ;
#12105 = VECTOR ( 'NONE', #11201, 1000.000000000000227 ) ;
#12106 = AXIS2_PLACEMENT_3D ( 'NONE', #2704, #8888, #2827 ) ;
#12107 = CARTESIAN_POINT ( 'NONE',  ( -57.49999999999996447, -3.095943702778775730, 71.65295927675775545 ) ) ;
#12108 = CARTESIAN_POINT ( 'NONE',  ( -19.90000000000000213, 114.0000000000000000, -66.32679491924312742 ) ) ;
#12109 = AXIS2_PLACEMENT_3D ( 'NONE', #807, #9613, #8829 ) ;
#12110 = ORIENTED_EDGE ( 'NONE', *, *, #4066, .F. ) ;
#12111 = FACE_OUTER_BOUND ( 'NONE', #12939, .T. ) ;
#12112 = DIRECTION ( 'NONE',  ( 0.000000000000000000, 0.000000000000000000, 1.000000000000000000 ) ) ;
#12113 = ORIENTED_EDGE ( 'NONE', *, *, #1349, .F. ) ;
#12114 = DIRECTION ( 'NONE',  ( -1.000000000000000000, 0.000000000000000000, 0.000000000000000000 ) ) ;
#12115 = AXIS2_PLACEMENT_3D ( 'NONE', #8873, #2816, #4850 ) ;
#12116 = ORIENTED_EDGE ( 'NONE', *, *, #2643, .T. ) ;
#12117 = ADVANCED_FACE ( 'NONE', ( #2235 ), #72, .F. ) ;
#12118 = AXIS2_PLACEMENT_3D ( 'NONE', #1893, #1030, #1592 ) ;
#12119 = EDGE_CURVE ( 'NONE', #4205, #12903, #144, .T. ) ;
#12120 = DIRECTION ( 'NONE',  ( 1.000000000000000000, 0.000000000000000000, 0.000000000000000000 ) ) ;
#12121 = FACE_OUTER_BOUND ( 'NONE', #1089, .T. ) ;
#12122 = ORIENTED_EDGE ( 'NONE', *, *, #6792, .F. ) ;
#12123 = ORIENTED_EDGE ( 'NONE', *, *, #9383, .T. ) ;
#12124 = CARTESIAN_POINT ( 'NONE',  ( -45.00000000000000711, 10.94588963949482086, 53.29999999999997584 ) ) ;
#12125 = AXIS2_PLACEMENT_3D ( 'NONE', #8740, #11768, #6781 ) ;
#12126 = PLANE ( 'NONE',  #9832 ) ;
#12127 = ORIENTED_EDGE ( 'NONE', *, *, #5377, .T. ) ;
#12128 = LINE ( 'NONE', #1951, #6039 ) ;
#12129 = ORIENTED_EDGE ( 'NONE', *, *, #6319, .T. ) ;
#12130 = EDGE_CURVE ( 'NONE', #153, #8985, #11249, .T. ) ;
#12131 = FACE_OUTER_BOUND ( 'NONE', #5761, .T. ) ;
#12132 = EDGE_CURVE ( 'NONE', #2727, #4467, #3084, .T. ) ;
#12133 = EDGE_LOOP ( 'NONE', ( #5958, #7910, #12635, #6252 ) ) ;
#12134 = CARTESIAN_POINT ( 'NONE',  ( 0.000000000000000000, 114.0000000000000000, -3.150000000000003464 ) ) ;
#12135 = CYLINDRICAL_SURFACE ( 'NONE', #2670, 6.800000000000004263 ) ;
#12136 = CARTESIAN_POINT ( 'NONE',  ( -59.00000000000000711, 6.000000000000032863, 39.80000000000005400 ) ) ;
#12137 = CARTESIAN_POINT ( 'NONE',  ( -28.87693130457876478, -39.12398950069062664, 112.0000000000000000 ) ) ;
#12138 = DIRECTION ( 'NONE',  ( 0.000000000000000000, 0.000000000000000000, 1.000000000000000000 ) ) ;
#12139 = AXIS2_PLACEMENT_3D ( 'NONE', #12564, #3688, #4605 ) ;
#12140 = CARTESIAN_POINT ( 'NONE',  ( 51.99999999999993605, 165.9999999999999716, 11.50000000000001066 ) ) ;
#12141 = CARTESIAN_POINT ( 'NONE',  ( 0.000000000000000000, 114.0000000000000000, -15.50000000000000355 ) ) ;
#12142 = EDGE_LOOP ( 'NONE', ( #6040, #3158, #6947, #2546 ) ) ;
#12143 = CARTESIAN_POINT ( 'NONE',  ( -33.43424615471842287, 156.1535714285714391, 6.499999999999996447 ) ) ;
#12144 = FACE_OUTER_BOUND ( 'NONE', #12313, .T. ) ;
#12145 = DIRECTION ( 'NONE',  ( 0.9907251918498203302, 0.1358808089250893303, 0.000000000000000000 ) ) ;
#12146 = EDGE_CURVE ( 'NONE', #7984, #9718, #10442, .T. ) ;
#12147 = CARTESIAN_POINT ( 'NONE',  ( -42.42640687119281040, -38.17640687119281040, 10.00000000000000000 ) ) ;
#12148 = ORIENTED_EDGE ( 'NONE', *, *, #10540, .F. ) ;
#12149 = AXIS2_PLACEMENT_3D ( 'NONE', #9971, #9841, #1838 ) ;
#12150 = VECTOR ( 'NONE', #6277, 1000.000000000000000 ) ;
#12151 = DIRECTION ( 'NONE',  ( 0.000000000000000000, 0.000000000000000000, -1.000000000000000000 ) ) ;
#12152 = VECTOR ( 'NONE', #4345, 1000.000000000000000 ) ;
#12153 = DIRECTION ( 'NONE',  ( 1.334402673828310381E-16, -1.000000000000000000, 0.000000000000000000 ) ) ;
#12154 = CARTESIAN_POINT ( 'NONE',  ( -4.000000000000000888, 125.8427192823270104, -78.00000000000000000 ) ) ;
#12155 = EDGE_LOOP ( 'NONE', ( #4396, #7591, #2074, #6897 ) ) ;
#12156 = ORIENTED_EDGE ( 'NONE', *, *, #8326, .T. ) ;
#12157 = VECTOR ( 'NONE', #13004, 1000.000000000000114 ) ;
#12158 = DIRECTION ( 'NONE',  ( -0.000000000000000000, -1.000000000000000000, -0.000000000000000000 ) ) ;
#12159 = CARTESIAN_POINT ( 'NONE',  ( -35.75089393306190999, -29.33956106112634998, 73.39999999999997726 ) ) ;
#12160 = EDGE_LOOP ( 'NONE', ( #4260, #4127, #2980, #884, #8370, #10358, #10957, #3422, #11112, #6378, #9842, #9150, #8487, #4752, #6713, #2944 ) ) ;
#12161 = PLANE ( 'NONE',  #5041 ) ;
#12162 = ORIENTED_EDGE ( 'NONE', *, *, #8513, .F. ) ;
#12163 = ORIENTED_EDGE ( 'NONE', *, *, #8567, .T. ) ;
#12164 = LINE ( 'NONE', #2301, #8633 ) ;
#12165 = CIRCLE ( 'NONE', #6514, 22.39999999999999858 ) ;
#12166 = VECTOR ( 'NONE', #4547, 1000.000000000000000 ) ;
#12167 = DIRECTION ( 'NONE',  ( 0.000000000000000000, 0.000000000000000000, -1.000000000000000000 ) ) ;
#12168 = ADVANCED_FACE ( 'NONE', ( #5278 ), #9276, .F. ) ;
#12169 = CARTESIAN_POINT ( 'NONE',  ( -57.49999999999995737, -7.905840658543689337, 43.33124858723451212 ) ) ;
#12170 = CARTESIAN_POINT ( 'NONE',  ( 22.14000000000005031, -38.19999999999998863, 112.0000000000000000 ) ) ;
#12171 = EDGE_LOOP ( 'NONE', ( #1775, #895, #6793 ) ) ;
#12172 = AXIS2_PLACEMENT_3D ( 'NONE', #4565, #5503, #11408 ) ;
#12173 = DIRECTION ( 'NONE',  ( 0.000000000000000000, -0.000000000000000000, -1.000000000000000000 ) ) ;
#12174 = CARTESIAN_POINT ( 'NONE',  ( -35.75089393306184604, 29.33956106112633222, 112.0000000000000000 ) ) ;
#12175 = ORIENTED_EDGE ( 'NONE', *, *, #8776, .F. ) ;
#12176 = PLANE ( 'NONE',  #3162 ) ;
#12177 = EDGE_CURVE ( 'NONE', #5234, #8835, #11696, .T. ) ;
#12178 = AXIS2_PLACEMENT_3D ( 'NONE', #9007, #243, #3332 ) ;
#12179 = LINE ( 'NONE', #8045, #8671 ) ;
#12180 = DIRECTION ( 'NONE',  ( 0.08304547985373660068, 0.000000000000000000, -0.9965457582448798979 ) ) ;
#12181 = VECTOR ( 'NONE', #1937, 1000.000000000000000 ) ;
#12182 = ORIENTED_EDGE ( 'NONE', *, *, #11892, .T. ) ;
#12183 = CARTESIAN_POINT ( 'NONE',  ( -26.99999999999999645, 73.09999999999999432, -72.00000000000001421 ) ) ;
#12184 = CC_DESIGN_DATE_AND_TIME_ASSIGNMENT ( #10676, #3572, ( #131 ) ) ;
#12185 = ADVANCED_FACE ( 'NONE', ( #6594 ), #4478, .T. ) ;
#12186 = CARTESIAN_POINT ( 'NONE',  ( -35.75089393306191710, -29.33956106112635354, 19.59999999999999076 ) ) ;
#12187 = ORIENTED_EDGE ( 'NONE', *, *, #11466, .T. ) ;
#12188 = DIRECTION ( 'NONE',  ( 0.000000000000000000, 0.000000000000000000, -1.000000000000000000 ) ) ;
#12189 = EDGE_LOOP ( 'NONE', ( #12393, #8015, #1869, #8783, #5306, #951, #8748, #2288, #876, #3645, #9251, #11287, #7693, #8884, #2390, #8637, #2651, #1409 ) ) ;
#12190 = CARTESIAN_POINT ( 'NONE',  ( 0.000000000000000000, 114.0000000000000000, -44.90443948822942843 ) ) ;
#12191 = AXIS2_PLACEMENT_3D ( 'NONE', #6449, #8484, #9582 ) ;
#12192 = EDGE_LOOP ( 'NONE', ( #6629, #12455, #2989, #11522 ) ) ;
#12193 = DIRECTION ( 'NONE',  ( -0.000000000000000000, -0.000000000000000000, 1.000000000000000000 ) ) ;
#12194 = CARTESIAN_POINT ( 'NONE',  ( -38.19999999999998153, -22.14000000000005386, 112.0000000000000000 ) ) ;
#12195 = EDGE_LOOP ( 'NONE', ( #265, #1877, #6880 ) ) ;
#12196 = CARTESIAN_POINT ( 'NONE',  ( -59.00000000000000000, 13.07521828316741441, 57.69572726120715345 ) ) ;
#12197 = LINE ( 'NONE', #2339, #7490 ) ;
#12198 = EDGE_CURVE ( 'NONE', #5067, #3374, #9796, .T. ) ;
#12199 = CIRCLE ( 'NONE', #12415, 37.49999999999999289 ) ;
#12200 = VECTOR ( 'NONE', #3182, 1000.000000000000000 ) ;
#12201 = LINE ( 'NONE', #8993, #1138 ) ;
#12202 = ADVANCED_FACE ( 'NONE', ( #12495 ), #4971, .F. ) ;
#12203 = DIRECTION ( 'NONE',  ( -0.000000000000000000, -0.000000000000000000, 1.000000000000000000 ) ) ;
#12204 = ORIENTED_EDGE ( 'NONE', *, *, #2078, .T. ) ;
#12205 = CARTESIAN_POINT ( 'NONE',  ( -22.13999999999997925, -38.20000000000001705, 19.59999999999999076 ) ) ;
#12206 = CARTESIAN_POINT ( 'NONE',  ( -42.42999999999999261, 156.4300000000000068, 6.499999999999996447 ) ) ;
#12207 = DIRECTION ( 'NONE',  ( -0.000000000000000000, -0.000000000000000000, 1.000000000000000000 ) ) ;
#12208 = CARTESIAN_POINT ( 'NONE',  ( -29.33956106112633933, -35.75089393306184604, 112.0000000000000000 ) ) ;
#12209 = AXIS2_PLACEMENT_3D ( 'NONE', #3252, #6357, #5310 ) ;
#12210 = CIRCLE ( 'NONE', #11591, 6.499999999999999112 ) ;
#12211 = ORIENTED_EDGE ( 'NONE', *, *, #2626, .F. ) ;
#12212 = AXIS2_PLACEMENT_3D ( 'NONE', #12190, #9166, #5036 ) ;
#12213 = CARTESIAN_POINT ( 'NONE',  ( 0.000000000000000000, 114.0000000000000000, 0.4999999999999952260 ) ) ;
#12214 = ORIENTED_EDGE ( 'NONE', *, *, #2383, .F. ) ;
#12215 = CARTESIAN_POINT ( 'NONE',  ( 45.50000000000013500, -51.99999999999998579, -48.80000000000001137 ) ) ;
#12216 = FACE_OUTER_BOUND ( 'NONE', #9580, .T. ) ;
#12217 = EDGE_CURVE ( 'NONE', #7363, #6693, #9403, .T. ) ;
#12218 = VERTEX_POINT ( 'NONE', #8361 ) ;
#12219 = ORIENTED_EDGE ( 'NONE', *, *, #10826, .F. ) ;
#12220 = CIRCLE ( 'NONE', #4456, 6.800000000000004263 ) ;
#12221 = CARTESIAN_POINT ( 'NONE',  ( 0.000000000000000000, 114.0000000000000000, -44.90443948822942843 ) ) ;
#12222 = CARTESIAN_POINT ( 'NONE',  ( 25.79000000000000270, 73.14000000000001478, -2.000000000000004441 ) ) ;
#12223 = EDGE_LOOP ( 'NONE', ( #10627, #12238, #5502, #1835 ) ) ;
#12224 = DIRECTION ( 'NONE',  ( -0.000000000000000000, -0.000000000000000000, 1.000000000000000000 ) ) ;
#12225 = ORIENTED_EDGE ( 'NONE', *, *, #349, .T. ) ;
#12226 = ORIENTED_EDGE ( 'NONE', *, *, #4623, .T. ) ;
#12227 = DIRECTION ( 'NONE',  ( 0.000000000000000000, 0.000000000000000000, -1.000000000000000000 ) ) ;
#12228 = FACE_OUTER_BOUND ( 'NONE', #7577, .T. ) ;
#12229 = VECTOR ( 'NONE', #8073, 1000.000000000000000 ) ;
#12230 = DIRECTION ( 'NONE',  ( 1.000000000000000000, 0.000000000000000000, 0.000000000000000000 ) ) ;
#12231 = EDGE_CURVE ( 'NONE', #8161, #10693, #5604, .T. ) ;
#12232 = CARTESIAN_POINT ( 'NONE',  ( 42.42640687119283882, 42.42640687119283882, 9.999999999999992895 ) ) ;
#12233 = EDGE_CURVE ( 'NONE', #3602, #2831, #7079, .T. ) ;
#12234 = CARTESIAN_POINT ( 'NONE',  ( -57.49999999999975842, -10.37044135009633905, 66.92242150232486608 ) ) ;
#12235 = LINE ( 'NONE', #9085, #9218 ) ;
#12236 = AXIS2_PLACEMENT_3D ( 'NONE', #12336, #12407, #11425 ) ;
#12237 = CIRCLE ( 'NONE', #11618, 24.50000000000000000 ) ;
#12238 = ORIENTED_EDGE ( 'NONE', *, *, #449, .T. ) ;
#12239 = DIRECTION ( 'NONE',  ( 0.000000000000000000, 1.000000000000000000, 0.000000000000000000 ) ) ;
#12240 = CARTESIAN_POINT ( 'NONE',  ( -45.50000000000001421, 5.973941752240075509, 70.48587473309798668 ) ) ;
#12241 = VERTEX_POINT ( 'NONE', #8554 ) ;
#12242 = DIRECTION ( 'NONE',  ( -1.000000000000000000, 0.000000000000000000, 0.000000000000000000 ) ) ;
#12243 = VERTEX_POINT ( 'NONE', #9591 ) ;
#12244 = VECTOR ( 'NONE', #8721, 1000.000000000000000 ) ;
#12245 = LINE ( 'NONE', #6079, #1343 ) ;
#12246 = CIRCLE ( 'NONE', #6599, 4.599999999999992539 ) ;
#12247 = DIRECTION ( 'NONE',  ( 0.000000000000000000, 0.000000000000000000, 1.000000000000000000 ) ) ;
#12248 = ORIENTED_EDGE ( 'NONE', *, *, #7411, .F. ) ;
#12249 = CARTESIAN_POINT ( 'NONE',  ( 48.92640687119283882, -42.42640687119285303, 19.59999999999999076 ) ) ;
#12250 = EDGE_CURVE ( 'NONE', #80, #2398, #10650, .T. ) ;
#12251 = CARTESIAN_POINT ( 'NONE',  ( 0.000000000000000000, 114.0000000000000000, -36.50000000000000711 ) ) ;
#12252 = ORIENTED_EDGE ( 'NONE', *, *, #3605, .T. ) ;
#12253 = EDGE_CURVE ( 'NONE', #10049, #362, #9581, .T. ) ;
#12254 = ORIENTED_EDGE ( 'NONE', *, *, #11348, .F. ) ;
#12255 = CARTESIAN_POINT ( 'NONE',  ( -22.14000000000005031, 38.19999999999997442, 53.29999999999998295 ) ) ;
#12256 = ORIENTED_EDGE ( 'NONE', *, *, #1220, .F. ) ;
#12257 = EDGE_LOOP ( 'NONE', ( #11377, #3117, #2482, #830 ) ) ;
#12258 = DIRECTION ( 'NONE',  ( -1.273191542001326810E-16, -1.000000000000000000, -1.273191542001184322E-16 ) ) ;
#12259 = EDGE_LOOP ( 'NONE', ( #10764, #5726 ) ) ;
#12260 = DIRECTION ( 'NONE',  ( 0.000000000000000000, 1.000000000000000000, 0.000000000000000000 ) ) ;
#12261 = DIRECTION ( 'NONE',  ( -1.000000000000000000, 0.000000000000000000, 0.000000000000000000 ) ) ;
#12262 = ORIENTED_EDGE ( 'NONE', *, *, #9854, .F. ) ;
#12263 = CARTESIAN_POINT ( 'NONE',  ( -59.00000000000008527, 5.973941752240081726, 70.48587473309795826 ) ) ;
#12264 = EDGE_CURVE ( 'NONE', #3842, #9894, #10857, .T. ) ;
#12265 = DIRECTION ( 'NONE',  ( 1.000000000000000000, 0.000000000000000000, 0.000000000000000000 ) ) ;
#12266 = ORIENTED_EDGE ( 'NONE', *, *, #7718, .F. ) ;
#12267 = LINE ( 'NONE', #9501, #8907 ) ;
#12268 = CARTESIAN_POINT ( 'NONE',  ( -4.000000000000000888, 126.4743737317750885, -65.35000000000000853 ) ) ;
#12269 = EDGE_CURVE ( 'NONE', #12392, #3125, #12748, .T. ) ;
#12270 = VERTEX_POINT ( 'NONE', #3426 ) ;
#12271 = CARTESIAN_POINT ( 'NONE',  ( 22.50000000000000000, 114.0000000000000000, -0.5000000000000004441 ) ) ;
#12272 = ORIENTED_EDGE ( 'NONE', *, *, #6756, .F. ) ;
#12273 = DIRECTION ( 'NONE',  ( 1.000000000000000000, 0.000000000000000000, 0.000000000000000000 ) ) ;
#12274 = CARTESIAN_POINT ( 'NONE',  ( 4.000000000000000888, 126.4505859325203687, 10.49999999999999467 ) ) ;
#12275 = CARTESIAN_POINT ( 'NONE',  ( 42.42640687119283882, 42.42640687119283882, 9.999999999999992895 ) ) ;
#12276 = CYLINDRICAL_SURFACE ( 'NONE', #12656, 29.00000000000001066 ) ;
#12277 = ORIENTED_EDGE ( 'NONE', *, *, #3364, .T. ) ;
#12278 = ADVANCED_FACE ( 'NONE', ( #7444 ), #12297, .T. ) ;
#12279 = CYLINDRICAL_SURFACE ( 'NONE', #10329, 3.399999999999993250 ) ;
#12280 = ADVANCED_FACE ( 'NONE', ( #3362, #12433 ), #11578, .F. ) ;
#12281 = VERTEX_POINT ( 'NONE', #10327 ) ;
#12282 = CARTESIAN_POINT ( 'NONE',  ( -12.50000000000000000, 114.0000000000000000, 9.499999999999994671 ) ) ;
#12283 = DIRECTION ( 'NONE',  ( 1.000000000000000000, 0.000000000000000000, 0.000000000000000000 ) ) ;
#12284 = ORIENTED_EDGE ( 'NONE', *, *, #1449, .T. ) ;
#12285 = EDGE_LOOP ( 'NONE', ( #6491, #12127, #2572, #6190, #8040, #8777 ) ) ;
#12286 = CARTESIAN_POINT ( 'NONE',  ( -22.14000000000005031, 38.19999999999997442, 112.0000000000000000 ) ) ;
#12287 = AXIS2_PLACEMENT_3D ( 'NONE', #8496, #3493, #9662 ) ;
#12288 = FACE_OUTER_BOUND ( 'NONE', #259, .T. ) ;
#12289 = ORIENTED_EDGE ( 'NONE', *, *, #11904, .F. ) ;
#12290 = CARTESIAN_POINT ( 'NONE',  ( 42.50000000000001421, 52.00000000000002842, 10.00000000000000000 ) ) ;
#12291 = ORIENTED_EDGE ( 'NONE', *, *, #5277, .T. ) ;
#12292 = ORIENTED_EDGE ( 'NONE', *, *, #8420, .F. ) ;
#12293 = CARTESIAN_POINT ( 'NONE',  ( -24.50000000000000000, 114.0000000000000000, -49.50000000000000000 ) ) ;
#12294 = CARTESIAN_POINT ( 'NONE',  ( 0.000000000000000000, 114.0000000000000000, 9.499999999999994671 ) ) ;
#12295 = ADVANCED_FACE ( 'NONE', ( #1531 ), #6396, .T. ) ;
#12296 = FACE_BOUND ( 'NONE', #12259, .T. ) ;
#12297 = CYLINDRICAL_SURFACE ( 'NONE', #6669, 20.00000000000000355 ) ;
#12298 = EDGE_CURVE ( 'NONE', #4021, #2924, #7310, .T. ) ;
#12299 = CARTESIAN_POINT ( 'NONE',  ( -57.49999999999981526, -5.637851296923982502E-15, 72.02461311097209773 ) ) ;
#12300 = CARTESIAN_POINT ( 'NONE',  ( 36.50000000000000000, 114.0000000000000000, -49.50000000000000711 ) ) ;
#12301 = DIRECTION ( 'NONE',  ( -0.000000000000000000, -0.000000000000000000, 1.000000000000000000 ) ) ;
#12302 = ORIENTED_EDGE ( 'NONE', *, *, #11151, .F. ) ;
#12303 = DIRECTION ( 'NONE',  ( -0.000000000000000000, -0.000000000000000000, -1.000000000000000000 ) ) ;
#12304 = CARTESIAN_POINT ( 'NONE',  ( -51.49999999999989342, 13.57707609273045790, 57.64361941131996048 ) ) ;
#12305 = CIRCLE ( 'NONE', #3488, 13.09999999999999964 ) ;
#12306 = ORIENTED_EDGE ( 'NONE', *, *, #6276, .F. ) ;
#12307 = CARTESIAN_POINT ( 'NONE',  ( -51.50000000000000711, -4.999999999999984901, 39.29999999999998295 ) ) ;
#12308 = EDGE_CURVE ( 'NONE', #8050, #963, #5346, .T. ) ;
#12309 = VECTOR ( 'NONE', #1081, 1000.000000000000000 ) ;
#12310 = VECTOR ( 'NONE', #4291, 1000.000000000000000 ) ;
#12311 = DIRECTION ( 'NONE',  ( 0.000000000000000000, -1.000000000000000000, 0.000000000000000000 ) ) ;
#12312 = DIRECTION ( 'NONE',  ( -0.000000000000000000, -0.000000000000000000, 1.000000000000000000 ) ) ;
#12313 = EDGE_LOOP ( 'NONE', ( #6878, #6832, #4824, #8059 ) ) ;
#12314 = CIRCLE ( 'NONE', #12742, 3.399999999999993250 ) ;
#12315 = DIRECTION ( 'NONE',  ( -0.000000000000000000, -0.000000000000000000, -1.000000000000000000 ) ) ;
#12316 = CARTESIAN_POINT ( 'NONE',  ( 36.76999999999996760, 36.77000000000000313, 73.39999999999999147 ) ) ;
#12317 = VECTOR ( 'NONE', #10598, 1000.000000000000000 ) ;
#12318 = ORIENTED_EDGE ( 'NONE', *, *, #7662, .F. ) ;
#12319 = DIRECTION ( 'NONE',  ( -0.000000000000000000, -0.000000000000000000, 1.000000000000000000 ) ) ;
#12320 = ORIENTED_EDGE ( 'NONE', *, *, #1930, .F. ) ;
#12321 = ORIENTED_EDGE ( 'NONE', *, *, #3111, .T. ) ;
#12322 = DIRECTION ( 'NONE',  ( -1.224646799147353207E-16, 1.000000000000000000, 0.000000000000000000 ) ) ;
#12323 = ORIENTED_EDGE ( 'NONE', *, *, #11956, .F. ) ;
#12324 = VECTOR ( 'NONE', #6942, 1000.000000000000000 ) ;
#12325 = DIRECTION ( 'NONE',  ( 1.000000000000000000, 0.000000000000000000, 0.000000000000000000 ) ) ;
#12326 = FACE_OUTER_BOUND ( 'NONE', #9819, .T. ) ;
#12327 = EDGE_LOOP ( 'NONE', ( #12441, #5870, #11338, #3764 ) ) ;
#12328 = DIRECTION ( 'NONE',  ( -0.000000000000000000, -1.000000000000000000, -0.000000000000000000 ) ) ;
#12329 = AXIS2_PLACEMENT_3D ( 'NONE', #2036, #12153, #55 ) ;
#12330 = DIRECTION ( 'NONE',  ( -0.000000000000000000, -0.000000000000000000, 1.000000000000000000 ) ) ;
#12331 = AXIS2_PLACEMENT_3D ( 'NONE', #1348, #10338, #12242 ) ;
#12332 = EDGE_LOOP ( 'NONE', ( #9164, #8140 ) ) ;
#12333 = ORIENTED_EDGE ( 'NONE', *, *, #12026, .T. ) ;
#12334 = DIRECTION ( 'NONE',  ( -1.000000000000000000, 1.273191542001326810E-16, 0.000000000000000000 ) ) ;
#12335 = CYLINDRICAL_SURFACE ( 'NONE', #5900, 28.08750000000000213 ) ;
#12336 = CARTESIAN_POINT ( 'NONE',  ( 51.99999999999993605, 165.9999999999999716, -313.5367466867102166 ) ) ;
#12337 = ADVANCED_FACE ( 'NONE', ( #9468 ), #5411, .T. ) ;
#12338 = LINE ( 'NONE', #375, #5873 ) ;
#12339 = DIRECTION ( 'NONE',  ( -0.000000000000000000, -0.000000000000000000, -1.000000000000000000 ) ) ;
#12340 = VECTOR ( 'NONE', #9643, 1000.000000000000000 ) ;
#12341 = CARTESIAN_POINT ( 'NONE',  ( -39.12398950069061954, 28.87693130457876123, 112.0000000000000000 ) ) ;
#12342 = ORIENTED_EDGE ( 'NONE', *, *, #2456, .F. ) ;
#12343 = DIRECTION ( 'NONE',  ( 0.000000000000000000, 0.000000000000000000, -1.000000000000000000 ) ) ;
#12344 = VERTEX_POINT ( 'NONE', #3625 ) ;
#12345 = CARTESIAN_POINT ( 'NONE',  ( 42.42640687119276777, -42.42640687119292409, -18.00000000000000355 ) ) ;
#12346 = EDGE_CURVE ( 'NONE', #11855, #3473, #1628, .T. ) ;
#12347 = EDGE_CURVE ( 'NONE', #1305, #10043, #11065, .T. ) ;
#12348 = ORIENTED_EDGE ( 'NONE', *, *, #7057, .F. ) ;
#12349 = CARTESIAN_POINT ( 'NONE',  ( 35.75089393306190999, 29.33956106112634643, 73.39999999999999147 ) ) ;
#12350 = CARTESIAN_POINT ( 'NONE',  ( -61.50000000000000711, 5.000000000000013323, 39.96666666666667567 ) ) ;
#12351 = DIRECTION ( 'NONE',  ( 1.000000000000000000, 0.000000000000000000, 0.000000000000000000 ) ) ;
#12352 = EDGE_CURVE ( 'NONE', #3104, #2798, #11705, .T. ) ;
#12353 = CARTESIAN_POINT ( 'NONE',  ( 0.000000000000000000, 114.0000000000000000, -79.00000000000001421 ) ) ;
#12354 = EDGE_CURVE ( 'NONE', #2361, #1697, #8124, .T. ) ;
#12355 = ORIENTED_EDGE ( 'NONE', *, *, #4785, .T. ) ;
#12356 = AXIS2_PLACEMENT_3D ( 'NONE', #2617, #3545, #6583 ) ;
#12357 = DIRECTION ( 'NONE',  ( 0.000000000000000000, 1.000000000000000000, 0.000000000000000000 ) ) ;
#12358 = CIRCLE ( 'NONE', #1462, 12.24999999999999645 ) ;
#12359 = VERTEX_POINT ( 'NONE', #4723 ) ;
#12360 = EDGE_LOOP ( 'NONE', ( #8946, #644, #11142, #12830 ) ) ;
#12361 = CARTESIAN_POINT ( 'NONE',  ( -39.02640687119307472, -42.42640687119262566, -18.00000000000000355 ) ) ;
#12362 = CARTESIAN_POINT ( 'NONE',  ( 26.27625000000000099, 114.0000000000000000, -8.500000000000003553 ) ) ;
#12363 = DIRECTION ( 'NONE',  ( 0.000000000000000000, 0.000000000000000000, -1.000000000000000000 ) ) ;
#12364 = DIRECTION ( 'NONE',  ( 0.000000000000000000, -1.000000000000000000, 0.000000000000000000 ) ) ;
#12365 = AXIS2_PLACEMENT_3D ( 'NONE', #6042, #5051, #1804 ) ;
#12366 = VECTOR ( 'NONE', #28, 1000.000000000000000 ) ;
#12367 = DIRECTION ( 'NONE',  ( -0.000000000000000000, -0.000000000000000000, 1.000000000000000000 ) ) ;
#12368 = FACE_OUTER_BOUND ( 'NONE', #10972, .T. ) ;
#12369 = DIRECTION ( 'NONE',  ( 0.9907251918498221066, -0.1358808089250767570, 0.000000000000000000 ) ) ;
#12370 = EDGE_CURVE ( 'NONE', #12586, #878, #3685, .T. ) ;
#12371 = EDGE_LOOP ( 'NONE', ( #10427, #11020, #710, #5334 ) ) ;
#12372 = CARTESIAN_POINT ( 'NONE',  ( 45.49999999999994316, 159.4999999999999716, -313.5367466867102166 ) ) ;
#12373 = CARTESIAN_POINT ( 'NONE',  ( -45.50000000000001421, -12.97039864322714386, 60.79326481154392781 ) ) ;
#12374 = EDGE_CURVE ( 'NONE', #11483, #672, #6872, .T. ) ;
#12375 = ORIENTED_EDGE ( 'NONE', *, *, #1843, .F. ) ;
#12376 = CARTESIAN_POINT ( 'NONE',  ( 0.000000000000000000, 114.0000000000000000, -64.50000000000000000 ) ) ;
#12377 = AXIS2_PLACEMENT_3D ( 'NONE', #4203, #12224, #8353 ) ;
#12378 = ORIENTED_EDGE ( 'NONE', *, *, #9206, .T. ) ;
#12379 = AXIS2_PLACEMENT_3D ( 'NONE', #2375, #12301, #7181 ) ;
#12380 = DIRECTION ( 'NONE',  ( -0.8571673007021114454, 0.000000000000000000, -0.5150380749100555988 ) ) ;
#12381 = CARTESIAN_POINT ( 'NONE',  ( 27.03999999999999915, 73.14000000000001478, -2.751075773784456224 ) ) ;
#12382 = VERTEX_POINT ( 'NONE', #788 ) ;
#12383 = APPROVAL_STATUS ( 'not_yet_approved' ) ;
#12384 = CC_DESIGN_APPROVAL ( #11787, ( #11959 ) ) ;
#12385 = DIRECTION ( 'NONE',  ( -1.000000000000000000, 0.000000000000000000, 0.000000000000000000 ) ) ;
#12386 = VECTOR ( 'NONE', #195, 1000.000000000000000 ) ;
#12387 = LINE ( 'NONE', #5298, #10892 ) ;
#12388 = EDGE_CURVE ( 'NONE', #9620, #2533, #1208, .T. ) ;
#12389 = VERTEX_POINT ( 'NONE', #12694 ) ;
#12390 = DIRECTION ( 'NONE',  ( 0.000000000000000000, -0.000000000000000000, -1.000000000000000000 ) ) ;
#12391 = EDGE_CURVE ( 'NONE', #794, #11745, #1785, .T. ) ;
#12392 = VERTEX_POINT ( 'NONE', #3742 ) ;
#12393 = ORIENTED_EDGE ( 'NONE', *, *, #4339, .F. ) ;
#12394 = CARTESIAN_POINT ( 'NONE',  ( -45.00000000000000711, 45.00000000000000000, 19.59999999999999076 ) ) ;
#12395 = ORIENTED_EDGE ( 'NONE', *, *, #3810, .T. ) ;
#12396 = ORIENTED_EDGE ( 'NONE', *, *, #9474, .F. ) ;
#12397 = DIRECTION ( 'NONE',  ( -0.000000000000000000, -0.000000000000000000, -1.000000000000000000 ) ) ;
#12398 = CYLINDRICAL_SURFACE ( 'NONE', #10951, 28.08750000000000213 ) ;
#12399 = AXIS2_PLACEMENT_3D ( 'NONE', #2460, #10354, #4432 ) ;
#12400 = CARTESIAN_POINT ( 'NONE',  ( -51.50000000000000711, -6.947747786280442206, 40.52230724711828458 ) ) ;
#12401 = CARTESIAN_POINT ( 'NONE',  ( 52.00000000000012790, 61.99999999999997868, -1.000000000000000000 ) ) ;
#12402 = ORIENTED_EDGE ( 'NONE', *, *, #9569, .F. ) ;
#12403 = ORIENTED_EDGE ( 'NONE', *, *, #1511, .F. ) ;
#12404 = CARTESIAN_POINT ( 'NONE',  ( 42.42640687119306619, 42.42640687119262566, 0.000000000000000000 ) ) ;
#12405 = FACE_OUTER_BOUND ( 'NONE', #4374, .T. ) ;
#12406 = ADVANCED_FACE ( 'NONE', ( #4783 ), #10450, .T. ) ;
#12407 = DIRECTION ( 'NONE',  ( 1.000000000000000000, 8.912340794009285204E-16, -0.000000000000000000 ) ) ;
#12408 = ADVANCED_FACE ( 'NONE', ( #10658, #2687, #2756, #10844, #7639, #10784 ), #1659, .F. ) ;
#12409 = CARTESIAN_POINT ( 'NONE',  ( 22.14000000000005031, -38.19999999999998863, 19.60000000000000497 ) ) ;
#12410 = CARTESIAN_POINT ( 'NONE',  ( 28.08750000000000213, 114.0000000000000000, -53.76762496022975313 ) ) ;
#12411 = CYLINDRICAL_SURFACE ( 'NONE', #9299, 22.50000000000000000 ) ;
#12412 = EDGE_LOOP ( 'NONE', ( #9885, #1600, #8576, #10760 ) ) ;
#12413 = CARTESIAN_POINT ( 'NONE',  ( -45.82640687119307188, -42.42640687119262566, -1.102182119232617788E-16 ) ) ;
#12414 = ORIENTED_EDGE ( 'NONE', *, *, #8677, .T. ) ;
#12415 = AXIS2_PLACEMENT_3D ( 'NONE', #57, #7098, #7231 ) ;
#12416 = CARTESIAN_POINT ( 'NONE',  ( -4.000000000000000888, 125.8427192823270104, 10.49999999999999467 ) ) ;
#12417 = ORIENTED_EDGE ( 'NONE', *, *, #3898, .F. ) ;
#12418 = DIRECTION ( 'NONE',  ( 1.000000000000000000, 0.000000000000000000, 0.000000000000000000 ) ) ;
#12419 = EDGE_CURVE ( 'NONE', #7944, #9860, #9660, .T. ) ;
#12420 = DIRECTION ( 'NONE',  ( -0.1358808089250893303, 0.9907251918498203302, 0.000000000000000000 ) ) ;
#12421 = AXIS2_PLACEMENT_3D ( 'NONE', #5663, #4841, #3922 ) ;
#12422 = EDGE_CURVE ( 'NONE', #11277, #10290, #1847, .T. ) ;
#12423 = ADVANCED_FACE ( 'NONE', ( #8810 ), #2882, .T. ) ;
#12425 = VERTEX_POINT ( 'NONE', #5858 ) ;
#12424 = CIRCLE ( 'NONE', #6558, 0.9999999999999870104 ) ;
#12426 = AXIS2_PLACEMENT_3D ( 'NONE', #12796, #3780, #2853 ) ;
#12427 = ORIENTED_EDGE ( 'NONE', *, *, #5286, .T. ) ;
#12428 = EDGE_LOOP ( 'NONE', ( #606, #6060, #4929, #12653, #11695, #10756, #5709, #12953, #10790, #3238, #7759, #11197, #12943, #1227, #522, #8508 ) ) ;
#12429 = DIRECTION ( 'NONE',  ( 1.000000000000000000, 0.000000000000000000, 0.000000000000000000 ) ) ;
#12430 = DIRECTION ( 'NONE',  ( 0.000000000000000000, -1.000000000000000000, 0.000000000000000000 ) ) ;
#12431 = DIRECTION ( 'NONE',  ( 1.000000000000000000, 0.000000000000000000, -0.000000000000000000 ) ) ;
#12432 = EDGE_CURVE ( 'NONE', #6283, #1120, #789, .T. ) ;
#12433 = FACE_BOUND ( 'NONE', #3421, .T. ) ;
#12434 = AXIS2_PLACEMENT_3D ( 'NONE', #2925, #8986, #3191 ) ;
#12435 = AXIS2_PLACEMENT_3D ( 'NONE', #12693, #5542, #3683 ) ;
#12436 = VECTOR ( 'NONE', #7353, 1000.000000000000114 ) ;
#12437 = DIRECTION ( 'NONE',  ( 1.000000000000000000, 0.000000000000000000, 0.000000000000000000 ) ) ;
#12438 = DIRECTION ( 'NONE',  ( -0.000000000000000000, -0.000000000000000000, 1.000000000000000000 ) ) ;
#12439 = CARTESIAN_POINT ( 'NONE',  ( 0.000000000000000000, 114.0000000000000000, -8.500000000000003553 ) ) ;
#12440 = EDGE_CURVE ( 'NONE', #3284, #8043, #8975, .T. ) ;
#12441 = ORIENTED_EDGE ( 'NONE', *, *, #6835, .F. ) ;
#12442 = DIRECTION ( 'NONE',  ( 0.000000000000000000, -1.000000000000000000, 0.000000000000000000 ) ) ;
#12443 = CARTESIAN_POINT ( 'NONE',  ( -51.49999999999997158, 11.44173849835793000, 50.60797718660820266 ) ) ;
#12444 = ORIENTED_EDGE ( 'NONE', *, *, #11967, .F. ) ;
#12445 = AXIS2_PLACEMENT_3D ( 'NONE', #11873, #7869, #5973 ) ;
#12446 = ORIENTED_EDGE ( 'NONE', *, *, #8103, .T. ) ;
#12447 = CARTESIAN_POINT ( 'NONE',  ( -45.50000000000006395, 12.97039864322713676, 60.79326481154384965 ) ) ;
#12448 = ADVANCED_FACE ( 'NONE', ( #663 ), #11960, .T. ) ;
#12449 = AXIS2_PLACEMENT_3D ( 'NONE', #845, #11887, #11763 ) ;
#12450 = LINE ( 'NONE', #350, #12738 ) ;
#12451 = CARTESIAN_POINT ( 'NONE',  ( 0.000000000000000000, 0.000000000000000000, 0.000000000000000000 ) ) ;
#12452 = CARTESIAN_POINT ( 'NONE',  ( 0.000000000000000000, 6.019999999999993356, -52.95891286372533813 ) ) ;
#12453 = CIRCLE ( 'NONE', #5543, 6.499999999999999112 ) ;
#12454 = CARTESIAN_POINT ( 'NONE',  ( -35.75089393306191710, -29.33956106112634998, 112.0000000000000000 ) ) ;
#12455 = ORIENTED_EDGE ( 'NONE', *, *, #8918, .T. ) ;
#12456 = PLANE ( 'NONE',  #7904 ) ;
#12457 = EDGE_LOOP ( 'NONE', ( #8564, #6644, #11308, #5125 ) ) ;
#12458 = DIRECTION ( 'NONE',  ( 0.000000000000000000, 0.000000000000000000, -1.000000000000000000 ) ) ;
#12459 = VERTEX_POINT ( 'NONE', #12215 ) ;
#12460 = ORIENTED_EDGE ( 'NONE', *, *, #11291, .T. ) ;
#12461 = DIRECTION ( 'NONE',  ( -1.541976423090494894E-16, -0.000000000000000000, 1.000000000000000000 ) ) ;
#12462 = FACE_OUTER_BOUND ( 'NONE', #11665, .T. ) ;
#12463 = EDGE_CURVE ( 'NONE', #10091, #9905, #3093, .T. ) ;
#12464 = FACE_OUTER_BOUND ( 'NONE', #1761, .T. ) ;
#12465 = EDGE_CURVE ( 'NONE', #7042, #11472, #5060, .T. ) ;
#12466 = DIRECTION ( 'NONE',  ( 0.000000000000000000, -0.000000000000000000, -1.000000000000000000 ) ) ;
#12467 = EDGE_CURVE ( 'NONE', #12991, #8170, #8138, .T. ) ;
#12468 = EDGE_LOOP ( 'NONE', ( #2733, #240, #7118, #4588 ) ) ;
#12469 = LINE ( 'NONE', #8330, #11213 ) ;
#12470 = DIRECTION ( 'NONE',  ( 1.000000000000000000, 5.153149149225215098E-14, 0.000000000000000000 ) ) ;
#12471 = VERTEX_POINT ( 'NONE', #8013 ) ;
#12472 = ORIENTED_EDGE ( 'NONE', *, *, #11779, .T. ) ;
#12473 = DIRECTION ( 'NONE',  ( 1.000000000000000000, 1.334402673828313339E-16, 0.000000000000000000 ) ) ;
#12474 = FACE_OUTER_BOUND ( 'NONE', #2823, .T. ) ;
#12475 = DIRECTION ( 'NONE',  ( -0.000000000000000000, -0.000000000000000000, -1.000000000000000000 ) ) ;
#12476 = CARTESIAN_POINT ( 'NONE',  ( -45.00000000000000711, 0.000000000000000000, 58.79999999999997584 ) ) ;
#12477 = DIRECTION ( 'NONE',  ( -0.000000000000000000, -0.000000000000000000, 1.000000000000000000 ) ) ;
#12478 = DIRECTION ( 'NONE',  ( 0.000000000000000000, -0.000000000000000000, 1.000000000000000000 ) ) ;
#12479 = EDGE_CURVE ( 'NONE', #6630, #5783, #9183, .T. ) ;
#12480 = ORIENTED_EDGE ( 'NONE', *, *, #12432, .F. ) ;
#12481 = CARTESIAN_POINT ( 'NONE',  ( 4.000000000000000888, 126.0536301585870831, -49.00000000000000000 ) ) ;
#12482 = ORIENTED_EDGE ( 'NONE', *, *, #12198, .T. ) ;
#12483 = VERTEX_POINT ( 'NONE', #8209 ) ;
#12484 = CARTESIAN_POINT ( 'NONE',  ( -22.50000000000000355, 114.0000000000000000, -1.500000000000001332 ) ) ;
#12485 = DIRECTION ( 'NONE',  ( 5.551115123125782702E-17, 1.386669559958809814E-32, 1.000000000000000000 ) ) ;
#12486 = EDGE_LOOP ( 'NONE', ( #6547, #6977, #12935, #4610 ) ) ;
#12487 = DIRECTION ( 'NONE',  ( 1.000000000000000000, 0.000000000000000000, 0.000000000000000000 ) ) ;
#12488 = AXIS2_PLACEMENT_3D ( 'NONE', #2932, #10966, #2083 ) ;
#12489 = ORIENTED_EDGE ( 'NONE', *, *, #12752, .F. ) ;
#12490 = VERTEX_POINT ( 'NONE', #3148 ) ;
#12491 = CARTESIAN_POINT ( 'NONE',  ( 39.02640687119276919, -42.42640687119292409, -1.102182119232617788E-16 ) ) ;
#12492 = CARTESIAN_POINT ( 'NONE',  ( -27.04000000000000270, 154.8599999999999852, 6.499999999999996447 ) ) ;
#12493 = DIRECTION ( 'NONE',  ( 1.000000000000000000, 0.000000000000000000, 0.000000000000000000 ) ) ;
#12494 = EDGE_CURVE ( 'NONE', #6700, #4511, #11234, .T. ) ;
#12495 = FACE_OUTER_BOUND ( 'NONE', #4769, .T. ) ;
#12496 = VECTOR ( 'NONE', #3220, 1000.000000000000000 ) ;
#12497 = DIRECTION ( 'NONE',  ( -0.000000000000000000, -0.000000000000000000, -1.000000000000000000 ) ) ;
#12498 = FACE_OUTER_BOUND ( 'NONE', #12192, .T. ) ;
#12499 = CARTESIAN_POINT ( 'NONE',  ( 4.000000000000000888, 125.8427192823270104, -79.00000000000000000 ) ) ;
#12500 = VERTEX_POINT ( 'NONE', #6240 ) ;
#12501 = ORIENTED_EDGE ( 'NONE', *, *, #1905, .T. ) ;
#12502 = CYLINDRICAL_SURFACE ( 'NONE', #5219, 6.800000000000007816 ) ;
#12503 = CARTESIAN_POINT ( 'NONE',  ( 0.000000000000000000, 114.0000000000000000, -14.50000000000000711 ) ) ;
#12504 = VERTEX_POINT ( 'NONE', #11037 ) ;
#12505 = DIRECTION ( 'NONE',  ( -0.000000000000000000, 0.000000000000000000, -1.000000000000000000 ) ) ;
#12506 = LINE ( 'NONE', #3505, #7277 ) ;
#12507 = AXIS2_PLACEMENT_3D ( 'NONE', #8519, #1438, #10424 ) ;
#12508 = CARTESIAN_POINT ( 'NONE',  ( 45.00000000000000000, -45.00000000000000000, 112.0000000000000000 ) ) ;
#12509 = LINE ( 'NONE', #11597, #7335 ) ;
#12510 = EDGE_LOOP ( 'NONE', ( #7832, #11474, #389, #11324, #12348, #2131, #9397, #8236 ) ) ;
#12511 = DIRECTION ( 'NONE',  ( -0.000000000000000000, -0.000000000000000000, 1.000000000000000000 ) ) ;
#12512 = EDGE_CURVE ( 'NONE', #7645, #6932, #3019, .T. ) ;
#12513 = ADVANCED_FACE ( 'NONE', ( #10246 ), #7032, .T. ) ;
#12514 = ORIENTED_EDGE ( 'NONE', *, *, #9309, .F. ) ;
#12515 = DIRECTION ( 'NONE',  ( 0.000000000000000000, 1.000000000000000000, 0.000000000000000000 ) ) ;
#12516 = VERTEX_POINT ( 'NONE', #10179 ) ;
#12517 = ORIENTED_EDGE ( 'NONE', *, *, #12374, .F. ) ;
#12518 = DIRECTION ( 'NONE',  ( 1.000000000000000000, 0.000000000000000000, 0.000000000000000000 ) ) ;
#12519 = DIRECTION ( 'NONE',  ( -1.000000000000000000, 0.000000000000000000, 0.000000000000000000 ) ) ;
#12520 = CARTESIAN_POINT ( 'NONE',  ( -51.49999999999998579, -8.187467664685996738, 42.99026466362873578 ) ) ;
#12521 = AXIS2_PLACEMENT_3D ( 'NONE', #7334, #8382, #4299 ) ;
#12522 = PLANE ( 'NONE',  #1178 ) ;
#12523 = ORIENTED_EDGE ( 'NONE', *, *, #4776, .T. ) ;
#12524 = ORIENTED_EDGE ( 'NONE', *, *, #2544, .F. ) ;
#12525 = AXIS2_PLACEMENT_3D ( 'NONE', #9223, #4089, #2191 ) ;
#12526 = AXIS2_PLACEMENT_3D ( 'NONE', #745, #6800, #12901 ) ;
#12527 = CIRCLE ( 'NONE', #11269, 6.499999999999999112 ) ;
#12528 = CARTESIAN_POINT ( 'NONE',  ( -19.90000000000000213, 114.0000000000000000, 14.20569654897112244 ) ) ;
#12529 = DIRECTION ( 'NONE',  ( -0.000000000000000000, -0.000000000000000000, 1.000000000000000000 ) ) ;
#12530 = ORIENTED_EDGE ( 'NONE', *, *, #9509, .T. ) ;
#12531 = ADVANCED_FACE ( 'NONE', ( #13012 ), #5188, .T. ) ;
#12532 = VERTEX_POINT ( 'NONE', #11170 ) ;
#12533 = DIRECTION ( 'NONE',  ( -0.000000000000000000, -0.000000000000000000, 1.000000000000000000 ) ) ;
#12534 = DIRECTION ( 'NONE',  ( 1.000000000000000000, 0.000000000000000000, 0.000000000000000000 ) ) ;
#12535 = EDGE_CURVE ( 'NONE', #8317, #4266, #8565, .T. ) ;
#12536 = CONICAL_SURFACE ( 'NONE', #1635, 13.07735026918962795, 0.5235987755982941527 ) ;
#12537 = CYLINDRICAL_SURFACE ( 'NONE', #1319, 21.00000000000000355 ) ;
#12538 = CARTESIAN_POINT ( 'NONE',  ( 0.000000000000000000, 114.0000000000000000, -4.500000000000003553 ) ) ;
#12539 = ORIENTED_EDGE ( 'NONE', *, *, #11875, .T. ) ;
#12540 = CARTESIAN_POINT ( 'NONE',  ( -48.92640687119284593, 42.42640687119283172, 9.999999999999992895 ) ) ;
#12541 = AXIS2_PLACEMENT_3D ( 'NONE', #469, #11644, #1722 ) ;
#12542 = EDGE_LOOP ( 'NONE', ( #10921, #6943, #315, #7564 ) ) ;
#12543 = AXIS2_PLACEMENT_3D ( 'NONE', #10395, #1402, #9402 ) ;
#12544 = DIRECTION ( 'NONE',  ( -0.000000000000000000, -0.000000000000000000, 1.000000000000000000 ) ) ;
#12545 = ORIENTED_EDGE ( 'NONE', *, *, #1841, .T. ) ;
#12546 = DIRECTION ( 'NONE',  ( 0.000000000000000000, 0.000000000000000000, -1.000000000000000000 ) ) ;
#12547 = VERTEX_POINT ( 'NONE', #4065 ) ;
#12548 = AXIS2_PLACEMENT_3D ( 'NONE', #11297, #1323, #8412 ) ;
#12549 = DIRECTION ( 'NONE',  ( 5.551115123125782702E-17, 1.386669559958809814E-32, 1.000000000000000000 ) ) ;
#12550 = DIRECTION ( 'NONE',  ( 0.000000000000000000, 0.000000000000000000, -1.000000000000000000 ) ) ;
#12551 = EDGE_CURVE ( 'NONE', #2092, #11456, #2161, .T. ) ;
#12552 = ORIENTED_EDGE ( 'NONE', *, *, #12391, .F. ) ;
#12553 = DIRECTION ( 'NONE',  ( -0.000000000000000000, -0.000000000000000000, 1.000000000000000000 ) ) ;
#12554 = ORIENTED_EDGE ( 'NONE', *, *, #369, .F. ) ;
#12555 = ORIENTED_EDGE ( 'NONE', *, *, #7859, .T. ) ;
#12556 = CARTESIAN_POINT ( 'NONE',  ( 0.000000000000000000, 114.0000000000000000, -57.50000000000000000 ) ) ;
#12557 = CARTESIAN_POINT ( 'NONE',  ( -45.50000000000007105, 165.9999999999999716, 11.50000000000001066 ) ) ;
#12558 = FACE_OUTER_BOUND ( 'NONE', #1053, .T. ) ;
#12559 = DIRECTION ( 'NONE',  ( -0.000000000000000000, -0.000000000000000000, 1.000000000000000000 ) ) ;
#12560 = DIRECTION ( 'NONE',  ( 0.000000000000000000, 1.000000000000000000, 0.000000000000000000 ) ) ;
#12561 = VECTOR ( 'NONE', #12825, 1000.000000000000000 ) ;
#12562 = CARTESIAN_POINT ( 'NONE',  ( 27.04000000000000270, 73.14000000000001478, 6.499999999999996447 ) ) ;
#12563 = CIRCLE ( 'NONE', #11089, 33.46499999999999631 ) ;
#12564 = CARTESIAN_POINT ( 'NONE',  ( 0.000000000000000000, 114.0000000000000000, -65.49999999999998579 ) ) ;
#12565 = ORIENTED_EDGE ( 'NONE', *, *, #10540, .T. ) ;
#12566 = ORIENTED_EDGE ( 'NONE', *, *, #5362, .F. ) ;
#12567 = DIRECTION ( 'NONE',  ( 0.000000000000000000, 1.000000000000000000, 0.000000000000000000 ) ) ;
#12568 = CARTESIAN_POINT ( 'NONE',  ( 42.42640687119283882, 42.42640687119283882, 9.999999999999992895 ) ) ;
#12569 = VERTEX_POINT ( 'NONE', #12027 ) ;
#12570 = CIRCLE ( 'NONE', #5861, 26.27625000000000099 ) ;
#12571 = CARTESIAN_POINT ( 'NONE',  ( -45.50000000000012790, 12.65960891921469411, 55.67139415457073426 ) ) ;
#12572 = CIRCLE ( 'NONE', #6909, 6.499999999999999112 ) ;
#12573 = AXIS2_PLACEMENT_3D ( 'NONE', #2180, #12303, #5212 ) ;
#12574 = EDGE_CURVE ( 'NONE', #8778, #2728, #12090, .T. ) ;
#12575 = LINE ( 'NONE', #12643, #8536 ) ;
#12576 = DIRECTION ( 'NONE',  ( 0.000000000000000000, 0.000000000000000000, 1.000000000000000000 ) ) ;
#12577 = LINE ( 'NONE', #7589, #4550 ) ;
#12578 = DIRECTION ( 'NONE',  ( 1.000000000000000000, 0.000000000000000000, 0.000000000000000000 ) ) ;
#12579 = VERTEX_POINT ( 'NONE', #9979 ) ;
#12580 = AXIS2_PLACEMENT_3D ( 'NONE', #5814, #1074, #6930 ) ;
#12581 = DIRECTION ( 'NONE',  ( -0.000000000000000000, -0.000000000000000000, 1.000000000000000000 ) ) ;
#12582 = CIRCLE ( 'NONE', #12789, 4.250000000000003553 ) ;
#12583 = ADVANCED_FACE ( 'NONE', ( #3932 ), #4990, .F. ) ;
#12584 = EDGE_CURVE ( 'NONE', #1399, #7919, #7091, .T. ) ;
#12585 = EDGE_CURVE ( 'NONE', #12903, #4205, #6679, .T. ) ;
#12586 = VERTEX_POINT ( 'NONE', #187 ) ;
#12587 = DIRECTION ( 'NONE',  ( 1.000000000000000000, 0.000000000000000000, 0.000000000000000000 ) ) ;
#12588 = ORIENTED_EDGE ( 'NONE', *, *, #943, .F. ) ;
#12589 = ORIENTED_EDGE ( 'NONE', *, *, #4078, .F. ) ;
#12590 = DIRECTION ( 'NONE',  ( -0.000000000000000000, -0.000000000000000000, 1.000000000000000000 ) ) ;
#12591 = DIRECTION ( 'NONE',  ( -0.000000000000000000, -0.000000000000000000, 1.000000000000000000 ) ) ;
#12592 = DIRECTION ( 'NONE',  ( 1.000000000000000000, 0.000000000000000000, 1.541976423090494894E-16 ) ) ;
#12593 = AXIS2_PLACEMENT_3D ( 'NONE', #2765, #3029, #8948 ) ;
#12594 = ADVANCED_FACE ( 'NONE', ( #9389, #11365 ), #320, .F. ) ;
#12595 = EDGE_CURVE ( 'NONE', #6283, #1882, #8346, .T. ) ;
#12596 = VERTEX_POINT ( 'NONE', #12349 ) ;
#12597 = LINE ( 'NONE', #7795, #7896 ) ;
#12598 = CARTESIAN_POINT ( 'NONE',  ( 35.75089393306190999, 29.33956106112633933, 112.0000000000000000 ) ) ;
#12599 = ORIENTED_EDGE ( 'NONE', *, *, #1046, .F. ) ;
#12600 = ORIENTED_EDGE ( 'NONE', *, *, #8693, .F. ) ;
#12601 = CARTESIAN_POINT ( 'NONE',  ( -52.00000000000005684, 165.9999999999999716, -313.5367466867102166 ) ) ;
#12602 = CARTESIAN_POINT ( 'NONE',  ( -4.000000000000000888, 129.8000000000000114, -79.00000000000000000 ) ) ;
#12603 = EDGE_CURVE ( 'NONE', #10075, #322, #2286, .T. ) ;
#12604 = CARTESIAN_POINT ( 'NONE',  ( -48.92640687119284593, 42.42640687119283172, 9.999999999999992895 ) ) ;
#12605 = DIRECTION ( 'NONE',  ( -1.000000000000000000, 0.000000000000000000, 0.000000000000000000 ) ) ;
#12606 = VERTEX_POINT ( 'NONE', #7360 ) ;
#12607 = CARTESIAN_POINT ( 'NONE',  ( 26.75000000000000355, 114.0000000000000000, -2.500000000000002220 ) ) ;
#12608 = ORIENTED_EDGE ( 'NONE', *, *, #1235, .T. ) ;
#12609 = CARTESIAN_POINT ( 'NONE',  ( -25.78999999999999559, 73.14000000000000057, -61.49999999999999289 ) ) ;
#12610 = ADVANCED_FACE ( 'NONE', ( #8281 ), #387, .T. ) ;
#12611 = AXIS2_PLACEMENT_3D ( 'NONE', #13016, #9435, #6365 ) ;
#12612 = ORIENTED_EDGE ( 'NONE', *, *, #11860, .T. ) ;
#12613 = EDGE_CURVE ( 'NONE', #11810, #6027, #3276, .T. ) ;
#12614 = CARTESIAN_POINT ( 'NONE',  ( 42.31428571428572383, 147.4307439082954545, 6.499999999999996447 ) ) ;
#12615 = VECTOR ( 'NONE', #11095, 1000.000000000000000 ) ;
#12616 = CARTESIAN_POINT ( 'NONE',  ( -44.99999999999998579, -22.14000000000005386, 112.0000000000000000 ) ) ;
#12617 = ORIENTED_EDGE ( 'NONE', *, *, #472, .F. ) ;
#12618 = CARTESIAN_POINT ( 'NONE',  ( -22.14000000000007518, -45.00000000000002132, 112.0000000000000000 ) ) ;
#12619 = FACE_BOUND ( 'NONE', #11001, .T. ) ;
#12620 = EDGE_LOOP ( 'NONE', ( #1711, #7966 ) ) ;
#12621 = FACE_OUTER_BOUND ( 'NONE', #6199, .T. ) ;
#12622 = VERTEX_POINT ( 'NONE', #6380 ) ;
#12623 = EDGE_LOOP ( 'NONE', ( #7121, #2186, #6391, #11774 ) ) ;
#12624 = CIRCLE ( 'NONE', #2956, 37.49999999999999289 ) ;
#12625 = AXIS2_PLACEMENT_3D ( 'NONE', #12538, #10439, #9511 ) ;
#12626 = CARTESIAN_POINT ( 'NONE',  ( -42.67205742728176432, 80.58668790124114878, 6.499999999999996447 ) ) ;
#12627 = DIRECTION ( 'NONE',  ( 0.000000000000000000, 0.000000000000000000, -1.000000000000000000 ) ) ;
#12628 = EDGE_CURVE ( 'NONE', #9138, #3249, #155, .T. ) ;
#12629 = DIRECTION ( 'NONE',  ( 0.000000000000000000, 0.000000000000000000, -1.000000000000000000 ) ) ;
#12630 = LINE ( 'NONE', #10532, #10479 ) ;
#12631 = AXIS2_PLACEMENT_3D ( 'NONE', #7728, #10745, #11668 ) ;
#12632 = CARTESIAN_POINT ( 'NONE',  ( 0.000000000000000000, 114.0000000000000000, -50.32679491924312032 ) ) ;
#12633 = AXIS2_PLACEMENT_3D ( 'NONE', #7137, #11143, #1026 ) ;
#12634 = CARTESIAN_POINT ( 'NONE',  ( 45.50000000000002842, 68.50000000000837019, -313.5367466867102166 ) ) ;
#12635 = ORIENTED_EDGE ( 'NONE', *, *, #6204, .T. ) ;
#12636 = CARTESIAN_POINT ( 'NONE',  ( -24.50000000000000000, 114.0000000000000000, 14.20569654897112244 ) ) ;
#12637 = DIRECTION ( 'NONE',  ( 0.000000000000000000, 0.000000000000000000, -1.000000000000000000 ) ) ;
#12638 = ORIENTED_EDGE ( 'NONE', *, *, #6290, .T. ) ;
#12639 = CIRCLE ( 'NONE', #1316, 22.50000000000000000 ) ;
#12640 = VECTOR ( 'NONE', #12024, 1000.000000000000000 ) ;
#12641 = DIRECTION ( 'NONE',  ( 1.000000000000000000, 0.000000000000000000, 0.000000000000000000 ) ) ;
#12642 = ADVANCED_FACE ( 'NONE', ( #9321, #1253, #10310, #9260, #257, #4262 ), #5040, .T. ) ;
#12643 = CARTESIAN_POINT ( 'NONE',  ( -13.09999999999999964, 114.0000000000000000, 14.20569654897112244 ) ) ;
#12644 = COORDINATED_UNIVERSAL_TIME_OFFSET ( 9, 0, .AHEAD. ) ;
#12645 = DIRECTION ( 'NONE',  ( -0.000000000000000000, -0.000000000000000000, 1.000000000000000000 ) ) ;
#12646 = DIRECTION ( 'NONE',  ( -0.000000000000000000, -0.000000000000000000, 1.000000000000000000 ) ) ;
#12647 = AXIS2_PLACEMENT_3D ( 'NONE', #4521, #2414, #8988 ) ;
#12648 = EDGE_LOOP ( 'NONE', ( #6585, #7276, #10569, #8036 ) ) ;
#12649 = FACE_OUTER_BOUND ( 'NONE', #838, .T. ) ;
#12650 = ORIENTED_EDGE ( 'NONE', *, *, #8768, .T. ) ;
#12651 = VECTOR ( 'NONE', #759, 1000.000000000000000 ) ;
#12652 = CARTESIAN_POINT ( 'NONE',  ( -28.08750000000000213, 114.0000000000000000, -44.90443948822942843 ) ) ;
#12653 = ORIENTED_EDGE ( 'NONE', *, *, #12849, .T. ) ;
#12654 = ORIENTED_EDGE ( 'NONE', *, *, #7077, .F. ) ;
#12655 = CARTESIAN_POINT ( 'NONE',  ( 48.92640687119283882, -42.42640687119285303, 9.999999999999992895 ) ) ;
#12656 = AXIS2_PLACEMENT_3D ( 'NONE', #1043, #6168, #5119 ) ;
#12657 = CARTESIAN_POINT ( 'NONE',  ( -58.99999999999983658, -12.97039864322713143, 60.79326481154379280 ) ) ;
#12658 = CIRCLE ( 'NONE', #6990, 12.50000000000000000 ) ;
#12659 = FACE_OUTER_BOUND ( 'NONE', #12360, .T. ) ;
#12660 = EDGE_CURVE ( 'NONE', #2246, #12982, #2140, .T. ) ;
#12661 = VERTEX_POINT ( 'NONE', #3253 ) ;
#12662 = EDGE_CURVE ( 'NONE', #7474, #10852, #4569, .T. ) ;
#12663 = ORIENTED_EDGE ( 'NONE', *, *, #10170, .T. ) ;
#12664 = CARTESIAN_POINT ( 'NONE',  ( 29.00000000000001066, 114.0000000000000000, -88.16592697433104320 ) ) ;
#12665 = CYLINDRICAL_SURFACE ( 'NONE', #11205, 12.50000000000000000 ) ;
#12666 = EDGE_LOOP ( 'NONE', ( #12402, #12036, #7438, #10512 ) ) ;
#12667 = VECTOR ( 'NONE', #3849, 1000.000000000000000 ) ;
#12668 = ORIENTED_EDGE ( 'NONE', *, *, #11908, .F. ) ;
#12669 = FACE_OUTER_BOUND ( 'NONE', #9527, .T. ) ;
#12670 = AXIS2_PLACEMENT_3D ( 'NONE', #9562, #3464, #6564 ) ;
#12671 = CARTESIAN_POINT ( 'NONE',  ( -33.46499999999999631, 114.0000000000000000, -53.76762496022975313 ) ) ;
#12672 = CIRCLE ( 'NONE', #4681, 6.800000000000004263 ) ;
#12673 = ADVANCED_FACE ( 'NONE', ( #6213 ), #11276, .T. ) ;
#12674 = CARTESIAN_POINT ( 'NONE',  ( -45.50000000000006395, 165.9999999999999716, -313.5367466867102166 ) ) ;
#12675 = ORIENTED_EDGE ( 'NONE', *, *, #1786, .T. ) ;
#12676 = CARTESIAN_POINT ( 'NONE',  ( 0.000000000000000000, 114.0000000000000000, -19.50000000000000355 ) ) ;
#12677 = ORIENTED_EDGE ( 'NONE', *, *, #557, .T. ) ;
#12678 = EDGE_CURVE ( 'NONE', #8928, #8283, #8349, .T. ) ;
#12679 = LINE ( 'NONE', #12614, #12340 ) ;
#12680 = VECTOR ( 'NONE', #5643, 1000.000000000000000 ) ;
#12681 = CARTESIAN_POINT ( 'NONE',  ( 0.000000000000000000, 114.0000000000000000, 10.49999999999999467 ) ) ;
#12682 = VERTEX_POINT ( 'NONE', #7205 ) ;
#12683 = CIRCLE ( 'NONE', #8271, 8.999999999999994671 ) ;
#12684 = CARTESIAN_POINT ( 'NONE',  ( 42.42640687119307330, 156.4264068711926257, 11.50000000000001066 ) ) ;
#12685 = PLANE ( 'NONE',  #10473 ) ;
#12686 = CLOSED_SHELL ( 'NONE', ( #12278, #1639, #6412, #3258, #3678, #2296, #4851, #3230, #5962, #8280, #9571, #3499, #637, #7257, #824, #2628, #12168, #8160, #4221, #1913, #1978, #9615, #4507, #8572, #9143, #5198, #10752, #9387, #6376, #2858, #7208, #12947, #10141, #6923, #10252, #4447, #9807, #12002, #2689, #809, #4979, #1607, #4976, #4227, #8944, #411, #7777, #6841, #8990, #12778, #5575, #10523, #7517, #1199, #3140, #3097, #3152, #12408, #6405, #12531, #1912, #3049, #1703, #12046, #6326, #5365, #6089, #12337, #4653, #2786, #1673, #6740, #10447, #95, #168, #2241, #3259, #5866, #12513, #8772, #3399, #4916, #2468, #11550, #10731, #5547, #4149, #7072, #9521, #12117, #4883, #6109, #3363, #5767, #3689, #3786, #9136, #11367, #1798, #11419, #3702, #2817, #4860, #1831, #11506, #8324, #6453, #7457, #5955, #3818, #1851, #378, #9680, #4392, #6355, #11643, #4167, #1217, #1175, #2881, #11462, #1112, #7225, #1451, #3383, #3269, #4920, #2862, #1566, #12610, #3844, #635, #6805, #9792, #528, #8074, #8181, #1331, #4822, #1146, #2878, #2293, #752, #4626, #6899, #7198, #1626, #10325, #2560, #10949, #3427, #611, #9127, #9935, #6442, #2238, #12594, #12029, #5651, #2217, #5375, #11720, #7928 ) ) ;
#12687 = VERTEX_POINT ( 'NONE', #7996 ) ;
#12688 = DIRECTION ( 'NONE',  ( 1.000000000000000000, 0.000000000000000000, 0.000000000000000000 ) ) ;
#12689 = EDGE_CURVE ( 'NONE', #2299, #7238, #1028, .T. ) ;
#12690 = EDGE_CURVE ( 'NONE', #153, #1794, #5311, .T. ) ;
#12691 = DIRECTION ( 'NONE',  ( -0.000000000000000000, -0.000000000000000000, -1.000000000000000000 ) ) ;
#12692 = CARTESIAN_POINT ( 'NONE',  ( 0.000000000000000000, 114.0000000000000000, 14.20569654897112244 ) ) ;
#12693 = CARTESIAN_POINT ( 'NONE',  ( 38.20000000000000995, -22.13999999999998636, 112.0000000000000000 ) ) ;
#12694 = CARTESIAN_POINT ( 'NONE',  ( -42.49999999999996447, -51.99999999999999289, 10.00000000000000000 ) ) ;
#12695 = FACE_OUTER_BOUND ( 'NONE', #7489, .T. ) ;
#12696 = DIRECTION ( 'NONE',  ( -0.000000000000000000, -0.000000000000000000, 1.000000000000000000 ) ) ;
#12697 = DIRECTION ( 'NONE',  ( -1.000000000000000000, 0.000000000000000000, 0.000000000000000000 ) ) ;
#12698 = VERTEX_POINT ( 'NONE', #11085 ) ;
#12699 = ADVANCED_FACE ( 'NONE', ( #2077 ), #12135, .T. ) ;
#12700 = ORIENTED_EDGE ( 'NONE', *, *, #7769, .F. ) ;
#12701 = CARTESIAN_POINT ( 'NONE',  ( -48.92640687119284593, 42.42640687119283172, 9.999999999999992895 ) ) ;
#12702 = DIRECTION ( 'NONE',  ( -0.000000000000000000, -0.000000000000000000, 1.000000000000000000 ) ) ;
#12703 = EDGE_CURVE ( 'NONE', #2357, #4532, #997, .T. ) ;
#12704 = ORIENTED_EDGE ( 'NONE', *, *, #2541, .T. ) ;
#12705 = EDGE_CURVE ( 'NONE', #11048, #497, #6045, .T. ) ;
#12706 = DIRECTION ( 'NONE',  ( 0.000000000000000000, 0.000000000000000000, -1.000000000000000000 ) ) ;
#12707 = ADVANCED_FACE ( 'NONE', ( #12073 ), #5105, .T. ) ;
#12708 = LINE ( 'NONE', #12963, #5609 ) ;
#12709 = LINE ( 'NONE', #4426, #5194 ) ;
#12710 = FACE_OUTER_BOUND ( 'NONE', #5418, .T. ) ;
#12711 = EDGE_CURVE ( 'NONE', #294, #3542, #3726, .T. ) ;
#12712 = EDGE_LOOP ( 'NONE', ( #10621, #9919 ) ) ;
#12713 = DIRECTION ( 'NONE',  ( 0.000000000000000000, 0.000000000000000000, -1.000000000000000000 ) ) ;
#12714 = AXIS2_PLACEMENT_3D ( 'NONE', #5928, #7766, #1849 ) ;
#12715 = EDGE_CURVE ( 'NONE', #8182, #2017, #9113, .T. ) ;
#12716 = ORIENTED_EDGE ( 'NONE', *, *, #3468, .T. ) ;
#12717 = FACE_OUTER_BOUND ( 'NONE', #267, .T. ) ;
#12718 = ORIENTED_EDGE ( 'NONE', *, *, #3103, .T. ) ;
#12719 = CARTESIAN_POINT ( 'NONE',  ( 42.42640687119283882, -42.42640687119285303, 9.999999999999992895 ) ) ;
#12720 = DIRECTION ( 'NONE',  ( -0.000000000000000000, -0.000000000000000000, 1.000000000000000000 ) ) ;
#12721 = DIRECTION ( 'NONE',  ( 0.000000000000000000, 0.000000000000000000, -1.000000000000000000 ) ) ;
#12722 = CIRCLE ( 'NONE', #10193, 6.019999999999993356 ) ;
#12723 = ORIENTED_EDGE ( 'NONE', *, *, #12981, .F. ) ;
#12724 = FACE_OUTER_BOUND ( 'NONE', #4112, .T. ) ;
#12725 = ORIENTED_EDGE ( 'NONE', *, *, #6735, .F. ) ;
#12726 = CARTESIAN_POINT ( 'NONE',  ( -45.50000000000007816, 51.49999999999998579, 0.000000000000000000 ) ) ;
#12727 = ORIENTED_EDGE ( 'NONE', *, *, #7872, .F. ) ;
#12728 = VECTOR ( 'NONE', #1691, 1000.000000000000000 ) ;
#12729 = ORIENTED_EDGE ( 'NONE', *, *, #2848, .F. ) ;
#12730 = DIRECTION ( 'NONE',  ( -1.000000000000000000, 0.000000000000000000, 0.000000000000000000 ) ) ;
#12731 = DIRECTION ( 'NONE',  ( 0.000000000000000000, 0.000000000000000000, -1.000000000000000000 ) ) ;
#12732 = ORIENTED_EDGE ( 'NONE', *, *, #9902, .T. ) ;
#12733 = CIRCLE ( 'NONE', #7061, 1.999999999999988010 ) ;
#12734 = EDGE_LOOP ( 'NONE', ( #2134, #4275, #4759, #6467 ) ) ;
#12735 = CYLINDRICAL_SURFACE ( 'NONE', #11625, 47.00000000000000000 ) ;
#12736 = DIRECTION ( 'NONE',  ( 0.000000000000000000, 0.000000000000000000, -1.000000000000000000 ) ) ;
#12737 = VERTEX_POINT ( 'NONE', #1231 ) ;
#12738 = VECTOR ( 'NONE', #7458, 1000.000000000000000 ) ;
#12739 = CIRCLE ( 'NONE', #8955, 6.499999999999999112 ) ;
#12740 = DIRECTION ( 'NONE',  ( 1.000000000000000000, 0.000000000000000000, 0.000000000000000000 ) ) ;
#12741 = FACE_OUTER_BOUND ( 'NONE', #4616, .T. ) ;
#12742 = AXIS2_PLACEMENT_3D ( 'NONE', #4236, #7522, #8247 ) ;
#12743 = ORIENTED_EDGE ( 'NONE', *, *, #1349, .T. ) ;
#12744 = ORIENTED_EDGE ( 'NONE', *, *, #12094, .T. ) ;
#12745 = CARTESIAN_POINT ( 'NONE',  ( 28.08750000000000213, 114.0000000000000000, -51.50000000000000000 ) ) ;
#12746 = CARTESIAN_POINT ( 'NONE',  ( -22.14000000000007518, -45.00000000000002132, 112.0000000000000000 ) ) ;
#12747 = ORIENTED_EDGE ( 'NONE', *, *, #2690, .T. ) ;
#12748 = CIRCLE ( 'NONE', #4753, 6.800000000000004263 ) ;
#12749 = CARTESIAN_POINT ( 'NONE',  ( 0.000000000000000000, 114.0000000000000000, -50.32679491924312032 ) ) ;
#12750 = AXIS2_PLACEMENT_3D ( 'NONE', #10194, #5544, #5275 ) ;
#12751 = EDGE_CURVE ( 'NONE', #6217, #2341, #9237, .T. ) ;
#12752 = EDGE_CURVE ( 'NONE', #5283, #9634, #2255, .T. ) ;
#12753 = DIRECTION ( 'NONE',  ( -1.000000000000000000, 0.000000000000000000, 0.000000000000000000 ) ) ;
#12754 = CARTESIAN_POINT ( 'NONE',  ( -37.49999999999999289, 114.0000000000000000, -64.50000000000000000 ) ) ;
#12755 = DIRECTION ( 'NONE',  ( 0.000000000000000000, 0.000000000000000000, -1.000000000000000000 ) ) ;
#12756 = CARTESIAN_POINT ( 'NONE',  ( 0.000000000000000000, 114.0000000000000000, -16.50000000000000355 ) ) ;
#12757 = AXIS2_PLACEMENT_3D ( 'NONE', #2265, #3981, #3061 ) ;
#12758 = EDGE_CURVE ( 'NONE', #2137, #2171, #7308, .T. ) ;
#12759 = ADVANCED_FACE ( 'NONE', ( #3192 ), #9603, .F. ) ;
#12760 = CARTESIAN_POINT ( 'NONE',  ( 38.19999999999997442, 22.14000000000005031, 112.0000000000000000 ) ) ;
#12761 = CARTESIAN_POINT ( 'NONE',  ( -45.00000000000001421, 22.14000000000006452, 112.0000000000000000 ) ) ;
#12762 = DIRECTION ( 'NONE',  ( -0.000000000000000000, -0.000000000000000000, 1.000000000000000000 ) ) ;
#12763 = ORIENTED_EDGE ( 'NONE', *, *, #8152, .F. ) ;
#12764 = ORIENTED_EDGE ( 'NONE', *, *, #9233, .F. ) ;
#12765 = DIRECTION ( 'NONE',  ( -1.000000000000000000, 0.000000000000000000, 0.000000000000000000 ) ) ;
#12766 = EDGE_LOOP ( 'NONE', ( #9804, #7128, #10593, #4687 ) ) ;
#12767 = CARTESIAN_POINT ( 'NONE',  ( 22.39999999999999858, 114.0000000000000000, -50.32679491924312032 ) ) ;
#12768 = FACE_OUTER_BOUND ( 'NONE', #9198, .T. ) ;
#12769 = DIRECTION ( 'NONE',  ( 0.000000000000000000, 0.000000000000000000, -1.000000000000000000 ) ) ;
#12770 = VECTOR ( 'NONE', #10915, 1000.000000000000000 ) ;
#12771 = VECTOR ( 'NONE', #7285, 1000.000000000000000 ) ;
#12772 = EDGE_CURVE ( 'NONE', #1679, #10210, #6052, .T. ) ;
#12773 = DIRECTION ( 'NONE',  ( -1.000000000000000000, 0.000000000000000000, 0.000000000000000000 ) ) ;
#12774 = CARTESIAN_POINT ( 'NONE',  ( -51.50000000000001421, 5.867870974422831232, 39.29999999999998295 ) ) ;
#12775 = ORIENTED_EDGE ( 'NONE', *, *, #6985, .T. ) ;
#12776 = LINE ( 'NONE', #623, #12945 ) ;
#12777 = ORIENTED_EDGE ( 'NONE', *, *, #2589, .T. ) ;
#12778 = ADVANCED_FACE ( 'NONE', ( #11816 ), #772, .F. ) ;
#12779 = CARTESIAN_POINT ( 'NONE',  ( 0.000000000000000000, 114.0000000000000000, -66.50000000000000000 ) ) ;
#12780 = ORIENTED_EDGE ( 'NONE', *, *, #8529, .T. ) ;
#12781 = CIRCLE ( 'NONE', #9415, 7.499999999999985789 ) ;
#12782 = CYLINDRICAL_SURFACE ( 'NONE', #8227, 47.00000000000000000 ) ;
#12783 = AXIS2_PLACEMENT_3D ( 'NONE', #7312, #10197, #3038 ) ;
#12784 = CARTESIAN_POINT ( 'NONE',  ( -38.20000000000000995, 22.13999999999996859, 10.00000000000000000 ) ) ;
#12785 = CARTESIAN_POINT ( 'NONE',  ( 42.42640687119307330, 71.57359312880737434, -77.00000000000000000 ) ) ;
#12786 = EDGE_CURVE ( 'NONE', #8348, #9332, #11628, .T. ) ;
#12787 = VERTEX_POINT ( 'NONE', #5843 ) ;
#12788 = VECTOR ( 'NONE', #1006, 1000.000000000000114 ) ;
#12789 = AXIS2_PLACEMENT_3D ( 'NONE', #2830, #8827, #870 ) ;
#12790 = CARTESIAN_POINT ( 'NONE',  ( -28.43660512956202169, 156.0000000000000000, 11.49999999999999645 ) ) ;
#12791 = DIRECTION ( 'NONE',  ( 1.000000000000000000, 5.153149149225215098E-14, 0.000000000000000000 ) ) ;
#12792 = EDGE_CURVE ( 'NONE', #12622, #9905, #4709, .T. ) ;
#12793 = ORIENTED_EDGE ( 'NONE', *, *, #37, .F. ) ;
#12794 = EDGE_LOOP ( 'NONE', ( #7239, #9475, #2436, #3891, #6996, #985, #9311, #5847, #7067, #2274, #11146, #5221, #7745, #12101, #12599, #5437, #9910, #12524, #6818, #12226, #7868, #12320, #8253, #5591 ) ) ;
#12795 = CARTESIAN_POINT ( 'NONE',  ( 42.50000000000000711, -51.99999999999997868, 10.00000000000000000 ) ) ;
#12796 = CARTESIAN_POINT ( 'NONE',  ( 27.04000000000000270, 73.14000000000001478, -2.000000000000004441 ) ) ;
#12797 = VERTEX_POINT ( 'NONE', #2613 ) ;
#12798 = AXIS2_PLACEMENT_3D ( 'NONE', #9535, #12367, #3560 ) ;
#12799 = EDGE_LOOP ( 'NONE', ( #2822, #5994 ) ) ;
#12800 = CARTESIAN_POINT ( 'NONE',  ( 20.00000000000000000, 114.0000000000000000, -74.50000000000000000 ) ) ;
#12801 = CIRCLE ( 'NONE', #1268, 6.499999999999999112 ) ;
#12802 = LINE ( 'NONE', #12009, #1109 ) ;
#12803 = EDGE_CURVE ( 'NONE', #8348, #3480, #8987, .T. ) ;
#12804 = PLANE ( 'NONE',  #4562 ) ;
#12805 = EDGE_CURVE ( 'NONE', #7794, #425, #8667, .T. ) ;
#12806 = DIRECTION ( 'NONE',  ( -0.000000000000000000, -0.000000000000000000, 1.000000000000000000 ) ) ;
#12807 = CARTESIAN_POINT ( 'NONE',  ( 45.00000000000001421, -22.14000000000008583, 112.0000000000000000 ) ) ;
#12808 = ORIENTED_EDGE ( 'NONE', *, *, #7307, .T. ) ;
#12809 = CIRCLE ( 'NONE', #7973, 6.800000000000004263 ) ;
#12810 = ORIENTED_EDGE ( 'NONE', *, *, #6312, .F. ) ;
#12811 = CARTESIAN_POINT ( 'NONE',  ( 33.46499999999999631, 114.0000000000000000, -53.76762496022975313 ) ) ;
#12812 = DIRECTION ( 'NONE',  ( 0.000000000000000000, 0.000000000000000000, -1.000000000000000000 ) ) ;
#12813 = VERTEX_POINT ( 'NONE', #4647 ) ;
#12814 = CARTESIAN_POINT ( 'NONE',  ( 39.12398950069049164, 28.87693130457883584, 112.0000000000000000 ) ) ;
#12815 = ORIENTED_EDGE ( 'NONE', *, *, #3122, .T. ) ;
#12816 = ORIENTED_EDGE ( 'NONE', *, *, #13001, .F. ) ;
#12817 = DIRECTION ( 'NONE',  ( 0.000000000000000000, 0.000000000000000000, -1.000000000000000000 ) ) ;
#12818 = CYLINDRICAL_SURFACE ( 'NONE', #9488, 13.09999999999999964 ) ;
#12819 = DIRECTION ( 'NONE',  ( -0.000000000000000000, -0.000000000000000000, 1.000000000000000000 ) ) ;
#12820 = EDGE_CURVE ( 'NONE', #5120, #6742, #5592, .T. ) ;
#12821 = AXIS2_PLACEMENT_3D ( 'NONE', #12760, #2884, #2691 ) ;
#12822 = FACE_BOUND ( 'NONE', #8700, .T. ) ;
#12823 = VERTEX_POINT ( 'NONE', #6641 ) ;
#12824 = CARTESIAN_POINT ( 'NONE',  ( 12.50000000000000000, 114.0000000000000000, 14.20569654897112244 ) ) ;
#12825 = DIRECTION ( 'NONE',  ( -0.000000000000000000, -0.000000000000000000, 1.000000000000000000 ) ) ;
#12826 = ORIENTED_EDGE ( 'NONE', *, *, #4618, .F. ) ;
#12828 = EDGE_LOOP ( 'NONE', ( #6049, #4918 ) ) ;
#12827 = AXIS2_PLACEMENT_3D ( 'NONE', #10776, #725, #6837 ) ;
#12829 = CARTESIAN_POINT ( 'NONE',  ( 4.000000000000000888, 126.4743737317750885, -65.35000000000000853 ) ) ;
#12830 = ORIENTED_EDGE ( 'NONE', *, *, #2444, .T. ) ;
#12831 = DIRECTION ( 'NONE',  ( 0.000000000000000000, 1.000000000000000000, 0.000000000000000000 ) ) ;
#12832 = EDGE_CURVE ( 'NONE', #7189, #5263, #9709, .T. ) ;
#12833 = CYLINDRICAL_SURFACE ( 'NONE', #4332, 6.800000000000000711 ) ;
#12834 = CARTESIAN_POINT ( 'NONE',  ( 45.00000000000000000, 45.00000000000000000, 53.29999999999999005 ) ) ;
#12835 = CONICAL_SURFACE ( 'NONE', #9889, 1.249999999999997558, 1.029744258676652757 ) ;
#12836 = EDGE_CURVE ( 'NONE', #139, #12880, #12679, .T. ) ;
#12837 = FACE_OUTER_BOUND ( 'NONE', #3766, .T. ) ;
#12838 = CARTESIAN_POINT ( 'NONE',  ( 52.00000000000001421, -51.99999999999997868, 10.00000000000000000 ) ) ;
#12839 = VERTEX_POINT ( 'NONE', #7686 ) ;
#12840 = LINE ( 'NONE', #11848, #6456 ) ;
#12841 = CARTESIAN_POINT ( 'NONE',  ( -26.00000000000001066, 114.0000000000000000, -0.4999999999999900080 ) ) ;
#12842 = VERTEX_POINT ( 'NONE', #836 ) ;
#12843 = CARTESIAN_POINT ( 'NONE',  ( -42.42640687119276777, 156.4264068711929383, -77.00000000000000000 ) ) ;
#12844 = ORIENTED_EDGE ( 'NONE', *, *, #12467, .F. ) ;
#12845 = AXIS2_PLACEMENT_3D ( 'NONE', #1795, #1924, #12831 ) ;
#12846 = CIRCLE ( 'NONE', #7808, 34.50000000000000000 ) ;
#12847 = ORIENTED_EDGE ( 'NONE', *, *, #713, .F. ) ;
#12848 = CIRCLE ( 'NONE', #7177, 12.69999999999999929 ) ;
#12849 = EDGE_CURVE ( 'NONE', #9743, #2590, #4767, .T. ) ;
#12850 = DIRECTION ( 'NONE',  ( 0.000000000000000000, 0.000000000000000000, -1.000000000000000000 ) ) ;
#12851 = CARTESIAN_POINT ( 'NONE',  ( -400000.0000000000582, -52.00000000007776180, -67.00000000000000000 ) ) ;
#12852 = DIRECTION ( 'NONE',  ( 1.000000000000000000, 0.000000000000000000, 0.000000000000000000 ) ) ;
#12853 = EDGE_LOOP ( 'NONE', ( #11223, #4933, #9093, #3454 ) ) ;
#12854 = CIRCLE ( 'NONE', #8650, 7.000000000000000000 ) ;
#12855 = EDGE_CURVE ( 'NONE', #10140, #4355, #2675, .T. ) ;
#12856 = CARTESIAN_POINT ( 'NONE',  ( 13.09999999999999964, 114.0000000000000000, -3.150000000000003464 ) ) ;
#12857 = CARTESIAN_POINT ( 'NONE',  ( 32.17016143302159747, 150.9605291273451542, -70.00000000000000000 ) ) ;
#12858 = ORIENTED_EDGE ( 'NONE', *, *, #7367, .T. ) ;
#12859 = ORIENTED_EDGE ( 'NONE', *, *, #6578, .T. ) ;
#12860 = DIRECTION ( 'NONE',  ( -0.000000000000000000, -0.000000000000000000, 1.000000000000000000 ) ) ;
#12861 = ORIENTED_EDGE ( 'NONE', *, *, #12662, .F. ) ;
#12862 = CYLINDRICAL_SURFACE ( 'NONE', #11375, 22.39999999999999858 ) ;
#12863 = ADVANCED_FACE ( 'NONE', ( #4836 ), #6256, .T. ) ;
#12864 = ORIENTED_EDGE ( 'NONE', *, *, #3934, .F. ) ;
#12865 = ORIENTED_EDGE ( 'NONE', *, *, #1394, .F. ) ;
#12866 = LINE ( 'NONE', #1767, #12244 ) ;
#12867 = VECTOR ( 'NONE', #9570, 1000.000000000000000 ) ;
#12868 = EDGE_CURVE ( 'NONE', #6443, #4643, #5881, .T. ) ;
#12869 = CYLINDRICAL_SURFACE ( 'NONE', #6794, 4.250000000000003553 ) ;
#12870 = DIRECTION ( 'NONE',  ( 1.000000000000000000, 0.000000000000000000, 0.000000000000000000 ) ) ;
#12871 = CARTESIAN_POINT ( 'NONE',  ( -29.00000000000001066, 114.0000000000000000, 10.99999999999999645 ) ) ;
#12872 = VECTOR ( 'NONE', #374, 1000.000000000000000 ) ;
#12873 = DIRECTION ( 'NONE',  ( -0.000000000000000000, -1.501203008056852691E-16, 1.000000000000000000 ) ) ;
#12874 = ORIENTED_EDGE ( 'NONE', *, *, #10769, .F. ) ;
#12875 = VERTEX_POINT ( 'NONE', #12871 ) ;
#12876 = CONICAL_SURFACE ( 'NONE', #2782, 3.399999999999993250, 1.029744258676652757 ) ;
#12877 = DIRECTION ( 'NONE',  ( 1.000000000000000000, 0.000000000000000000, 0.000000000000000000 ) ) ;
#12878 = CARTESIAN_POINT ( 'NONE',  ( -45.50000000000007105, 68.49999999999998579, 11.50000000000001066 ) ) ;
#12879 = EDGE_CURVE ( 'NONE', #1243, #2974, #9024, .T. ) ;
#12880 = VERTEX_POINT ( 'NONE', #6576 ) ;
#12881 = LINE ( 'NONE', #1903, #7790 ) ;
#12882 = ADVANCED_FACE ( 'NONE', ( #3788 ), #5684, .T. ) ;
#12883 = DIRECTION ( 'NONE',  ( 0.9907251918498203302, 0.1358808089250893303, 0.000000000000000000 ) ) ;
#12884 = ORIENTED_EDGE ( 'NONE', *, *, #10480, .T. ) ;
#12885 = FACE_OUTER_BOUND ( 'NONE', #5035, .T. ) ;
#12886 = CIRCLE ( 'NONE', #7216, 36.50000000000000711 ) ;
#12887 = DIRECTION ( 'NONE',  ( 0.000000000000000000, 1.000000000000000000, 0.000000000000000000 ) ) ;
#12888 = DIRECTION ( 'NONE',  ( -0.000000000000000000, -0.000000000000000000, 1.000000000000000000 ) ) ;
#12889 = FACE_OUTER_BOUND ( 'NONE', #11789, .T. ) ;
#12890 = DIRECTION ( 'NONE',  ( -1.000000000000000000, 0.000000000000000000, -0.000000000000000000 ) ) ;
#12891 = VERTEX_POINT ( 'NONE', #7873 ) ;
#12892 = ORIENTED_EDGE ( 'NONE', *, *, #1669, .T. ) ;
#12893 = VECTOR ( 'NONE', #5316, 1000.000000000000000 ) ;
#12894 = CARTESIAN_POINT ( 'NONE',  ( -45.50000000000007105, 68.49999999999998579, 158.5782104868018791 ) ) ;
#12895 = ORIENTED_EDGE ( 'NONE', *, *, #11040, .F. ) ;
#12896 = VERTEX_POINT ( 'NONE', #586 ) ;
#12897 = CARTESIAN_POINT ( 'NONE',  ( 33.43424615471844419, 156.1535714285714107, 6.499999999999996447 ) ) ;
#12898 = DIRECTION ( 'NONE',  ( -1.000000000000000000, 0.000000000000000000, 0.000000000000000000 ) ) ;
#12899 = DIRECTION ( 'NONE',  ( -1.000000000000000000, 0.000000000000000000, 0.000000000000000000 ) ) ;
#12900 = AXIS2_PLACEMENT_3D ( 'NONE', #10384, #3474, #1389 ) ;
#12901 = DIRECTION ( 'NONE',  ( -1.000000000000000000, 0.000000000000000000, 0.000000000000000000 ) ) ;
#12902 = DIRECTION ( 'NONE',  ( -1.000000000000000000, -2.440127389430786319E-16, 0.000000000000000000 ) ) ;
#12903 = VERTEX_POINT ( 'NONE', #4586 ) ;
#12904 = PLANE ( 'NONE',  #1872 ) ;
#12905 = FACE_OUTER_BOUND ( 'NONE', #8107, .T. ) ;
#12906 = VERTEX_POINT ( 'NONE', #2146 ) ;
#12907 = CARTESIAN_POINT ( 'NONE',  ( -35.75089393306191710, -29.33956106112635354, 112.0000000000000000 ) ) ;
#12908 = ORIENTED_EDGE ( 'NONE', *, *, #463, .T. ) ;
#12909 = ORIENTED_EDGE ( 'NONE', *, *, #12479, .F. ) ;
#12910 = ADVANCED_FACE ( 'NONE', ( #7022, #2931 ), #1166, .T. ) ;
#12911 = CARTESIAN_POINT ( 'NONE',  ( 0.000000000000000000, 114.0000000000000000, -21.09556051177057867 ) ) ;
#12912 = DIRECTION ( 'NONE',  ( -0.000000000000000000, -0.000000000000000000, 1.000000000000000000 ) ) ;
#12913 = FACE_OUTER_BOUND ( 'NONE', #9567, .T. ) ;
#12914 = EDGE_LOOP ( 'NONE', ( #832, #4172, #8929, #12318 ) ) ;
#12915 = ADVANCED_FACE ( 'NONE', ( #1034 ), #11026, .T. ) ;
#12916 = AXIS2_PLACEMENT_3D ( 'NONE', #5862, #12696, #2885 ) ;
#12917 = DIRECTION ( 'NONE',  ( -1.000000000000000000, 0.000000000000000000, -0.000000000000000000 ) ) ;
#12918 = EDGE_CURVE ( 'NONE', #1019, #3303, #9864, .T. ) ;
#12919 = FACE_OUTER_BOUND ( 'NONE', #6409, .T. ) ;
#12920 = ORIENTED_EDGE ( 'NONE', *, *, #9292, .F. ) ;
#12921 = VERTEX_POINT ( 'NONE', #1963 ) ;
#12922 = DIRECTION ( 'NONE',  ( 0.000000000000000000, 0.000000000000000000, 1.000000000000000000 ) ) ;
#12923 = ORIENTED_EDGE ( 'NONE', *, *, #11561, .F. ) ;
#12924 = CYLINDRICAL_SURFACE ( 'NONE', #1941, 3.400000000000000355 ) ;
#12925 = ORIENTED_EDGE ( 'NONE', *, *, #10613, .T. ) ;
#12926 = CARTESIAN_POINT ( 'NONE',  ( -42.42640687119281040, -46.67640687119281750, 10.00099999999999945 ) ) ;
#12927 = DIRECTION ( 'NONE',  ( -1.000000000000000000, 0.000000000000000000, 0.000000000000000000 ) ) ;
#12928 = CARTESIAN_POINT ( 'NONE',  ( -38.19999999999998153, -22.14000000000005386, 19.59999999999999076 ) ) ;
#12929 = EDGE_CURVE ( 'NONE', #3705, #455, #6890, .T. ) ;
#12930 = DIRECTION ( 'NONE',  ( 1.000000000000000000, 0.000000000000000000, 0.000000000000000000 ) ) ;
#12931 = VECTOR ( 'NONE', #5442, 1000.000000000000000 ) ;
#12932 = DIRECTION ( 'NONE',  ( -0.000000000000000000, -0.000000000000000000, 1.000000000000000000 ) ) ;
#12933 = EDGE_CURVE ( 'NONE', #5003, #6058, #5045, .T. ) ;
#12934 = EDGE_LOOP ( 'NONE', ( #6918, #3400 ) ) ;
#12935 = ORIENTED_EDGE ( 'NONE', *, *, #7822, .F. ) ;
#12936 = CARTESIAN_POINT ( 'NONE',  ( -39.12398950069062664, 28.87693130457875412, 10.00000000000000000 ) ) ;
#12937 = LINE ( 'NONE', #3862, #6493 ) ;
#12938 = CARTESIAN_POINT ( 'NONE',  ( -33.46499999999999631, 114.0000000000000000, -14.50000000000000355 ) ) ;
#12939 = EDGE_LOOP ( 'NONE', ( #1852, #6404, #10236, #6522 ) ) ;
#12940 = DIRECTION ( 'NONE',  ( 1.541976423090495633E-16, 0.000000000000000000, -1.000000000000000000 ) ) ;
#12941 = LINE ( 'NONE', #10777, #269 ) ;
#12942 = CIRCLE ( 'NONE', #1619, 7.000000000000000000 ) ;
#12943 = ORIENTED_EDGE ( 'NONE', *, *, #536, .F. ) ;
#12944 = DIRECTION ( 'NONE',  ( 1.000000000000000000, 0.000000000000000000, 0.000000000000000000 ) ) ;
#12945 = VECTOR ( 'NONE', #7592, 1000.000000000000114 ) ;
#12946 = DIRECTION ( 'NONE',  ( -0.000000000000000000, -0.000000000000000000, -1.000000000000000000 ) ) ;
#12947 = ADVANCED_FACE ( 'NONE', ( #4051 ), #8377, .F. ) ;
#12948 = DIRECTION ( 'NONE',  ( -0.000000000000000000, -0.000000000000000000, 1.000000000000000000 ) ) ;
#12949 = VECTOR ( 'NONE', #2431, 1000.000000000000000 ) ;
#12950 = LINE ( 'NONE', #3937, #5789 ) ;
#12951 = VECTOR ( 'NONE', #7839, 1000.000000000000000 ) ;
#12952 = FACE_OUTER_BOUND ( 'NONE', #5801, .T. ) ;
#12953 = ORIENTED_EDGE ( 'NONE', *, *, #4945, .T. ) ;
#12954 = ORIENTED_EDGE ( 'NONE', *, *, #12062, .T. ) ;
#12955 = DIRECTION ( 'NONE',  ( 0.000000000000000000, 0.000000000000000000, -1.000000000000000000 ) ) ;
#12956 = AXIS2_PLACEMENT_3D ( 'NONE', #7926, #7990, #12001 ) ;
#12957 = ORIENTED_EDGE ( 'NONE', *, *, #6783, .T. ) ;
#12958 = EDGE_LOOP ( 'NONE', ( #142, #9396, #1652, #8436 ) ) ;
#12959 = CARTESIAN_POINT ( 'NONE',  ( 42.42640687119307330, 71.57359312880737434, -77.00000000000000000 ) ) ;
#12960 = AXIS2_PLACEMENT_3D ( 'NONE', #12756, #12629, #3869 ) ;
#12961 = CIRCLE ( 'NONE', #12331, 47.00000000000000000 ) ;
#12962 = LINE ( 'NONE', #10994, #11896 ) ;
#12963 = CARTESIAN_POINT ( 'NONE',  ( 19.90000000000000213, 114.0000000000000000, 14.20569654897112244 ) ) ;
#12964 = FACE_OUTER_BOUND ( 'NONE', #8463, .T. ) ;
#12965 = CARTESIAN_POINT ( 'NONE',  ( 0.000000000000000000, 114.0000000000000000, -8.500000000000003553 ) ) ;
#12966 = AXIS2_PLACEMENT_3D ( 'NONE', #6829, #5781, #10643 ) ;
#12967 = ORIENTED_EDGE ( 'NONE', *, *, #11080, .F. ) ;
#12968 = CARTESIAN_POINT ( 'NONE',  ( 0.000000000000000000, 114.0000000000000000, 0.4999999999999952260 ) ) ;
#12969 = CARTESIAN_POINT ( 'NONE',  ( -51.50000000000000711, -11.44173849835794421, 50.60797718660818134 ) ) ;
#12970 = EDGE_LOOP ( 'NONE', ( #12156, #924 ) ) ;
#12971 = CARTESIAN_POINT ( 'NONE',  ( 29.33956106112633577, 35.75089393306183894, 112.0000000000000000 ) ) ;
#12972 = VERTEX_POINT ( 'NONE', #9116 ) ;
#12973 = DIRECTION ( 'NONE',  ( 0.000000000000000000, 0.000000000000000000, -1.000000000000000000 ) ) ;
#12974 = AXIS2_PLACEMENT_3D ( 'NONE', #2294, #3155, #1260 ) ;
#12975 = DIRECTION ( 'NONE',  ( -1.334402673828313339E-16, 1.000000000000000000, 0.000000000000000000 ) ) ;
#12976 = CARTESIAN_POINT ( 'NONE',  ( 45.00000000000000000, -45.00000000000000000, 112.0000000000000000 ) ) ;
#12977 = ORIENTED_EDGE ( 'NONE', *, *, #1632, .F. ) ;
#12978 = ORIENTED_EDGE ( 'NONE', *, *, #11971, .T. ) ;
#12979 = DIRECTION ( 'NONE',  ( -0.000000000000000000, -0.000000000000000000, -1.000000000000000000 ) ) ;
#12980 = DIRECTION ( 'NONE',  ( -1.000000000000000000, -0.000000000000000000, 0.000000000000000000 ) ) ;
#12981 = EDGE_CURVE ( 'NONE', #11073, #8973, #3133, .T. ) ;
#12982 = VERTEX_POINT ( 'NONE', #9049 ) ;
#12983 = EDGE_CURVE ( 'NONE', #4435, #4953, #12809, .T. ) ;
#12984 = VERTEX_POINT ( 'NONE', #3003 ) ;
#12985 = VECTOR ( 'NONE', #7879, 1000.000000000000000 ) ;
#12986 = CARTESIAN_POINT ( 'NONE',  ( 0.000000000000000000, 114.0000000000000000, -21.09556051177057867 ) ) ;
#12987 = AXIS2_PLACEMENT_3D ( 'NONE', #974, #6535, #1665 ) ;
#12988 = ORIENTED_EDGE ( 'NONE', *, *, #5410, .T. ) ;
#12989 = DIRECTION ( 'NONE',  ( 0.000000000000000000, -1.000000000000000000, 0.000000000000000000 ) ) ;
#12990 = EDGE_LOOP ( 'NONE', ( #9955, #2459, #9730, #11081 ) ) ;
#12991 = VERTEX_POINT ( 'NONE', #967 ) ;
#12992 = DIRECTION ( 'NONE',  ( 1.000000000000000000, 0.000000000000000000, 0.000000000000000000 ) ) ;
#12993 = DIRECTION ( 'NONE',  ( 0.000000000000000000, 0.000000000000000000, 1.000000000000000000 ) ) ;
#12994 = ORIENTED_EDGE ( 'NONE', *, *, #503, .T. ) ;
#12995 = EDGE_CURVE ( 'NONE', #11936, #6637, #10893, .T. ) ;
#12996 = DIRECTION ( 'NONE',  ( 0.000000000000000000, 0.000000000000000000, -1.000000000000000000 ) ) ;
#12997 = EDGE_CURVE ( 'NONE', #10078, #8902, #3982, .T. ) ;
#12998 = CARTESIAN_POINT ( 'NONE',  ( 24.50000000000000000, 114.0000000000000000, -36.50000000000000711 ) ) ;
#12999 = VECTOR ( 'NONE', #1380, 1000.000000000000000 ) ;
#13000 = DIRECTION ( 'NONE',  ( 0.000000000000000000, 0.000000000000000000, -1.000000000000000000 ) ) ;
#13001 = EDGE_CURVE ( 'NONE', #5518, #810, #4193, .T. ) ;
#13002 = EDGE_LOOP ( 'NONE', ( #1947, #4980, #806, #4760 ) ) ;
#13003 = CARTESIAN_POINT ( 'NONE',  ( -33.46500000000000341, 114.0000000000000000, -2.500000000000005773 ) ) ;
#13004 = DIRECTION ( 'NONE',  ( 0.1358808089250893303, -0.9907251918498203302, 2.095250037129523612E-17 ) ) ;
#13005 = DIRECTION ( 'NONE',  ( 0.000000000000000000, 0.000000000000000000, -1.000000000000000000 ) ) ;
#13006 = AXIS2_PLACEMENT_3D ( 'NONE', #12568, #609, #12765 ) ;
#13007 = CARTESIAN_POINT ( 'NONE',  ( 51.99999999999993605, 165.9999999999999716, -72.00000000000001421 ) ) ;
#13008 = VECTOR ( 'NONE', #4939, 1000.000000000000000 ) ;
#13009 = DIRECTION ( 'NONE',  ( 1.000000000000000000, 0.000000000000000000, -0.000000000000000000 ) ) ;
#13010 = CARTESIAN_POINT ( 'NONE',  ( 7.372373730867057378E-16, -6.019999999999993356, -2.000000000000001776 ) ) ;
#13011 = EDGE_CURVE ( 'NONE', #4523, #8973, #1485, .T. ) ;
#13012 = FACE_OUTER_BOUND ( 'NONE', #4034, .T. ) ;
#13013 = AXIS2_PLACEMENT_3D ( 'NONE', #5339, #10651, #12688 ) ;
#13014 = DIRECTION ( 'NONE',  ( 1.000000000000000000, 0.000000000000000000, 0.000000000000000000 ) ) ;
#13015 = ORIENTED_EDGE ( 'NONE', *, *, #8644, .T. ) ;
#13016 = CARTESIAN_POINT ( 'NONE',  ( -22.13999999999997925, -38.20000000000001705, 112.0000000000000000 ) ) ;
ENDSEC;
END-ISO-10303-21;
